Thuc_Te,Du_Doan
4050.0,2175.823008414416
8300.0,5956.557575840254
13500.0,14244.451603323523
12499.0,9339.711201716666
11500.0,9660.911239418525
2900.0,224.20012614453026
4860.0,5080.769456167947
6650.0,7105.030171266259
29000.0,30792.30940803501
7200.0,16631.74829563315
12000.0,15934.241504666923
9400.0,9741.621775916137
7500.0,7662.393824692514
13780.0,17722.895836176074
4190.0,5611.077357377926
4600.0,7038.703782114953
22900.0,21282.658044185577
5300.0,5606.239924111627
9800.0,16712.15035365737
8980.0,19244.137353153114
3140.0,0.0
5800.0,4947.68153234995
18500.0,17979.991056736315
39500.0,75522.16626754102
11900.0,13823.59991696828
25000.0,28088.421594502735
2850.0,2.0250964005808783
16800.0,38817.59990553613
3000.0,0.0
4200.0,5177.263618580313
25500.0,25471.66800468398
8450.0,9217.033531390636
15000.0,31489.80037482188
5980.0,2955.392284660511
22000.0,12988.87199741706
4750.0,4746.725142131814
12000.0,22230.27020340723
3950.0,700.8576228370212
28500.0,34479.81377050975
4000.0,0.0
19500.0,75645.14440613684
4200.0,6281.191822389634
2800.0,0.0
4550.0,9478.642843736186
13500.0,19706.366179822475
5300.0,6853.07015121889
8700.0,11676.119479663277
2300.0,11083.429265945757
3000.0,0.0
24300.0,35894.53836334581
3550.0,1821.7908980132506
63000.0,37272.552361096095
7800.0,11472.62344453338
10900.0,11709.219011542908
24500.0,20547.424594183354
13800.0,17474.82753091977
5960.0,24228.866365298967
159000.0,84382.70454124585
9700.0,9709.970145275121
3190.0,0.0
48000.0,44858.78060765103
5600.0,7761.760693740693
14500.0,22420.786668998273
3350.0,0.0
7500.0,4887.908156358379
7100.0,2006.890900017901
12000.0,9473.592011585202
6800.0,8502.29255475417
30800.0,24571.574017452218
6490.0,4359.223632140998
5200.0,6644.247826703409
21500.0,20072.418956681955
6000.0,12110.619196990396
12800.0,8979.413301350367
15300.0,21869.336831091357
9900.0,22218.971838694353
3980.0,1055.2814305323482
12500.0,14223.884031456993
20.0,21234.783931956645
2850.0,0.0
2700.0,3994.407859551171
9700.0,435.17940835808804
13500.0,26249.814346394425
17500.0,17554.23959004512
12500.0,5897.551582186406
19999.0,18160.985791082818
9500.0,9498.730421384706
34300.0,24237.005702079165
11700.0,12054.72143721989
5450.0,6491.621435059058
10300.0,17968.170804399833
4320.0,4376.866938970554
13500.0,24054.97937115034
6700.0,6234.504324916223
7000.0,3253.0318213951723
130000.0,81998.84479928743
6380.0,3426.0386130385923
22000.0,29623.700354210396
7700.0,9704.043477528972
23000.0,11470.948258402907
4850.0,0.0
7900.0,5261.201169199681
5500.0,30682.39129999113
8500.0,8332.542420485053
72000.0,50165.463205514316
10200.0,14807.491910512912
25000.0,39270.61379926716
10900.0,15136.246640013982
3750.0,5515.056287500196
10500.0,11174.4567087162
4750.0,6640.320526936002
4500.0,4715.544146345157
5100.0,3969.4833465240554
20500.0,27344.49343953244
4000.0,3613.1628323198966
5000.0,4278.058278068638
6700.0,10679.703810592662
8850.0,11197.741306027609
4980.0,3003.8928142751465
6600.0,13631.626978513195
5000.0,5597.691719411301
40000.0,77928.33177652003
13600.0,13939.6806321146
6800.0,3108.9989299400077
10600.0,7180.453794217456
14000.0,23479.894828297904
47000.0,38443.69919172964
6100.0,11647.971861188005
6000.0,10937.480804177769
11000.0,20897.86291734881
4800.0,0.0
21700.0,14645.592101673668
5600.0,3604.3013182480827
3550.0,7346.050514517898
370.0,0.0
7200.0,13007.864083085555
24900.0,31116.41094091599
9050.0,20387.11223223259
7950.0,12098.03617513386
5900.0,7737.86821119886
20000.0,0.0
79000.0,39387.57819135813
9500.0,16741.181181695083
46000.0,39199.81737525125
11800.0,5857.6670056565545
3900.0,0.0
5900.0,0.0
110000.0,56098.66625873034
6500.0,8501.615342053828
6800.0,4626.52155021736
16500.0,71711.37757620992
31800.0,26786.156713661312
16500.0,17582.69186775676
18000.0,13184.428338958918
13800.0,29761.078801279215
4500.0,3714.5314139487928
8900.0,8330.459790665103
15800.0,21505.69445225486
2450.0,0.0
9100.0,21797.98309265864
16800.0,11873.399869428107
14000.0,20012.686292828577
12500.0,18228.523191784145
1650.0,1525.9220624352529
13600.0,17834.40834879583
10000.0,20244.881579464232
10800.0,17636.706135452965
5200.0,7493.987401553877
300000.0,82683.0179251053
5400.0,21439.906632740178
98000.0,44481.2714438712
3470.0,6747.926601732775
6500.0,13753.92488290666
10600.0,11470.948258402907
1900.0,0.0
28000.0,30473.886858388225
13000.0,9944.264358587265
9800.0,12285.329026711679
3000.0,9753.293225660109
26800.0,21061.230358546523
15000.0,12825.854676874918
8800.0,0.0
300.0,22913.30102763647
115000.0,41995.9653187293
9420.0,0.0
12800.0,15433.95087348159
19000.0,19397.710627885608
16500.0,17420.249568799874
8500.0,3495.106480411905
6600.0,5101.037964357267
11700.0,5696.007160731529
7000.0,5520.41112510741
8900.0,14265.54931289874
11000.0,17342.998055184424
3650.0,6733.981478733549
15000.0,21146.02098901608
2160.0,0.0
23300.0,22074.48466553882
6300.0,7958.571520527286
12950.0,9160.782012304157
5.8,6044.828297395554
4500.0,2915.9292918385436
17000.0,12641.372747000602
4200.0,5704.649459940982
10000.0,7613.004597736959
95000.0,53956.11673321122
2999.0,0.0
19600.0,34013.14183298859
5800.0,1065.445503940151
7100.0,6213.142303655441
4600.0,6312.134764945702
3400.0,0.0
18900.0,16998.002341387783
11000.0,34568.05848375696
2950.0,0.0
19990.0,30182.662103758226
8800.0,8997.88072950982
10500.0,12210.173129548046
12500.0,18984.83270143503
13000.0,15189.876756584134
6050.0,2254.7128922093507
2950.0,6478.9222760031225
10500.0,19658.431968263176
6.6,6357.138157199028
6900.0,8844.371465038555
6200.0,2934.4982658435183
11500.0,6673.069777493387
8500.0,25949.314938376145
6400.0,5194.533759253358
7300.0,774.5080103674163
3350.0,1505.3171994095537
2150.0,6559.318927899929
8600.0,17297.789365664863
3050.0,2507.8813433956566
5380.0,2928.282764939413
35000.0,22737.247321509964
24500.0,13867.5334485834
13000.0,18527.611245678952
3250.0,2637.2797355793646
13500.0,22775.329880308575
4750.0,12198.18076301067
1556.0,0.0
12000.0,8142.90566514903
4000.0,20960.953221446714
8860.0,16377.652474099272
4850.0,6322.003193636989
14000.0,10761.4706677041
7900.0,15946.938526719587
40000.0,33570.37646493409
5000.0,1521.4280458762369
3600.0,0.0
3900.0,4449.240999179512
28000.0,23157.210183916486
10000.0,13753.92488290666
11000.0,18468.24464110332
4800.0,0.0
6000.0,10810.449887533458
5500.0,4299.061360823191
6100.0,9317.239908621672
4300.0,0.0
9200.0,20033.040764797308
9600.0,8681.598168988121
3400.0,0.0
5600.0,0.0
12000.0,9078.928856809212
13600.0,8414.721212483057
4950.0,4935.507666008027
22900.0,21776.21795457249
6800.0,6334.719953927786
2500.0,0.0
7700.0,5081.705612342259
15200.0,19658.051820597117
16500.0,13177.885470140896
25000.0,33986.38731293171
8200.0,3758.6865986686844
6900.0,7736.928128942378
7800.0,5971.833976451322
5680.0,6732.352418491115
5380.0,961.5366613079223
2900.0,0.0
7600.0,8401.157062077666
13900.0,23574.414415141637
45000.0,73118.47877529904
66000.0,6357.138157199028
58800.0,30140.56577078001
5600.0,7662.393824692514
16000.0,14906.778706978952
2980.0,22185.96743256128
11300.0,7576.351730859937
2400.0,0.0
18500.0,20904.119480856374
10300.0,8248.415657046053
5800.0,2112.179718605883
16000.0,24798.934659065693
10200.0,21285.74258007375
23900.0,37694.83253793813
3850.0,15200.441049583544
9700.0,14169.46384660001
7900.0,8926.780327129907
11700.0,22522.23013856175
5900.0,6544.972013389621
9300.0,26665.7742182893
6100.0,3108.9989299400077
6500.0,10136.996356497464
17000.0,12682.166618158208
3950.0,1621.5722007716358
16000.0,37811.74195451899
1580.0,2045.3168573169678
3600.0,5294.797986144251
22600.0,15844.316322193863
8900.0,19875.07478867634
8450.0,9515.346798826009
28500.0,56631.023490961816
12000.0,30568.351533987978
15500.0,11096.941978678806
29300.0,39959.102227376294
7900.0,8968.940567200514
5900.0,319.5604533348933
15300.0,37754.616498533214
10500.0,5314.528870216533
6800.0,4719.433991995807
37000.0,26305.667562092985
132.0,20019.50404395512
12850.0,17024.41773705447
6900.0,10679.752060304923
11000.0,18313.34225092651
3700.0,8285.28026741288
8000.0,7782.188419476166
6100.0,9424.219292304395
13900.0,20138.10865233237
8900.0,17521.597212677636
11500.0,11811.02945799458
6000.0,9757.155244758302
2980.0,3981.9410455936704
15000.0,41036.76279095821
11850.0,16785.203495835813
7000.0,32667.115617067113
8500.0,14645.592101673668
6500.0,7372.290119661549
5800.0,4959.570802037591
4000.0,3455.8797622121747
6800.0,11348.049668765882
798.0,0.0
5800.0,7576.190722166233
6950.0,5002.84015097444
8550.0,7935.537369167019
7500.0,7254.379411581722
6000.0,7981.470411942999
3980.0,0.0
14000.0,10690.325158408366
4800.0,1189.114513669716
18000.0,10878.438203869086
4850.0,0.0
18500.0,11698.571088503351
3990.0,0.0
5500.0,6864.703949680665
5450.0,9783.930102416089
6500.0,25406.956550465828
6800.0,10857.370529922857
3800.0,0.0
8250.0,9033.74777503926
15500.0,10636.427008903174
13500.0,9874.259160792502
15300.0,8973.500816170841
5950.0,5425.493399045437
12000.0,13195.768474018285
9800.0,21491.884859526206
32000.0,23723.232398117038
2800.0,12586.558837748744
12800.0,9874.259160792502
8900.0,16230.278343656631
6800.0,4865.016557556824
3680.0,0.0
6900.0,0.0
8200.0,9778.86854382102
5800.0,8177.10655571214
14750.0,14589.421432154788
7000.0,7916.98993794078
2350.0,0.0
3000.0,0.0
18500.0,15750.832363727328
17000.0,13663.031611564358
20000.0,12004.392448920062
8000.0,17164.193580115778
9200.0,9502.86244038428
4600.0,9296.023671933497
16800.0,18340.629306726183
2650.0,0.0
13950.0,25589.316033051833
150000.0,44881.78418567938
5800.0,11569.22396506124
6300.0,2971.6521836339452
6600.0,19749.590829192395
2350.0,7879.127268478835
35000.0,30698.16087272244
6800.0,4037.3861951904873
15500.0,18355.44448300144
22000.0,60133.41037366474
1550.0,2386.9163703081576
13900.0,50868.61466625822
400.0,5222.39979808669
6280.0,7009.493742411625
23500.0,15532.296137412268
11000.0,0.0
11000.0,21668.236859350047
19800.0,20892.297525851864
13800.0,13234.049515353207
6000.0,12977.103385099734
9500.0,17869.774073741475
7000.0,9656.38001375757
16400.0,22364.684590975572
17900.0,19286.29513685213
13200.0,23008.969584197883
3600.0,5806.184406064978
14800.0,13146.891139775329
6800.0,6153.174433940258
2880.0,0.0
7900.0,19453.63625983287
4850.0,2071.4671344963554
7300.0,4407.750536897678
7300.0,14634.020260593472
9000.0,5019.661966142441
1300.0,8996.745442520858
6600.0,6948.94811144429
13300.0,24624.032153396864
7350.0,29264.51893704965
8480.0,7564.432519209047
5800.0,1866.1477118720832
7500.0,11115.006819010454
8900.0,3038.406082825415
5200.0,5835.7009155561245
19600.0,24414.013594141383
42000.0,33684.272462039706
1000.0,10195.44194069727
22000.0,9457.085960709457
120.0,46532.245571460444
8000.0,17517.649648919887
7500.0,52151.767011391115
11000.0,21362.192107872583
19200.0,17098.506597884138
26500.0,12880.101918254215
7800.0,2315.414053129047
49900.0,55082.88741724077
28500.0,23754.617349880213
17500.0,24725.607204862878
4700.0,2789.3781905459837
5000.0,5440.564791941284
8500.0,8482.98892876348
23000.0,33606.99948838299
23500.0,34307.87869226391
5750.0,11676.119479663277
6500.0,12290.553221806364
11900.0,18165.930220954913
14000.0,12553.849315009742
6300.0,15535.487343928799
10700.0,19206.17100613747
2450.0,7190.69766861049
12800.0,25253.77785494534
4450.0,97.64141303534325
17900.0,7719.984891658625
2800.0,0.0
7650.0,13516.48991643366
8300.0,3951.9448324750865
6500.0,3855.9712424403588
5840.0,3792.4993560453804
58300.0,36179.298107878145
1300.0,0.0
8800.0,15851.782905813954
10900.0,26993.008198985557
3950.0,3680.55906566462
2200.0,2719.380529748556
5690.0,10450.10427735007
4400.0,31832.255177140938
3388.0,0.0
42000.0,32184.072160947264
7300.0,14207.75507342863
5700.0,3133.4648969783775
35000.0,25700.781701956217
4350.0,7663.164711754278
125000.0,69533.39519525885
6000.0,15737.665568849483
3800.0,0.0
12980.0,20300.995366303672
7600.0,9237.9062694807
14700.0,9769.037687564207
31000.0,28085.221467143343
18000.0,17524.345044451115
3550.0,2294.5391610519655
23400.0,31920.104185474167
2480.0,22765.882025197967
6350.0,11790.965516679662
13600.0,15246.348408610484
18300.0,12898.86016533
7700.0,14706.14578032574
99000.0,46686.341117933465
36500.0,49622.4519673037
20000.0,38663.244291955765
28000.0,74844.12523605874
9000.0,14645.827945614721
73000.0,30120.2585878074
10500.0,16352.78127576764
5860.0,1256.9240809486
4850.0,20878.784295484085
5900.0,20758.901028524644
4600.0,4201.620732528849
4600.0,0.0
5100.0,10111.311745046343
10000.0,9545.33044807806
3850.0,10077.409013178996
6000.0,1359.4824211184314
12800.0,17086.674687116505
6800.0,6357.138157199028
17000.0,17487.241981516185
7400.0,14645.592101673668
5600.0,5151.1563752371585
14000.0,10384.603928437624
7000.0,3351.4037310518434
5390.0,4795.749503045659
4280.0,0.0
14800.0,17764.755165201266
29000.0,32385.434199700507
6900.0,11964.871542074849
16500.0,12174.303529119024
8950.0,16597.84370563506
86000.0,53114.42305944594
230000.0,110005.59717872851
28000.0,27732.154636241557
4850.0,608.8992524217892
5400.0,5763.683452827074
17500.0,22615.761209417575
9900.0,16242.308447812335
3600.0,0.0
1000.0,0.0
29000.0,17085.90783759232
15500.0,8624.745034260908
3000.0,0.0
27500.0,47246.071772872674
11000.0,10724.887458581801
3200.0,561.0925944139626
7500.0,5027.806163453857
24200.0,21274.57681358507
8900.0,31870.02065562781
12500.0,13260.170627533626
7600.0,14182.572063285494
18800.0,15189.070414306949
1150.0,12868.34002717469
12000.0,22237.94565934731
62000.0,43979.04179370607
8900.0,14958.97403586742
14200.0,24831.625547157677
10000.0,12487.988715532105
16960.0,16226.778784365993
8900.0,9715.001367021614
30000.0,39727.1886788377
4300.0,6021.7802004673995
3550.0,5965.792322763391
16980.0,21253.594470042724
8200.0,17730.4965440497
54000.0,42087.75167609201
15500.0,11727.652166957265
13500.0,15250.314131662206
5700.0,13209.909169527844
51000.0,55947.99016131573
5200.0,3507.5656918610584
9000.0,11823.713044918648
5900.0,5425.493399045437
20800.0,10986.478254385307
10000.0,12278.125195010161
6800.0,10039.576516281904
14000.0,36382.57347077633
14480.0,13800.960296551406
4400.0,3613.1628323198966
7500.0,7095.133170482826
9800.0,14472.439100370175
5350.0,9109.867269302576
30000.0,20308.714147082752
3100.0,4571.451782411328
5000.0,5387.965116989886
6000.0,6916.333024871412
14600.0,15593.786237950117
7500.0,7286.867676516722
9700.0,13209.909169527844
12500.0,19035.69712516141
10000.0,17255.77873722138
10900.0,18989.402888780984
5200.0,1552.2112448391708
5280.0,5481.295102610906
19500.0,27243.376287804404
21000.0,25739.284702875037
5350.0,8250.90096696424
7500.0,9585.066311765204
19700.0,15293.08189619361
91000.0,59740.22128431912
7500.0,9002.607746489375
7800.0,3157.5134630613375
4600.0,0.0
5200.0,5993.337132339213
8900.0,10800.394549537603
8500.0,4172.099412859694
12700.0,12141.659313964286
4200.0,0.0
11700.0,9002.607746489375
8100.0,19309.332851726835
39000.0,16402.70161265238
6200.0,20758.747092649675
3550.0,0.0
19000.0,63957.934351615215
4900.0,0.0
3500.0,24234.59234964858
15900.0,15473.036781057304
7700.0,10816.505530667655
11500.0,26789.58179589264
7300.0,13455.656017229008
15900.0,12174.303529119024
10800.0,18940.74013942113
9600.0,2373.4169290987156
2000.0,4348.7342878497475
9000.0,13303.15105763678
3860.0,5745.560635237953
5290.0,2756.9778544373858
6100.0,7753.21134357602
7800.0,12304.89277774635
11400.0,15350.98313558429
2950.0,66.72289746529168
13400.0,15198.600999256978
5950.0,3779.6821465938265
8800.0,7831.625791660381
4200.0,8698.659921085624
31500.0,25985.021498716396
26000.0,21802.84136442745
8500.0,12106.081510606087
7050.0,12250.40138407933
80000.0,53637.479586811925
6900.0,7698.438576928274
1300.0,0.0
14800.0,24117.31529673657
13600.0,24630.143701458906
9100.0,8410.563481108979
10200.0,10724.887458581801
5200.0,8322.251521987335
14000.0,23198.244358078773
13500.0,11323.653934497106
6490.0,3574.361682638568
16000.0,29898.363475766917
8000.0,6747.926601732775
12200.0,9874.259160792502
1150.0,14981.599886857846
50.0,20150.691949106687
58000.0,0.0
9500.0,7599.1309510399915
8800.0,14793.397376835095
9000.0,20638.678527323125
6100.0,15164.593073853663
11900.0,16027.572687614556
11000.0,7935.537369167019
3200.0,395.8051594454255
5900.0,8396.30842155614
15000.0,13599.917004107276
22500.0,14951.744296880996
3200.0,0.0
5200.0,522.2296246013411
6000.0,10061.46876519893
48800.0,32488.752225609827
6700.0,1439.9316455723092
8000.0,12171.825410234862
24500.0,36726.9684466676
3300.0,7587.512082739686
170000.0,44480.75605332419
11700.0,17589.676978395953
6500.0,1855.4933690820362
24000.0,18248.715261446
116000.0,13234.049515353207
13200.0,36011.784829628756
1800.0,12179.501893607954
9200.0,8589.055625225046
8990.0,6322.003193636989
7800.0,6211.177184371943
7500.0,8363.190389709162
8900.0,16692.06277600885
29600.0,26125.791100714738
7900.0,17585.891503530915
25000.0,29756.37669832494
5800.0,5546.0201475020185
14700.0,17690.092041056025
4120.0,1531.3704917957966
35000.0,33262.13331880621
7000.0,3254.026862992163
4900.0,12080.032773573876
3100.0,7632.600483812286
1970.0,7311.603200982001
14500.0,14145.553007320032
5800.0,5238.054234998095
650.0,4946.062087563694
6000.0,11334.97953744519
9000.0,11472.62344453338
5790.0,5877.492383772935
1.1,0.0
125000.0,125159.26390454896
42000.0,22051.56925638077
2850.0,5640.436272013514
7900.0,18258.24807241132
5000.0,3556.8493201341225
5450.0,6040.858785965349
14700.0,12979.142698236206
5500.0,6229.293504748119
700.0,20387.11223223259
8200.0,15465.239861961378
6500.0,9800.208983793913
89000.0,33917.901147408775
2950.0,0.0
8000.0,8295.113353879706
6100.0,185.10930886743427
7900.0,4108.487794545126
4300.0,0.0
120.0,76622.54521232571
28000.0,18912.371168442074
2500.0,0.0
5800.0,11829.490065766855
3600.0,0.0
7500.0,4957.242238038949
150000.0,43414.4458992938
21000.0,22733.8340284768
5500.0,9675.274162880934
5290.0,3589.5840127000592
3350.0,6916.333024871412
31000.0,37916.308938406466
3450.0,0.0
7800.0,7103.1989570201295
4000.0,10402.744949505348
4900.0,5249.629721231795
10500.0,15339.932025916063
23200.0,15472.231914816512
23000.0,30539.270366087334
5350.0,4910.1785380203055
159000.0,15286.89551692877
53000.0,49411.03829606765
7400.0,5589.796557969961
3250.0,17741.300969862452
14000.0,15084.331484809401
7200.0,6171.554198866539
12000.0,14430.958283339442
17300.0,10717.018576714301
3000.0,5959.595642517201
4500.0,1812.300564017838
41300.0,32492.86008065663
2850.0,0.0
9200.0,21875.905041490263
8400.0,13546.843036862094
4200.0,0.0
3630.0,843.9432028461188
7450.0,7656.473646121274
14700.0,24998.907304165823
5200.0,14052.455831015453
6900.0,7493.987401553877
4550.0,0.0
4300.0,0.0
41000.0,68691.31802083744
11500.0,10931.323703658956
14800.0,9465.46447491278
7500.0,11197.741306027609
10500.0,10139.681679176003
48000.0,41244.66684709888
3550.0,0.0
9450.0,21717.67326411377
5950.0,4959.570802037591
1700.0,0.0
11800.0,14500.287608789382
22000.0,15982.705931277567
4600.0,7935.537369167019
4800.0,11892.852531496996
6900.0,2158.1282402841753
8500.0,15201.343966891927
3900.0,0.0
6980.0,13209.909169527844
6350.0,6659.156332031818
15000.0,22544.043892479745
7950.0,7628.185282997198
12000.0,15727.660686678948
7400.0,4693.853279730651
10000.0,14499.985682727758
24600.0,15946.001976187745
5300.0,2254.7128922093507
11200.0,8477.029141237323
3950.0,0.0
3500.0,0.0
4850.0,162.98573181209122
10490.0,11000.989548998714
8200.0,6171.554198866539
9200.0,8002.318265518963
10350.0,10538.728141300624
5200.0,7721.061676208214
2800.0,0.0
6900.0,3298.746821231034
7800.0,214.67710306750723
6950.0,8032.928476337824
7900.0,6044.828297395554
1650.0,11694.498908126909
35900.0,41449.55170993421
16300.0,11676.119479663277
1400.0,0.0
18500.0,48950.80891386936
6800.0,114.40258292566523
14500.0,22082.124617610967
76000.0,32509.103195438092
4950.0,2128.591778253107
7000.0,8472.167755240618
2450.0,0.0
4150.0,6442.067960552631
10700.0,12905.503111382815
6750.0,13620.341593509089
11800.0,7878.6842344398065
10600.0,21241.7124288346
1920.0,0.0
10500.0,13436.511263464396
11900.0,7565.817463844089
15800.0,31448.012281921245
6700.0,13631.626978513195
8400.0,15235.269206859088
5700.0,4679.4325992243375
9999.0,9160.782012304157
2750.0,5981.24149054716
335000.0,84675.68840421546
9500.0,18813.420690375224
18000.0,28584.11222137212
33800.0,26370.135974886372
7100.0,7916.98993794078
8200.0,0.0
5500.0,1205.6615460172434
6500.0,10549.956646316085
13800.0,11500.4801520748
14100.0,13007.864083085555
6800.0,9891.27495818272
29000.0,61754.67543152739
10500.0,33201.532446726764
6500.0,6472.197559737058
8500.0,0.0
14500.0,16707.776587015764
14799.0,17474.189934848877
4800.0,1723.0311350482152
8500.0,8605.499243361808
18500.0,44689.58526276436
11000.0,11855.324249441448
6300.0,932.0846426127318
3500.0,5143.859525562446
4000.0,0.0
7500.0,15355.329999406407
11000.0,10778.639620116606
10500.0,10079.37636976723
8000.0,6357.138157199028
8700.0,3298.746821231034
8800.0,11879.399027196301
6700.0,12705.78637553351
7800.0,7842.761394173784
12500.0,15479.05360052286
55000.0,41925.733681615384
6350.0,12856.679996811497
16000.0,22468.2028944045
9300.0,9833.384373280503
11500.0,19157.755194583788
5250.0,6436.52068399796
5100.0,1590.004002667225
40000.0,26982.501228729245
6200.0,15946.938526719587
3400.0,1416.4529311538827
13800.0,10102.991177931712
8700.0,6488.874796917586
15000.0,67299.45609120112
6170.0,7650.587955968145
3700.0,5763.683452827074
6800.0,7266.10673620924
4350.0,10574.237106460369
12790.0,14953.25122216951
4200.0,0.0
49000.0,61867.92298802025
18000.0,26882.507999470134
8500.0,9256.234490640065
3700.0,32149.073463135024
5600.0,2276.9579699152746
2300.0,0.0
13850.0,9816.448463450924
2999.0,0.0
1680.0,0.0
4000.0,8994.476456867154
11800.0,7841.193970303924
12000.0,19344.677720518142
19200.0,22250.86869229188
6050.0,6508.31861176062
5600.0,4499.041260974074
22000.0,26746.47456655645
5100.0,973.3943098529417
9350.0,21443.895711348578
5950.0,13936.064624289174
5400.0,481.013454703344
7100.0,155.7533915807171
16000.0,24973.297366539326
12000.0,18565.395307585422
7000.0,8256.073349321126
600.0,0.0
2000.0,5692.122887384796
2000.0,5047.927783241132
3800.0,12252.640445190227
4990.0,0.0
2600.0,0.0
3200.0,4485.4991510704895
15000.0,11698.571088503351
6300.0,1877.8132049167634
7450.0,4929.204314996499
9800.0,13972.1992995947
33000.0,19235.993864772558
8000.0,14509.682518729398
183.0,17022.67448606824
6800.0,4359.223632140998
6350.0,6831.219863024409
4200.0,585.6816869573995
8550.0,14289.549884550182
10000.0,11228.670036761912
12100.0,9457.085960709457
15500.0,16784.838097172174
15500.0,19653.899389373877
38000.0,38654.56977923955
4600.0,4079.5901868257897
6200.0,5460.754146546293
7950.0,7291.032813210722
16000.0,20416.480128104246
18500.0,11918.785286191141
79000.0,52748.332328298144
6000.0,4172.099412859694
20000.0,26969.670134752025
2980.0,8671.820107067535
8450.0,13706.919194743226
3900.0,8724.30489466682
6500.0,10451.680506206503
3850.0,0.0
9400.0,20099.17211712512
8730.0,8997.88072950982
7900.0,17428.33345673108
60000.0,57108.99218679128
7500.0,10575.846926996688
8300.0,9978.826658760703
4000.0,3687.8253950985254
9000.0,11122.643981976758
10800.0,11114.17509229742
15000.0,13053.102421901338
9200.0,15391.65290149477
3000.0,4134.629736493218
18500.0,24666.875804747404
10500.0,86716.66340471101
6700.0,14749.511423366883
9990.0,9170.868791046789
23000.0,24361.79207312241
10500.0,13673.333000141938
8000.0,10451.680506206503
4000.0,0.0
8350.0,6067.91967776556
4300.0,20585.024203025136
23000.0,22970.858323857836
2450.0,0.0
9300.0,5478.685093856817
5500.0,20568.949737483053
24000.0,15532.296137412268
7500.0,9356.93037811061
13500.0,11082.406863965403
11000.0,22159.092272407255
3950.0,8175.915246966913
13000.0,15139.626695990948
32000.0,24831.163994199393
18500.0,18959.61019218186
7800.0,4189.714095929181
10350.0,11082.406863965403
9450.0,13032.262484518156
3200.0,0.0
6200.0,2954.333303726431
11500.0,11297.396032749704
31000.0,22149.208128662645
5600.0,7233.694931571486
4400.0,25503.500915543507
16300.0,15709.081062456182
8800.0,13308.10558979747
3300.0,0.0
59000.0,37938.46501972576
13500.0,15469.966878940937
4200.0,4189.446866186925
8999.0,9202.404899971076
3100.0,21485.049998653736
17300.0,19786.338917548233
8300.0,16022.595589794895
4450.0,567.1416184685249
3930.0,674.043265925905
95000.0,38501.7032535069
2300.0,17741.300969862452
5500.0,1534.1010033531747
7000.0,10167.523094434371
14500.0,23049.737417804117
17000.0,15935.937556405235
4955.0,954.15032808467
8500.0,12952.50830320653
40000.0,41869.68721578107
4300.0,0.0
11500.0,11890.780760999445
12500.0,19081.685783224933
8500.0,13410.906885833345
6000.0,7208.676531764206
14600.0,26247.152070608707
19000.0,25379.730300893636
1350.0,0.0
5400.0,7502.354857224951
7100.0,5102.171480369641
4390.0,2195.739992555631
6300.0,5675.265114817597
58800.0,36988.40926774021
4500.0,14461.280729310118
5500.0,12212.919767689516
4000.0,0.0
13500.0,9421.46229461327
3900.0,2401.1681312753935
7500.0,6636.455122714393
1550.0,0.0
3800.0,3092.7874243279766
5300.0,2112.179718605883
5990.0,4097.691951610586
3700.0,2185.9924453934073
16500.0,8250.684642699756
10000.0,16161.225257115831
10300.0,10376.583182155657
6700.0,6747.926601732775
4650.0,2616.366194902923
5980.0,3023.0187697363763
5200.0,0.0
9000.0,12209.140176356505
8900.0,2725.4570782526007
22000.0,26381.221839067428
6000.0,5081.705612342259
17500.0,18784.5115708342
67000.0,73617.80132948789
4950.0,6444.636868789388
10600.0,17292.095492968216
26300.0,23054.39423616113
7000.0,8476.609642545254
16000.0,22013.623002112105
3550.0,215.47586148682421
35000.0,65569.33890521018
8200.0,8087.912893984296
4700.0,5263.653109869143
6650.0,14877.762155267086
7700.0,7103.1989570201295
14000.0,20933.75823407122
11500.0,11258.287785406708
16000.0,14137.193807262702
6550.0,10561.820523357426
22000.0,20240.021936505782
30000.0,25209.04072332114
9600.0,21725.924790153986
8650.0,9616.244397162136
5900.0,5588.833104417625
3650.0,0.0
5100.0,56613.56495313617
1750.0,14945.355189559814
12500.0,16742.43573130441
4350.0,1994.3287475731668
12000.0,9874.259160792502
9900.0,28510.80449675115
9500.0,10656.354141468815
8400.0,20597.244153299875
17000.0,15625.615946285005
5500.0,3682.303492186209
10000.0,10157.655461666865
49.5,7718.343119424084
5680.0,3153.608774174396
16800.0,16414.46061351924
11500.0,10994.984040026484
11000.0,6209.983114506245
7600.0,2756.9778544373858
7500.0,20207.936971453073
2890.0,1230.1383238180715
11950.0,16768.656389615993
5500.0,980.8206770077086
3600.0,7947.0805043745495
3000.0,11197.741306027609
5800.0,4661.705624044727
5200.0,23934.0001304719
3350.0,0.0
6000.0,2777.9738107666635
2900.0,9900.576224155819
8199.0,11473.48817360908
23500.0,16240.60227392863
2900.0,0.0
5500.0,18274.113259735328
12800.0,13954.042166146111
27000.0,61330.40750597259
130000.0,127560.50188369678
106000.0,91409.13791050002
15000.0,23610.939943898535
8180.0,4097.464530872945
4400.0,6799.005426286774
8900.0,28972.39668279202
18800.0,18784.5115708342
3200.0,3404.361372104335
21000.0,23564.28335711478
10900.0,12517.555388338817
17000.0,22695.008526480655
7500.0,7656.610274469434
6000.0,6384.783177975631
16000.0,28416.444747743004
12000.0,10430.382883522929
13800.0,17448.618539778927
8800.0,8402.671074290536
6250.0,14588.210448383863
69000.0,72350.26605350408
6980.0,5734.407218364275
8100.0,12780.606740615236
13800.0,14156.967685654443
26500.0,15293.08189619361
3500.0,10537.979648368495
32000.0,23944.74065611723
7990.0,9278.14765276458
26000.0,21768.754770118605
2900.0,0.0
5400.0,6062.257450653768
9400.0,4957.242238038949
7750.0,4037.3861951904873
5800.0,4242.285618722071
14000.0,16369.444143752753
5500.0,9011.094444937196
13000.0,8021.849274586424
20900.0,20217.75445157356
21000.0,25447.977263219276
5700.0,6355.468002432262
6800.0,9742.806242341958
9600.0,10739.896324050776
5900.0,6509.744252648172
5300.0,8950.174042808452
11000.0,10999.54570279656
120000.0,55125.54107927828
12500.0,6959.203103476542
4350.0,1714.0675378452834
6600.0,13985.625701907677
9800.0,11149.251147358398
19800.0,11280.105951203339
11000.0,13218.324250084468
4400.0,10204.74965277671
7550.0,8778.989276158925
6800.0,7854.563696342193
27000.0,14230.93347332811
7100.0,11556.51068735456
34000.0,38158.5061082124
3850.0,0.0
2400.0,0.0
5900.0,4262.46796238091
9500.0,11418.701908179024
7300.0,0.0
21000.0,22881.8197459708
6500.0,6357.138157199028
10800.0,9748.668546310477
2500.0,0.0
11600.0,32212.16939210978
16000.0,21253.594470042724
8500.0,49507.18079597752
7900.0,11698.571088503351
2570.0,1640.8639435111036
6400.0,4098.161489025919
70000.0,81399.40761098954
79000.0,52087.491439442936
6150.0,539.1944107875688
5700.0,6227.3559024320075
3600.0,8236.18420331318
2430.0,0.0
5550.0,6899.235233761359
19170.0,22230.27020340723
7200.0,8218.382299484143
47000.0,24933.19092594396
4800.0,24252.688660016018
15000.0,21028.698686456
4750.0,8510.55140502884
9500.0,9944.264358587265
46000.0,28564.656355757452
13380.0,9128.198360971404
15200.0,13234.049515353207
4600.0,757.8466062210382
7450.0,8374.2460828183
30000.0,38568.55584050619
9500.0,15532.296137412268
37000.0,25330.845287402586
2600.0,0.0
21800.0,20597.11607693047
28500.0,18310.361910951466
27000.0,13668.255599783868
2000.0,0.0
37000.0,53532.224150609545
4250.0,7784.696827610096
9680.0,14523.511426174984
56000.0,65807.31712070655
7900.0,5081.705612342259
7500.0,14499.985682727758
8500.0,9379.8274037056
88500.0,12819.659856384289
16000.0,10737.660756058609
11000.0,9980.100237354174
3250.0,0.0
10266.0,0.0
15800.0,17715.371846297523
720.0,0.0
7100.0,6357.138157199028
16000.0,16276.464225293796
10000.0,11822.071769451719
10000.0,8177.10655571214
6500.0,11811.019705208477
7300.0,12014.966092508846
13500.0,16210.165374793516
26500.0,41927.42735554441
6300.0,7402.61389083295
11500.0,27238.004495763602
18000.0,15651.459211804773
11500.0,14314.67111722595
9000.0,13384.974131139203
5200.0,5987.920678912444
20000.0,17096.92422466322
8900.0,12487.105639668687
9800.0,25609.301016926056
9000.0,18400.607884444904
7390.0,7849.259756841231
8000.0,14244.451603323523
5500.0,4030.136989811761
15000.0,13423.403046778909
5400.0,7576.190722166233
12500.0,9468.578423953673
2000.0,4821.707579223483
12000.0,17334.648268767127
4980.0,5698.091512205128
5500.0,3680.55906566462
3650.0,4959.570802037591
9900.0,17249.559991227376
14800.0,24980.653149469683
5800.0,9335.419863655243
5500.0,6783.898525353459
4450.0,6442.067960552631
27000.0,19242.98282461648
2850.0,7201.2082254113975
33000.0,46656.727146188845
6900.0,8250.684642699756
2500.0,11696.871252418914
9500.0,11406.376648177138
8900.0,7364.248753780454
750.0,0.0
22800.0,18233.302781337286
13500.0,8414.721212483057
45000.0,25028.144227398807
16800.0,26202.289589080592
11900.0,8530.263346786429
11300.0,12487.988715532105
7950.0,11829.490065766855
36000.0,18735.075563011735
6180.0,10088.533539339918
14000.0,14699.224075844628
5150.0,10161.009107204623
10200.0,15310.011802212794
1470.0,0.0
24500.0,23937.125424263773
7500.0,12718.586311217721
12890.0,11286.664700408077
25600.0,28522.479794193623
6900.0,37834.45739811215
36500.0,25151.3684650419
23000.0,31629.577437287368
45000.0,37809.6801610805
35500.0,38104.882441282505
19500.0,17742.173948226246
6700.0,6670.783520698495
6850.0,12800.691662735331
12500.0,15727.660686678948
8700.0,6086.590234178562
7200.0,17965.989555183613
3600.0,9037.528147458223
5000.0,7201.2082254113975
6580.0,8326.324366232013
5600.0,9128.198360971404
1950.0,5466.764223164935
6900.0,11149.251147358398
6000.0,30656.60712817127
69990.0,34568.43830330664
9300.0,10916.932156830666
5500.0,4356.11068054854
6000.0,14054.166389618571
29800.0,26492.0573023531
18000.0,21847.729354235435
12500.0,8806.830721250646
15400.0,21364.037687165568
45000.0,30612.811998575646
9900.0,9018.067671104101
5000.0,6785.956662388753
5300.0,3097.6292512667605
5950.0,3779.6821465938265
10500.0,13838.471773826092
5200.0,5937.699173709701
7600.0,22743.972818698698
5490.0,1759.6874519905687
16300.0,15469.966878940937
6600.0,9333.315569946128
13500.0,18018.501613002616
33000.0,18473.62833631178
35000.0,18256.23727974801
6800.0,2291.1213367434175
6000.0,6357.138157199028
8100.0,23934.0001304719
6200.0,5408.350531364114
10000.0,9517.712042935305
19500.0,18218.98803353751
3499.0,3709.581883115936
5500.0,8042.317473242998
16750.0,10453.259737764765
6600.0,3291.3253953693893
170.0,3013.5496455184366
11500.0,6056.193184767686
1555.0,64496.85624245404
23600.0,62113.17903756506
8000.0,8523.794627453502
7900.0,15472.231914816512
42500.0,46119.51420438978
15600.0,13671.546849946517
14500.0,40085.293787561284
42000.0,31271.13898528126
7980.0,27406.051467887326
19200.0,47887.30414294376
14400.0,10724.887458581801
9150.0,15761.475541751919
7500.0,13031.38982653278
28500.0,18195.557380889546
17500.0,29399.387364833947
13900.0,15851.782905813954
4980.0,339.53303966413387
19000.0,32703.089114348328
53000.0,60818.374390446406
19000.0,23548.123795217838
4200.0,1285.8522111244638
8000.0,29027.764195355947
2100.0,0.0
65000.0,37141.0427343692
6400.0,8374.297727725454
2250.0,13026.678060351489
8200.0,8727.5312117641
14000.0,11286.664700408077
30000.0,46943.89869795952
5680.0,7204.264360798596
45000.0,34930.41732278926
5500.0,9401.85739829508
3000.0,8828.672991162584
51000.0,48937.79095852705
5750.0,3210.8535024177145
8600.0,8132.158130283537
10500.0,1509.3064373281359
13500.0,11569.5306128212
6400.0,11197.741306027609
5500.0,1451.4483495819222
4900.0,158.87018738888855
20000.0,22328.233576956532
47800.0,34141.79777304297
108000.0,45080.264462179446
40000.0,65717.93136240152
68900.0,5705.631601858693
46000.0,33975.58788476487
6900.0,8581.934918695708
16500.0,14129.756944478908
12000.0,0.0
8680.0,8092.691960869075
9700.0,10913.583894255473
9400.0,13269.90818252278
3800.0,2213.466384344385
10600.0,19604.43520437783
5200.0,490.25617643028727
42000.0,21754.064212562404
7200.0,16836.934474397665
15500.0,22874.65232580481
5180.0,186.0238427916347
600.0,1994.3287475731668
10000.0,5851.923309245103
3900.0,0.0
8250.0,8587.254770125026
9500.0,15976.962597255188
10500.0,11608.12461056725
6600.0,7233.694931571486
13790.0,9638.543128616522
8000.0,9068.47333050214
11800.0,12828.528077337032
6300.0,12892.718099855683
4880.0,249.25332701741627
38000.0,30153.687186107138
39000.0,28315.11046619481
3800.0,0.0
7180.0,2649.6185992265637
6500.0,3000.7736920304524
6500.0,10246.747948973727
22000.0,10273.822049243525
5250.0,4674.081457893917
5400.0,1855.4933690820362
11200.0,8032.928476337824
17500.0,4935.774895750283
10500.0,11267.318480132479
5590.0,1362.1432536973462
26500.0,19431.00430154947
4600.0,3780.563298561141
8700.0,3643.433667714955
6000.0,15952.917635280875
4700.0,17717.235999986162
27000.0,31298.984679609242
23000.0,27917.258586893102
47000.0,87509.54451710435
13000.0,14831.763357789358
1800.0,1465.6189075449656
14900.0,13742.522983721534
12500.0,7493.987401553877
14900.0,17665.100438479167
4800.0,0.0
9700.0,10451.680506206503
13000.0,32983.762515636874
8650.0,2681.2361133119193
17400.0,20144.764612624745
79000.0,19720.298478094533
21000.0,28851.77825794563
19950.0,20566.869504946655
5700.0,1616.8773302978043
6750.0,12422.180279484379
5700.0,7194.556793740328
4350.0,7680.54170258767
3450.0,4113.319107875403
6300.0,16022.595589794895
4300.0,940.336422845583
6000.0,4781.439398765626
23000.0,18551.477773939925
155000.0,47585.66451888562
8300.0,12640.623213041978
6500.0,4856.294802045544
5000.0,5421.3528735900545
7500.0,8238.786647874182
7350.0,8972.057504904013
7950.0,5766.080254727709
6850.0,0.0
4950.0,3133.4648969783775
6790.0,14682.125424110276
6200.0,13209.909169527844
6550.0,13831.842706187836
8300.0,8576.621765470707
5200.0,1065.445503940151
69000.0,69866.39876000685
15400.0,28562.89412848804
1700.0,10127.503144117745
1000.0,29091.634412619296
18000.0,26402.9376239699
15500.0,20983.979975805825
95000.0,55767.505074904926
6500.0,8727.5312117641
24000.0,18243.342088959882
4500.0,8204.113242987354
13000.0,17183.8547395979
18000.0,10788.419604769817
7350.0,16768.656389615993
12800.0,10494.729346131578
3500.0,4894.160721208891
17800.0,16414.46061351924
8400.0,25549.04491567649
6100.0,6059.8826389168935
12500.0,11472.62344453338
25000.0,80478.08062698015
32900.0,33128.189484857736
23000.0,22921.891994499176
18000.0,30312.171320535195
7600.0,13172.205304906394
19600.0,25791.449369507183
19000.0,43606.99092374185
9500.0,8218.382299484143
4100.0,10055.396857547694
2540.0,6444.636868789388
22500.0,34320.050234122624
7800.0,16357.35313035105
10500.0,7493.987401553877
7300.0,11866.925074587769
16000.0,14156.967685654443
21000.0,37349.643792485964
7000.0,24974.927165120065
7500.0,16284.63490385743
5500.0,5806.184406064978
4600.0,1132.4026621408448
5800.0,0.0
14800.0,19903.81599440489
15800.0,18478.86379061906
5650.0,12625.4598270174
7500.0,19344.677720518142
9500.0,9350.674992976852
2850.0,6359.341937578691
3200.0,158.87018738888855
2920.0,1792.9142333295895
1690.0,2767.8274090717787
6990.0,13103.814255165951
8600.0,9737.43583691878
8200.0,18894.75570208865
42500.0,32351.7033807323
35000.0,32318.610503343796
4400.0,7201.2082254113975
4700.0,0.0
2500.0,0.0
22000.0,18839.219763128716
2350.0,0.0
12500.0,13734.932797238162
11500.0,17024.41773705447
27000.0,31752.38919076519
16700.0,34506.9164439833
5300.0,1359.4824211184314
5680.0,7666.343014336033
42000.0,32962.24355400911
7650.0,7101.701380881726
13000.0,11696.871252418914
35000.0,39248.24838773513
11500.0,27328.69239855751
6500.0,17273.702148999964
4650.0,0.0
2550.0,0.0
50.0,7190.69766861049
156000.0,53480.32359361141
22700.0,45189.27158557337
6600.0,4426.619865485722
369.0,15186.762807543237
4650.0,5294.797986144251
12800.0,7529.625589497286
3150.0,0.0
19000.0,32132.33569868396
5200.0,3969.4833465240554
26000.0,53916.80119945278
4050.0,6139.936788767547
3500.0,1356.1380828479887
3200.0,29433.029042376864
5500.0,9354.839469058632
5500.0,7204.264360798596
970.0,0.0
7000.0,11329.816946001007
4500.0,2915.9292918385436
3780.0,0.0
23000.0,20648.83764225592
6600.0,14908.54554742244
23000.0,41281.37740490753
3850.0,2053.7336203221967
23500.0,57042.12667451125
4300.0,2021.9135594714153
3630.0,0.0
4500.0,0.0
21000.0,16976.339143477737
12900.0,37128.49657957682
7800.0,15697.805096702097
4550.0,2254.7128922093507
2200.0,3471.7826739692136
28000.0,21112.951234125227
8000.0,17024.41773705447
17000.0,18243.342088959882
14500.0,25424.4551903546
5300.0,23160.35845899225
10500.0,9836.066442938318
23000.0,12761.495634986564
5650.0,5927.942697442633
5700.0,7825.11830897947
30000.0,19137.666918973686
4500.0,6157.254571848782
6500.0,7993.436903187116
415000.0,100132.24308554469
5600.0,3652.6256828230908
11500.0,27198.126845165138
1900.0,0.0
7000.0,13184.428338958918
474.9,0.0
3500.0,3404.361372104335
22500.0,22923.17910414446
7700.0,14040.174537770064
41000.0,21560.40153605147
15000.0,21146.02098901608
35000.0,30618.53816429684
16500.0,15069.411641925468
14400.0,10040.891834809216
4000.0,6790.8890972166555
13600.0,11992.751073864809
5200.0,0.0
4200.0,18335.62498340383
6800.0,10428.395908895098
4550.0,6173.588062979881
13500.0,25748.823621736443
5590.0,4865.016557556824
5350.0,8401.157062077666
15500.0,28041.66039713476
15800.0,13277.292442670914
4450.0,7733.107213563613
11000.0,20300.779266619094
7200.0,8402.671074290536
22000.0,16751.22048931768
6350.0,9620.967906625956
9750.0,14823.314239338513
12800.0,11534.480404590919
90.0,3274.262643464579
120.0,10048.01928523375
1900.0,0.0
8900.0,14180.661150962951
15500.0,9507.424103154357
24000.0,31945.342157370596
27000.0,22489.954722246453
31600.0,24822.46711932291
4680.0,1690.2936957777456
5500.0,9217.515643867391
84000.0,89591.7779544213
10000.0,20223.267863852267
1750.0,0.0
22000.0,28049.452067709648
8500.0,15727.660686678948
8268.0,7476.818967558311
19500.0,26478.492484902188
15480.0,15063.909684383201
8900.0,9748.668546310477
5950.0,7694.930497687252
20800.0,29093.948334197517
13770.0,16049.58644080217
3200.0,2545.2645955482876
35000.0,17438.123575829948
80000.0,25633.698597922663
9000.0,14111.221244676894
13800.0,18573.372618877507
40000.0,59858.892278561674
42000.0,28481.645100110512
48000.0,28489.09384540831
8500.0,12041.190335948842
12000.0,11336.406477694829
17000.0,15799.766683554371
4600.0,2466.3617062845733
16000.0,27865.100766295287
15000.0,14244.451603323523
11.0,8519.073168088482
3250.0,0.0
7500.0,9682.90921560127
6400.0,7822.535208103091
23000.0,20164.307947116307
7800.0,11229.557436560983
36500.0,23116.96669494739
12000.0,19755.28389024347
12400.0,6932.686391583487
8900.0,15054.613902576584
2800.0,21769.00760465276
4400.0,2941.7323231878945
6900.0,51228.639909183505
16500.0,15757.67091254094
41000.0,72514.10564566607
6700.0,7108.502896521091
5000.0,6357.138157199028
6870.0,7094.849607424847
12000.0,18984.91452079038
4200.0,0.0
30000.0,30472.63943363546
7700.0,10335.6856173776
22900.0,24672.431537465232
12500.0,16439.783029001843
2450.0,0.0
8600.0,6358.969371445157
27000.0,68435.44568487909
10600.0,25563.178200646867
6100.0,5986.291618670013
7850.0,21430.37939508664
7700.0,11246.690274043707
7900.0,6472.4264121738415
5500.0,5050.346496672955
9570.0,11229.557436560983
28500.0,28238.596166198655
19900.0,14571.716333078348
3700.0,6544.972013389621
14600.0,14963.02026263508
24800.0,22755.87496392358
3300.0,0.0
24000.0,19004.72089250447
11900.0,15402.422183035262
13000.0,12677.342246957807
6600.0,5425.493399045437
6200.0,10020.834877445286
13200.0,8502.209899770718
8700.0,11880.13624386947
5600.0,3752.9804611529726
11900.0,20738.98919883263
15900.0,17991.838095477895
4700.0,0.0
5200.0,3395.7865567161753
12.9,27955.728338114244
3200.0,6733.981478733549
10700.0,6906.56840241373
15888.0,14205.683497059894
2700.0,0.0
22200.0,20473.59055980629
33500.0,20913.33792987424
16800.0,22421.976801652134
3680.0,2913.184737545227
6700.0,11470.948258402907
3680.0,304.6943108032365
12700.0,16216.027678762039
2150.0,22185.96743256128
6450.0,6766.156621928254
19500.0,23008.556550059107
68000.0,45114.24049722776
15200.0,10292.260370254964
4580.0,0.0
8600.0,17099.450853895843
11500.0,26930.971139040365
5400.0,7038.703782114953
42000.0,37166.35250891656
3950.0,20304.165102541174
67.0,30219.94551288897
16700.0,10494.729346131578
5300.0,3662.2869075835188
3350.0,5970.747550416407
6500.0,8501.615342053828
15800.0,14205.683497059894
8200.0,11156.375451285236
10600.0,19407.7181027112
12500.0,17991.061552868014
19800.0,27240.945221378646
7000.0,10451.680506206503
2900.0,6095.306339252758
7500.0,6309.747275362897
1950.0,0.0
1900.0,2245.2349211735636
80000.0,99681.48837850956
4300.0,2621.197508233203
6500.0,6063.075625657384
10700.0,9710.01843090578
6999.0,19191.005783562174
5950.0,961.5366613079223
3222.0,0.0
4800.0,8470.344013221262
13500.0,1652.803447130038
29460.0,18265.076435944164
18000.0,14726.17111499541
14500.0,11992.751073864809
17000.0,15625.615946285005
6100.0,8681.598168988121
2380.0,3094.0052703085858
18500.0,19750.369672053523
5850.0,452.923082063372
12500.0,11569.5306128212
7500.0,6202.887311623188
2490.0,0.0
33000.0,19518.31271001901
6300.0,5425.493399045437
30000.0,16716.282372656944
5400.0,3752.9804611529726
6550.0,1556.2255478031057
2350.0,0.0
3350.0,14847.725438129015
51000.0,35063.647623998535
3700.0,0.0
10000.0,12274.705669389528
120000.0,48937.79095852705
8500.0,7402.61389083295
3450.0,1716.8864643626184
22000.0,27564.265025267912
5400.0,10766.895677266391
1300.0,0.0
12000.0,8090.105708708405
8900.0,4854.42697461426
15800.0,31090.346319746986
6250.0,7188.128760373733
13000.0,17841.010132333333
112000.0,10483.496636739885
15600.0,17064.353356138126
5800.0,6375.439235635129
13000.0,18526.698230935322
6400.0,1359.4824211184314
6.0,45644.199536384345
14000.0,19813.38685691747
8000.0,7502.354857224951
12000.0,0.0
3800.0,13444.873237101066
5300.0,0.0
600.0,15058.795829644743
8600.0,3216.962951250269
5700.0,2497.714071105929
2850.0,5072.963557034698
1970.0,18439.26373918472
25900.0,22617.216152350997
12800.0,9978.826658760703
13500.0,16656.073883800553
7500.0,11861.06761883156
2680.0,2162.5137309749844
12600.0,20817.983092170674
10200.0,2587.860527299774
6850.0,2761.5048920399568
8950.0,8393.8339408647
4000.0,1828.222516787111
1880.0,1453.1367109856183
8400.0,13932.681307590214
1200.0,0.0
4950.0,909.0465316331893
418.0,29257.32096038706
16900.0,15332.977588338912
5800.0,7170.929138119678
13200.0,5986.291618670013
14500.0,11992.751073864809
8.5,5356.35391246709
41500.0,44603.556090478116
38500.0,26687.26775552933
26500.0,45316.619266214475
15500.0,15007.774810404808
48000.0,28443.119747154673
8400.0,9507.424103154357
15500.0,22509.72903749385
2000.0,2523.768595409918
8246.0,5897.902310861229
32500.0,30563.593454882615
8200.0,12110.619196990396
24500.0,19790.314581670198
6000.0,11364.558397169294
18000.0,13116.573207709123
16000.0,36587.61772025896
16500.0,11779.707997667989
23000.0,26333.26211325409
3200.0,4392.5928415297785
95000.0,47395.1107464871
4490.0,6764.473974035631
21000.0,17249.559991227376
6400.0,1384.5211338651516
5350.0,7257.728002607013
5500.0,6044.828297395554
18500.0,15102.87658937405
6500.0,7476.818967558311
10800.0,19246.86759919043
250000.0,74330.61061914839
6100.0,2232.117428207912
13800.0,8227.44001634974
12700.0,10991.409752248182
7450.0,14443.815956763032
6700.0,3747.107589789415
100.0,34839.92187461293
5890.0,5776.539807719797
8300.0,9202.404899971076
24900.0,30901.231100041256
6300.0,7233.694931571486
8900.0,14354.847278452093
18500.0,16766.798301295705
25000.0,30896.37152211474
6500.0,12778.503468122628
3200.0,0.0
11700.0,12653.984724213944
11000.0,13794.773917286566
7750.0,7851.09097108736
16600.0,13243.780205020725
5880.0,7351.882571505834
8350.0,19206.17100613747
28500.0,31243.198341393352
2350.0,19823.72982046256
8200.0,4264.958011818013
4400.0,2911.962549063781
7900.0,18735.89500610348
9100.0,24457.19333873394
4000.0,2913.804707442432
10000.0,10891.614896532847
600.0,1307.1533942350652
8400.0,9978.826658760703
4000.0,16336.741067617342
79000.0,66843.2501542335
30000.0,12387.474153017563
8900.0,10493.768728915795
23000.0,24109.3377519932
5999.0,4242.285618722071
10450.0,10561.820002243727
4700.0,2641.0146717625066
6400.0,10153.743979379957
15000.0,21768.460291894822
4250.0,843.9432028461188
13500.0,13423.403046778909
38000.0,27017.26868001668
8500.0,9932.479770848306
7100.0,1697.8704778626488
8600.0,9230.26743947374
13900.0,15126.386093213714
4200.0,64.10394816090502
12000.0,19101.16878669245
4450.0,6605.821771684732
24680.0,25048.822317013535
5.1,7342.456652809549
3000.0,22944.60464282332
4680.0,175.2445835122062
17000.0,17523.644498301528
6850.0,3395.7865567161753
4700.0,0.0
5000.0,5611.077357377926
52000.0,55452.16268069642
16500.0,16352.78127576764
16300.0,8955.863598380978
6150.0,11197.741306027609
10500.0,3877.232394943392
5600.0,11606.83841561163
5820.0,4823.051153376364
50000.0,27878.447869726737
8700.0,10451.680506206503
5290.0,0.0
5000.0,9936.300618326477
5000.0,3200.6777141575585
72000.0,67192.80258820103
7000.0,8042.317473242998
8250.0,8955.863598380978
5880.0,24958.00022046607
6000.0,8402.671074290536
6700.0,2.0250964005808783
5300.0,7372.290119661549
7850.0,12110.619196990396
21900.0,20277.60699483366
2140.0,1307.1533942350652
9300.0,15450.970250604281
1550.0,26463.957104498706
21000.0,14230.93347332811
5600.0,7587.427938894965
38000.0,29129.88091099115
18800.0,16762.630640597883
39000.0,24481.219119540572
99.0,0.0
16800.0,12664.84608601224
8200.0,24553.883309666075
7930.0,16807.843116252687
95000.0,109505.25187314322
7190.0,11573.155028281046
4000.0,10979.998012194923
10990.0,16445.37282181171
4000.0,4059.7769247770284
18500.0,23522.499515530537
5800.0,5612.908571624055
9700.0,12815.263593773994
21000.0,19330.981026907535
2450.0,0.0
13500.0,23212.25980503009
5700.0,3016.576632241591
6800.0,1067.6802235169162
7550.0,13031.38982653278
63900.0,38362.22714997237
9100.0,13260.170627533626
3500.0,5027.806163453857
5500.0,5270.041184447033
8000.0,17582.99527421877
6950.0,13234.049515353207
6350.0,2955.392284660511
7380.0,11268.905292687745
3300.0,4968.821242479709
11800.0,5839.682489628674
9500.0,9165.787228457782
6800.0,2291.1213367434175
5350.0,24987.923825637932
1700.0,5798.911213568519
2100.0,3212.6407662447637
11500.0,10656.459987836395
14000.0,31865.548449067614
6200.0,12463.848369706742
5700.0,14848.361568754306
2680.0,0.0
10500.0,9165.787228457782
100000.0,0.0
8000.0,19782.841174974634
13900.0,14766.61802568987
8000.0,2443.9312776837505
22800.0,11427.352327544577
14000.0,11876.725528079824
17500.0,20037.85436963434
2750.0,0.0
5700.0,10512.226985585607
5700.0,7993.436903187116
12800.0,13988.80170097273
3680.0,0.0
5790.0,3519.5678242329013
10000.0,9742.806242341958
5700.0,2521.755077845133
5600.0,7462.8691500586065
7950.0,12882.923767856282
6000.0,10564.727009618055
14200.0,25441.373532122972
7000.0,8783.154412852926
2200.0,0.0
7400.0,7698.438576928274
7980.0,6875.351294347845
4800.0,6347.746828602309
13200.0,13234.049515353207
13600.0,7481.379216528638
550.0,5222.39979808669
11200.0,20333.829213459612
5500.0,2587.860527299774
23500.0,21061.230358546523
6400.0,5762.257811939518
16200.0,23443.698275929295
8900.0,8780.816712384789
6950.0,12429.801128309391
16600.0,20528.516013763965
5500.0,692.4914840805122
8600.0,15000.842265104558
22000.0,16414.46061351924
6950.0,31107.82663908052
6600.0,8501.615342053828
3000.0,5356.35391246709
3900.0,14525.308463695477
38000.0,30767.305989986573
55000.0,32433.32843040454
2500.0,10042.084471754599
5400.0,6642.1104888193295
4590.0,9438.435196526898
9300.0,5408.350531364114
13200.0,9742.806242341958
2800.0,1727.3014962486923
4200.0,7050.327378193077
8800.0,14645.592101673668
3450.0,215.47586148682421
690.0,0.0
15500.0,11667.593290270892
24000.0,17686.226433902775
6600.0,10534.045151382237
3950.0,339.53303966413387
5000.0,51.99379316351133
2850.0,3714.0945199116904
37000.0,30000.650081880016
12000.0,25706.005245522934
8000.0,7536.949897037757
5800.0,10952.858283522048
6780.0,34397.284640399244
17500.0,30809.424851021275
7400.0,3113.693800413839
22500.0,14129.756944478908
7900.0,5048.152163588777
5850.0,10226.045731120244
26800.0,27046.757543800046
6550.0,5611.077357377926
1950.0,0.0
6000.0,9513.970874228628
11900.0,36732.84729185674
4850.0,78970.30105139835
3750.0,0.0
11000.0,17467.48859253966
52000.0,43781.96639554265
8370.0,20480.956107987575
740.0,678.4150476248442
6500.0,6044.828297395554
18000.0,9063.931190459625
7300.0,6343.752519232403
9500.0,13170.934198745992
15600.0,11534.497881827196
25500.0,24602.866990438877
1950.0,2577.3523354100435
10000.0,11811.019705208477
12000.0,16566.948965180858
5400.0,1630.9515327658955
7800.0,5025.173752450526
5980.0,14085.879849231245
8200.0,19749.590829192395
7200.0,12575.55086558796
12500.0,18386.1444186427
6200.0,12885.56617869209
12200.0,15626.890614951637
1700.0,0.0
4600.0,4967.791468227075
9390.0,12204.989000089183
7000.0,7015.699893919587
2500.0,0.0
4980.0,5481.295102610906
2600.0,3136.721611121935
9300.0,0.0
15000.0,29892.548381336022
55900.0,77644.23327280051
22000.0,17087.410519524852
17800.0,15727.660686678948
8500.0,10256.326908587194
13888.0,11860.235892118522
6950.0,31107.82663908052
2750.0,2387.404097157274
6500.0,8878.218930104638
5600.0,0.0
15000.0,17999.336139511637
4980.0,8322.251521987335
3600.0,5425.493399045437
18000.0,15757.438391585172
6800.0,7291.032813210722
13000.0,13274.365269320777
32000.0,43848.783322258125
24000.0,18144.849030770325
15500.0,26465.41896618153
680.0,0.0
6400.0,9288.509777656378
180000.0,122885.09941362149
6400.0,13183.939091093209
20500.0,21569.899942053304
5199.0,10045.287410034824
13500.0,13647.505096348748
21000.0,13766.827269031732
7390.0,13262.88899143818
7100.0,14384.349070392342
7500.0,8248.124549334992
2650.0,1046.8534335084878
4950.0,449.7447794816171
3100.0,0.0
11000.0,11696.871252418914
18200.0,21315.037701766323
8000.0,13007.864083085555
10000.0,21202.88692683845
7350.0,0.0
7900.0,6545.664522079704
4200.0,4675.092621675829
9382.0,9981.34960690893
13000.0,13190.692688145555
7500.0,26680.46300446439
3798.0,993.9221439421453
15500.0,26018.679599530707
21500.0,9824.664020127257
6150.0,15644.586437945789
9500.0,7597.320004753372
29000.0,33913.359721776025
12200.0,19859.096267636032
7600.0,12960.858394922125
35000.0,21967.973408001224
19000.0,13327.267683768496
54000.0,76169.23381215548
16800.0,26202.289589080592
8000.0,3525.046733122963
7000.0,16270.574561847407
12650.0,18907.377904397134
6700.0,11309.015832926274
6500.0,9564.864312357353
10000.0,10488.86704216306
7500.0,3907.4443424940073
7600.0,25426.121730114104
21600.0,12504.190684756471
25500.0,25801.237304937193
4150.0,0.0
9600.0,6044.828297395554
7600.0,14682.125424110276
6800.0,2291.1213367434175
7520.0,4115.195513119856
6500.0,15154.03752583409
5500.0,5089.640115735023
6200.0,8523.565509287186
70000.0,36906.44575605393
37000.0,25018.836906391487
6300.0,0.0
5000.0,19481.955805924586
4200.0,6808.318250474867
9700.0,24281.627763762892
49000.0,38265.80122685555
8000.0,10471.400269042613
5490.0,7258.97895355841
4600.0,0.0
15900.0,14505.586778363788
5550.0,1700.7665125471067
6900.0,4575.798078123356
3.5,6392.300039457306
2500.0,0.0
11600.0,4875.271588923746
4645.0,4982.601256157606
11000.0,12829.359904705689
7700.0,10984.683410687227
9500.0,5153.520657585563
9250.0,6622.520681609172
40000.0,64227.56116614216
8600.0,11814.667949092167
4420.0,19641.05143241149
8500.0,13186.620507769108
11200.0,0.0
16300.0,29476.186895226903
41000.0,37272.552361096095
6900.0,7286.867676516722
7700.0,15809.9704842043
5200.0,13631.832966289174
12500.0,13155.20058297379
13500.0,16829.766265141672
11400.0,13901.261382794892
19500.0,32920.17528296012
13500.0,19396.274086721947
4600.0,998.2682267740529
9500.0,8830.297262570464
9100.0,11297.396032749704
65000.0,44424.99695246582
24000.0,17479.18352235007
11900.0,20892.297525851864
6900.0,7390.162335451894
5100.0,5745.560635237953
51000.0,29125.399574394276
3950.0,0.0
5900.0,11606.83841561163
35000.0,30772.272822843483
6800.0,5799.603722258602
700.0,0.0
65000.0,44838.96949240357
13500.0,13938.136296230037
5500.0,10334.92306099974
6300.0,7976.45682431147
5700.0,1508.652092388249
5490.0,909.0465316331893
9100.0,5734.407218364275
3500.0,4125.640130669894
7500.0,14677.161931011437
7500.0,7796.640013133623
45.5,13702.087249226217
6350.0,12069.714734318204
16600.0,18820.128848991288
21000.0,16484.753973083953
12600.0,21987.7732286557
4100.0,0.0
9850.0,12569.773844739753
10500.0,10913.583894255473
4500.0,92387.98331420035
28500.0,23350.45393072057
5700.0,6544.972013389621
82000.0,39959.435964331686
6500.0,6853.377131513604
7950.0,12454.419044579234
27950.0,48863.952761111956
6500.0,7171.115138609552
7900.0,6785.956662388753
38500.0,55395.99233961727
11500.0,35162.64976833029
11500.0,8502.58569882654
9900.0,11840.658377861855
14999.0,37796.519858311
7600.0,13007.864083085555
6240.0,0.0
5900.0,3961.036776443536
3550.0,0.0
14000.0,17277.4472962635
8900.0,21717.39799665701
4050.0,17741.300969862452
6700.0,4030.136989811761
9500.0,17710.414314279813
27000.0,17883.78676030251
7890.0,11603.433344688547
3700.0,16174.24702375248
4720.0,4093.6757685453413
8100.0,10913.583894255473
11500.0,11082.406863965403
8100.0,24553.883309666075
7100.0,0.0
64800.0,25571.33702919204
14500.0,18908.139149965627
6200.0,904.9309872099902
35000.0,42122.34430846224
3950.0,1285.8522111244638
10600.0,17985.085464388965
9500.0,7013.372147029397
5700.0,7247.376103366014
19000.0,41390.451662750434
13000.0,8032.928476337824
39000.0,30267.43543517355
1650.0,0.0
120000.0,50726.93886015371
8900.0,8693.141304195651
12800.0,14133.494346642805
9000.0,13260.170627533626
3200.0,13803.797044555617
10500.0,12463.848369706742
14700.0,23314.533397304484
7790.0,7018.07943315529
22222.0,22149.208128662645
1660.0,5222.39979808669
3100.0,0.0
30500.0,25806.568383378853
4300.0,0.0
4500.0,3488.1642723429977
5600.0,5626.751336135421
12300.0,17587.55719168533
6750.0,7038.703782114953
8250.0,334.0069938386014
8900.0,2735.2098177738735
46900.0,81.01099108455583
10350.0,11571.185367460203
13900.0,16204.794969370341
10980.0,7076.474408281989
4700.0,8668.88750756242
15900.0,13932.681307590214
7200.0,8548.77023516701
13200.0,11811.019705208477
7000.0,10201.010709439579
5800.0,4202.60733898497
17000.0,142330.80413869937
14800.0,16484.753973083953
6800.0,6160.872343320905
7100.0,13007.864083085555
6800.0,7036.127619655064
10000.0,16032.223444808911
5450.0,383.95609322518703
6150.0,4030.136989811761
10650.0,10129.06898018494
2700.0,5426.683812963851
10000.0,4420.404364581616
10299.0,12411.736453952602
4005.0,843.9432028461188
5500.0,0.0
24900.0,25317.61277016919
8700.0,4929.204314996499
6500.0,6871.068790066958
18000.0,32634.463701873265
2550.0,0.0
10760.0,20198.415085837743
48000.0,39176.511556871745
22500.0,24252.846504344725
11500.0,15546.263869660546
39000.0,24075.4494753462
10990.0,14160.71790715785
8000.0,16710.543817215857
11600.0,8240.048201374979
13300.0,7391.502403490527
2050.0,0.0
19500.0,32465.199760130196
17800.0,16020.065672948014
9800.0,11618.72626946009
21300.0,25004.880812690575
10500.0,7172.462032098674
9500.0,12517.13777265367
2800.0,0.0
8600.0,10529.99090223719
7500.0,5130.990924390073
5000.0,21114.68131506755
8400.0,6238.846741774019
10800.0,12793.504387993413
4650.0,449.7447794816171
11600.0,11108.36599680434
22000.0,14664.326904548598
500000.0,155007.92172202593
37900.0,39638.30558671283
12800.0,19003.530029371293
20800.0,15289.135977030757
95000.0,46285.86586661999
40500.0,40994.79859442166
4000.0,3960.9649565735745
17000.0,31967.524899279557
6000.0,7493.987401553877
16000.0,11774.636849301689
6000.0,2298.2720446602725
12500.0,16145.07635681541
3850.0,6626.229319840448
3950.0,6220.5114582149945
4500.0,7980.413722628953
7350.0,5997.123445629801
17700.0,47534.10710684309
7500.0,6927.105329694521
4950.0,383.95609322518703
8500.0,12402.93498694821
10000.0,6111.5782473393865
6300.0,4825.391154290432
8600.0,11428.742576033783
75800.0,46974.71347381349
5100.0,646.0185112680456
5500.0,5422.652644121066
5500.0,3752.9804611529726
9900.0,16971.17520016506
1700.0,0.0
25000.0,22791.24408988312
4000.0,1357.8794491530007
6300.0,27452.561664973557
5490.0,0.0
6500.0,2737.5803682184633
10000.0,12466.6534406861
6200.0,10042.084471754599
62900.0,4011.8486336513306
21000.0,16292.324669481644
4500.0,5089.151119678141
4200.0,10381.577684925378
5700.0,646.0185112680456
14200.0,15974.783235605919
6250.0,0.0
15300.0,9442.437337879375
8000.0,5734.407218364275
2600.0,0.0
4000.0,4947.68153234995
21500.0,40775.11298430637
15500.0,17581.11269411157
28000.0,15136.95973900225
2700.0,0.0
6900.0,860.4633827467669
45000.0,16043.436682979569
5000.0,2185.9924453934073
135.0,3789.8121883609892
18800.0,13863.208399764204
1950.0,0.0
5900.0,6442.067960552631
6300.0,12014.966092508846
6850.0,995.3141268385189
4950.0,1733.6812283262952
22000.0,18912.371168442074
6600.0,8981.411818685658
2590.0,0.0
4900.0,16283.82380787063
10000.0,11649.777061309065
14700.0,21896.23422006042
4300.0,161.7592477311946
4850.0,0.0
8500.0,12882.923767856282
6500.0,1227.074254524443
59800.0,19431.00430154947
6200.0,21499.97889222991
13500.0,43007.4463666176
27500.0,43850.93521911424
110.0,32338.104904787982
17700.0,33588.71346712184
75000.0,70522.08798866897
5200.0,955.7707504082537
4430.0,3221.0677052895153
6350.0,3944.5680796443194
6900.0,17862.116539637074
6600.0,5612.673641122317
6300.0,6206.316977286071
7550.0,2298.2720446602725
65000.0,48534.792032669604
15450.0,17687.53720334559
57000.0,60386.7873412746
28000.0,19992.34761761523
6000.0,8809.355307581853
3750.0,1414.4432833597857
6970.0,5764.658791241422
9300.0,1392.0793110891464
7600.0,2725.4570782526007
5600.0,3048.1217259178193
7880.0,8589.055625225046
6000.0,1903.557799405462
20900.0,19658.431968263176
5100.0,1780.7654168834342
69900.0,7673.665628815581
47800.0,36586.00757260529
1000.0,133223.65680528453
5500.0,9347.46567375561
17990.0,37792.86995181946
5450.0,2127.9963419350916
10900.0,16549.912492025538
3100.0,0.0
1660.0,5222.39979808669
17900.0,14645.592101673668
17000.0,16742.43573130441
30500.0,19828.605303855966
8900.0,5206.653013590996
7450.0,7862.425332957246
75000.0,33803.74783974876
4850.0,5050.346496672955
7300.0,8693.141304195651
5200.0,7721.061676208214
7390.0,2587.860527299774
11500.0,22053.733304080535
225000.0,92858.17653827283
6600.0,3074.1664657531255
28300.0,32781.82506341819
14800.0,4415.698023867004
2000.0,1521.4280458762369
8000.0,17454.55140993054
12000.0,10488.86704216306
21000.0,25806.568383378853
7580.0,11472.62344453338
7850.0,9392.182647093116
5990.0,11484.769347458725
6400.0,14760.704972254025
7500.0,15924.445093161019
9650.0,75913.43392118691
4600.0,13038.67655918892
3990.0,6059.147671946026
6800.0,2955.392284660511
6400.0,3013.5496455184366
7200.0,11220.178070894024
2400.0,2502.2862599089676
10900.0,10724.887458581801
17500.0,58181.991246749865
145000.0,65162.65657095304
7.0,14289.549884550182
7250.0,3387.0754715836083
13500.0,9156.624280930086
6300.0,1067.3258021650472
53500.0,12406.283288700397
14000.0,18099.43886525732
13000.0,10483.496636739885
4300.0,759.256399588453
70.0,0.0
8700.0,20578.58037712845
3600.0,0.0
6000.0,1067.3258021650472
9000.0,18892.524341806842
8900.0,12738.81187368591
6900.0,5011.769532225986
8500.0,19641.05143241149
12800.0,9859.85377567056
5500.0,0.0
2950.0,0.0
12300.0,28306.562501239827
4700.0,2015.444092218855
5900.0,2232.117428207912
4400.0,4782.900909433665
7950.0,16562.193166971614
20600.0,18161.231283976023
4850.0,9038.650062196577
2280.0,0.0
415000.0,98201.0035128707
12789.0,14449.973502608456
40000.0,23716.919123678937
39000.0,16400.263648302807
2600.0,0.0
2500.0,7193.69662245857
12500.0,11264.827735767805
10000.0,6544.972013389621
7600.0,10147.918198116182
3900.0,1203.7162327795231
13500.0,21112.951234125227
6900.0,6171.554198866539
9000.0,17219.78228632115
6300.0,3358.108854065991
75000.0,34445.025726098465
19900.0,17423.593346938516
900.0,3927.35254939906
4000.0,0.0
5400.0,7036.127619655064
20000.0,22248.82477988584
7600.0,3481.0816358734482
7400.0,2505.7482518116703
16500.0,18758.342640653602
12000.0,16309.649352173892
2600.0,0.0
3500.0,287.4806627277385
32000.0,25618.194062242128
12300.0,6479.351179239795
9800.0,14823.314239338513
16790.0,14847.678569314761
10200.0,8374.2460828183
7250.0,9381.774423508312
11500.0,19036.39441412176
20000.0,21315.037701766323
17500.0,17143.580811446976
13000.0,19179.658802987793
13800.0,24755.030470966507
6700.0,6957.237984193045
4300.0,5376.210416957356
21000.0,29757.4638247524
3350.0,2390.6608113008333
1690.0,1707.8456130982704
4350.0,7006.882214387606
8000.0,52812.949941522995
5700.0,6790.8890972166555
5500.0,1991.5195683973616
2400.0,16751.22048931768
5350.0,27633.277974752073
6500.0,3680.55906566462
9500.0,10268.68763863555
6300.0,7225.411979060893
4900.0,10497.496122263317
3200.0,955.7707504082537
6100.0,8587.254770125026
8800.0,29919.061002450628
9890.0,12032.158964173705
29800.0,26153.518206468292
3000.0,3739.438351249384
61000.0,20023.88036504346
7900.0,6400.647080392851
3100.0,0.0
5650.0,3947.792479909549
5555.0,7105.030171266259
15500.0,17089.49155103719
6000.0,16225.114400343959
6300.0,3200.6777141575585
9800.0,10534.045151382237
14600.0,12477.283457144735
15900.0,20392.828115718043
6200.0,6547.019719107044
5000.0,5298.767497574452
6700.0,8248.415657046053
5450.0,5892.993741082075
6800.0,6605.886591567814
4000.0,6267.847218926036
18500.0,17237.803734031815
37000.0,131776.05652379632
15000.0,10555.321988530111
5300.0,0.0
5000.0,951.8096780415472
18300.0,28381.01816447313
11350.0,14384.839699497887
29800.0,19309.332851726835
26000.0,21278.460517190437
10000.0,16942.459708996557
9500.0,26043.52099607154
11680.0,13416.307243895852
6900.0,9063.200388887908
8990.0,6322.003193636989
6500.0,12602.700415284758
5600.0,1112.3089993037647
10000.0,22415.387086078077
11000.0,10731.356689919765
3350.0,0.0
68000.0,66674.29837387409
24000.0,36535.30675583005
17300.0,34197.34553220001
2450.0,0.0
17500.0,21387.46213628156
7600.0,12856.679996811497
5500.0,0.0
18000.0,26743.992302927956
16500.0,18579.32794462312
8750.0,8586.08686078574
85000.0,23289.017565873375
8000.0,10040.891834809216
13000.0,27463.556668813744
8600.0,7632.0583884097505
5300.0,3437.082715354296
7400.0,12760.00211474541
16999.0,18219.846612490852
6780.0,9432.068513316968
7600.0,11532.06439518906
17500.0,20138.10865233237
19200.0,16251.941541566684
12300.0,12983.599809983501
1930.0,561.0925944139626
11000.0,16950.855769191443
4700.0,3947.792479909549
7950.0,2101.236875472632
17100.0,15224.16077301474
8000.0,6508.31861176062
17500.0,37333.678520080066
3500.0,923.9251177386868
4090.0,0.0
5000.0,0.0
16500.0,21579.822325602847
4450.0,6929.0573355005345
6100.0,7753.21134357602
4800.0,4947.68153234995
12900.0,11114.17509229742
7100.0,22789.50616412069
7450.0,11144.71996117834
22600.0,44451.70889440784
13000.0,31878.60049132873
17800.0,24413.431382309882
28000.0,28101.65195794136
8500.0,8686.007713495866
24750.0,34841.063743985505
20600.0,18689.962172823994
83000.0,46862.5266519586
4250.0,5763.683452827074
5700.0,11606.83841561163
10500.0,16562.193166971614
6790.0,7182.939763883136
13000.0,27223.257010325553
135000.0,50348.79922583324
2790.0,1544.772605598091
6500.0,507.8307771699265
13000.0,15178.179743678138
7650.0,9247.67614187493
7950.0,7989.719866558742
11500.0,18707.57546001177
22000.0,21665.088584274283
4800.0,1165.8251088029501
6200.0,6725.726945990718
21500.0,13829.15955695281
12200.0,12487.988715532105
13900.0,9638.543128616522
9450.0,7247.376103366014
25000.0,36862.578077402184
8650.0,11334.97953744519
3000.0,2611.2440878545967
7450.0,14689.851944029539
3450.0,0.0
6400.0,1941.8663791238178
18400.0,16631.74829563315
9900.0,6871.068790066958
4500.0,5588.833104417625
8400.0,7673.712528751948
6800.0,2914.41529105675
5700.0,49961.825329030704
6000.0,9922.919065159313
3400.0,1544.1371758415517
10800.0,34747.12036815376
38000.0,33676.19376058946
15000.0,19011.815886898963
38000.0,40354.3168456828
4900.0,4641.9043171687845
28300.0,53798.76907445863
11700.0,11879.399027196301
3800.0,4296.597871029731
4400.0,158.87018738888855
24000.0,13507.499734926307
6750.0,3604.560700562539
22400.0,65943.94334970768
11200.0,21146.66614224695
2650.0,0.0
7400.0,6838.3381910229
3690.0,0.0
1700.0,9381.442344296644
6950.0,6172.744612784953
6700.0,10217.218318935877
7300.0,15789.47780715994
21000.0,19470.544288931666
5500.0,8955.863598380978
5690.0,9424.219292304395
44000.0,20453.143137674535
7200.0,19278.637370080436
7290.0,7018.07943315529
39000.0,53777.431771401476
11500.0,28953.62968390602
12700.0,9507.424103154357
5500.0,8938.261283880725
7350.0,3333.9213271208755
8750.0,17277.809019985016
19900.0,43579.964736967115
5900.0,6509.744252648172
5645.0,6601.591316905906
6500.0,11234.927841984161
6500.0,6564.194021249452
3300.0,2209.3314848394093
14068.0,14313.981507006913
17000.0,26386.16949502254
12450.0,6496.1561085060985
19800.0,12375.197357052613
10000.0,27333.031874635253
7300.0,8710.792653219018
6500.0,10211.525274733882
5300.0,0.0
8500.0,13663.031611564358
1950.0,4573.337021872809
5800.0,8878.218930104638
1680.0,7201.019704553444
13000.0,18044.285506112417
700.0,10774.841255067957
11000.0,7645.296033582461
41000.0,32328.754046256432
6600.0,22414.297659171145
7000.0,5102.171480369641
2800.0,0.0
4500.0,0.0
435000.0,2957.740507187169
13800.0,10345.959332010021
23000.0,27099.1272609455
15700.0,8501.615342053828
1800.0,1115.2001689755161
12000.0,51840.87757748684
12950.0,11696.871252418914
9500.0,8955.863598380978
21500.0,21725.924790153986
4200.0,4817.723524766447
8700.0,21491.884859526206
6900.0,8663.050737761881
43000.0,35455.81979288036
11000.0,9078.928856809212
15000.0,12497.719405199623
15500.0,15465.239861961378
4800.0,25823.826245858898
5900.0,3383.9626044671422
95000.0,49707.32336601321
22000.0,33384.24402883199
9600.0,8587.254770125026
7200.0,8474.250032469461
15200.0,76325.26577333294
7.0,19453.63625983287
8400.0,19143.39988845081
15999.0,14111.221244676894
13000.0,15709.081062456182
9500.0,13489.478287215643
3600.0,5143.859525562446
17000.0,57014.69828184265
9900.0,10950.810452597812
5000.0,1811.5063037612526
26000.0,32845.04542681541
4000.0,9757.155244758302
9900.0,9978.826658760703
16500.0,26860.34087308806
7500.0,9002.607746489375
4350.0,2466.3617062845733
6900.0,0.0
8050.0,14617.866631498768
1950.0,11190.045018516004
6200.0,7304.896758934716
7450.0,14968.974474505387
6000.0,8212.174752394141
6700.0,7764.112890997863
7800.0,8223.472388716025
6900.0,9054.148183972811
5700.0,2778.985933301861
10600.0,6610.031108604577
19500.0,29474.496886925826
9950.0,13979.22723931089
8100.0,14499.985682727758
45000.0,40106.29171591587
103000.0,66213.26658297668
9000.0,15994.236644657449
54000.0,39323.06270595135
65000.0,37073.908030681065
83000.0,38401.58434933574
6000.0,10246.747948973727
10800.0,14277.822877819017
8000.0,14467.672023299583
12800.0,12664.84608601224
4700.0,0.0
22000.0,26784.651366452385
20900.0,18166.310368620972
6500.0,29772.168638663596
5790.0,8722.07202466091
2550.0,0.0
16000.0,18283.907240387583
8900.0,9165.787228457782
2750.0,0.0
7500.0,7698.438576928274
100000.0,51129.78899469541
10000.0,18054.544676673573
5900.0,4707.097576264638
100.0,15594.722599082666
7400.0,11064.958905387375
11999.0,19820.808705125553
7000.0,17829.81525961914
6000.0,5827.971562438914
23480.0,16633.20747705432
4500.0,19003.530029371293
37000.0,37544.58809551703
23000.0,43241.038759664894
10000.0,19828.36852058608
5900.0,6448.495993919227
14850.0,19254.18205219297
9800.0,15698.363707179644
6800.0,11405.303107184165
5500.0,0.0
6000.0,3023.0187697363763
3700.0,811.0834358753937
7550.0,12149.036986576211
24500.0,41566.644435077236
7000.0,8767.910074407526
7800.0,3102.468695442085
11800.0,15204.53861078126
5500.0,6358.734440943419
9999.0,6157.254571848782
7600.0,9448.391147825674
11000.0,13275.099739724119
9300.0,19711.73312460066
43500.0,53465.95574065139
6500.0,9283.853025445456
10000.0,8698.659921085624
8800.0,12575.55086558796
5800.0,55845.14748727737
6600.0,10155.172337404085
4800.0,12260.430631833467
19500.0,26184.062856709
10500.0,16414.46061351924
3900.0,8549.962872112395
6900.0,19641.05143241149
2900.0,4825.65098664689
28000.0,21449.295216366936
6300.0,5734.407218364275
29900.0,48759.08626096338
4400.0,248.95821345280638
5700.0,6357.138157199028
21000.0,31707.914888363634
14500.0,13394.46446214608
12500.0,14102.431487832102
38000.0,23218.782545488993
32000.0,53549.97634326515
7.0,9424.219292304395
9800.0,11184.088288166658
5950.0,6790.8890972166555
4300.0,0.0
3000.0,22182.4285666204
9800.0,11569.5306128212
12000.0,23535.566963941794
7500.0,12174.303529119024
6765.0,12925.486050125415
2750.0,5017.622653005972
22900.0,28272.767677691223
6200.0,5425.493399045437
7250.0,6062.257450653768
10900.0,12738.81187368591
8860.0,8317.00085389605
37500.0,39384.70042814677
7850.0,12845.970492187804
6500.0,5353.786892196738
13000.0,8799.26964825696
12500.0,4946.097885798121
4950.0,5025.173752450526
8950.0,11316.78561976946
9900.0,18702.001541431775
10.0,4880.69053631432
6800.0,4405.3063371874305
9500.0,19910.006412534323
14000.0,18959.61019218186
3750.0,9565.855966362022
7200.0,11197.741306027609
14800.0,17951.08068833127
3200.0,0.0
9000.0,11020.496966357456
12700.0,20309.38292600407
7000.0,14367.639994550318
11200.0,12722.157121818313
7650.0,0.0
6900.0,10742.839984497543
18000.0,18786.99383446269
11500.0,14898.955299488334
45000.0,47218.148500735624
11700.0,14242.962585202407
10300.0,6952.377777107173
1450.0,5843.499855189368
20000.0,24636.104611100287
890.0,0.0
11000.0,2002.9848807697017
11800.0,12604.886220308697
41500.0,35020.39247878299
26300.0,18220.641383088394
8000.0,22509.72903749385
44000.0,33129.611750557306
4850.0,8322.251521987335
3850.0,0.0
9500.0,11402.414941289917
14500.0,41056.77392192067
5500.0,12494.315681791904
10750.0,13664.863105154582
3000.0,6832.651033999664
6800.0,8663.236738251755
6000.0,7916.729837468862
6400.0,5658.150077676481
5200.0,5913.095532210718
95000.0,50224.3359328769
4800.0,3352.100689204817
42000.0,53620.89410729871
40000.0,27356.576040045136
6250.0,6017.627988808596
11000.0,17065.585891739942
18500.0,20831.3308505695
25000.0,20536.091919896964
5900.0,1941.8663791238178
5800.0,5611.077357377926
6600.0,15406.734304510584
6600.0,9202.404899971076
11800.0,10167.523094434371
5990.0,11106.560648905379
138000.0,69041.662638201
13500.0,10445.097287891691
3750.0,0.0
3600.0,4103.015499620462
1880.0,1973.3197299274543
6600.0,8501.615342053828
23000.0,21359.205470350942
11000.0,10152.763643375682
9800.0,8317.00085389605
10500.0,19262.600136517776
10000.0,41409.43035642161
53000.0,37252.39453096919
5900.0,4011.8486336513306
10900.0,10657.073228380741
5650.0,2182.419789105954
8600.0,8248.415657046053
13500.0,17194.998976420666
6000.0,4426.619865485722
12300.0,91565.51733253383
12900.0,15899.427645768526
7350.0,8005.039753379511
2785.0,3941.88745653554
14500.0,11185.220647315604
6500.0,17077.73975242743
6500.0,11606.83841561163
8500.0,6509.744252648172
3555.0,10931.8015849144
5000.0,5136.072197292397
15300.0,19246.86759919043
90000.0,28081.928268684638
5800.0,5765.60640296481
4300.0,15880.092358763148
30000.0,47463.37557307564
8500.0,11819.103866778143
13700.0,8177.10655571214
6100.0,6442.067960552631
26500.0,43126.34872637098
4000.0,11629.136557231512
16500.0,16292.324669481644
25000.0,15645.016099309436
11.8,8756.801640563179
8300.0,7678.747191404589
11980.0,17342.998055184424
2950.0,0.0
3800.0,6026.956549340346
8900.0,10599.66342281814
4500.0,19400.17592620966
27800.0,28301.16211442435
1600.0,3751.3383504790872
6800.0,6358.969371445157
6350.0,9891.27495818272
6650.0,8854.64755713967
7900.0,11660.336150239
4300.0,25268.967040110645
3570.0,0.0
4400.0,6044.828297395554
7400.0,0.0
7950.0,8878.218930104638
6100.0,11829.490065766855
8900.0,13007.864083085555
5900.0,11854.146132261398
8500.0,4320.4224824596695
9200.0,10193.04721900988
4500.0,4548.737186323149
7600.0,26419.133244157932
8700.0,14504.253331841108
8400.0,10534.045151382237
13000.0,16851.963060889186
2000.0,1521.4280458762369
5300.0,15995.828441761554
25300.0,35800.00029190612
14500.0,17452.071916719397
2250.0,1138.6260932113473
12300.0,11472.62344453338
19800.0,18166.310368620972
19200.0,13403.362816192122
9800.0,21161.20966683968
9900.0,6213.142303655441
18500.0,14765.258819615057
1280.0,0.0
3750.0,7501.171175326854
21200.0,12193.130915703263
12900.0,15236.398183803987
6800.0,18800.22218230456
13000.0,11077.187911407407
14500.0,24825.276229370935
4500.0,3614.884513966368
13500.0,6797.4446186794175
14900.0,21142.499172888205
11300.0,19091.686897710522
7500.0,15946.938526719587
16900.0,20496.430471874624
6500.0,6253.432503952556
1890.0,0.0
4050.0,0.0
6200.0,10435.001835974577
2800.0,2023.802607951744
6400.0,16752.904107695955
4600.0,4968.821242479709
13900.0,18185.55761366821
16000.0,12645.072207620498
12500.0,8997.88072950982
4900.0,7018.07943315529
3750.0,5548.40394351746
5500.0,5525.957833513086
6250.0,8021.849274586424
15000.0,11903.990743453014
6800.0,12266.96285471016
7600.0,17401.132739462435
26000.0,28533.88776854957
9050.0,21400.070018591858
4190.0,0.0
135000.0,19710.62831394347
33900.0,36305.02501184451
7100.0,10451.680506206503
3990.0,2074.9317832357265
275000.0,93939.02376367035
10000.0,9748.668546310477
7500.0,4566.288065395325
4450.0,4715.544146345157
3333.0,33695.398914154866
5900.0,1947.2412766269008
7650.0,6885.997588588652
4390.0,9487.231539446224
3200.0,8496.000495199612
6800.0,3038.406082825415
4550.0,0.0
3350.0,1490.6069207057917
7138.0,6867.529150817885
7100.0,14384.349070392342
27800.0,39510.07419902786
27900.0,23451.459355924762
99000.0,106451.44308655207
19800.0,12699.083952941084
4450.0,0.0
13500.0,13113.312179469343
16200.0,22452.18355825767
5400.0,12146.518054754106
24500.0,20831.3308505695
5250.0,2858.240518426981
6800.0,13961.346534005435
4500.0,4690.628879465421
3950.0,5154.501752984084
14600.0,6807.740607272561
6450.0,7422.964587393548
18500.0,20722.140597735015
7300.0,0.0
13000.0,10748.858922639749
18000.0,8471.386895145093
17000.0,17024.41773705447
13000.0,16670.50589298212
7000.0,3530.7817645897376
9500.0,12457.835210869609
11700.0,6948.94811144429
6000.0,27294.440609019362
6500.0,25812.036852969697
23000.0,18818.598165143045
17500.0,17197.65430513788
3700.0,5064.662931345874
5600.0,0.0
20000.0,19636.384816312
8800.0,7493.987401553877
2850.0,0.0
12500.0,14577.903506008937
14950.0,12692.945376466581
11000.0,19992.928399011533
2250.0,3000.071100118721
79000.0,37165.520005173996
7045.0,9148.731874111636
5600.0,3311.509411369465
6600.0,8842.801461357536
7700.0,5313.821839095792
4650.0,5321.858877944458
6830.0,9707.982827007883
5200.0,0.0
15000.0,18053.654841209875
4180.0,0.0
6100.0,0.0
2600.0,0.0
1100.0,29433.24293382261
7000.0,0.0
22700.0,4011.8307963623593
6200.0,2367.6330005927375
23000.0,25596.929468101425
12000.0,13980.110315174308
4700.0,13668.567357862954
25000.0,11988.815748406487
46000.0,43426.39735435076
3000.0,8668.88750756242
21000.0,20103.59247918027
14500.0,21056.73436157501
6200.0,10960.527522062079
6200.0,2289.8776924976883
15500.0,10827.337791898757
23500.0,16273.872224021346
16800.0,34285.52970628692
16900.0,46155.42475904123
34000.0,19902.776842434818
23600.0,17647.524929209532
16800.0,20899.8397023534
2980.0,2326.157319851518
10900.0,12828.528077337032
11500.0,20379.152445721433
5999.0,8146.421528974319
7350.0,7662.393824692514
121.0,16499.937952747063
13000.0,12536.908856952985
7500.0,22807.13213694636
2950.0,2390.6608113008333
4800.0,1726.8814768288103
39800.0,64309.40405441809
12.5,11871.103096257128
4800.0,11992.03519118829
21600.0,15867.166967140689
8600.0,1726.8814768288103
5600.0,0.0
8200.0,18096.49568968307
500000.0,114136.17578762356
3990.0,5078.822992176425
4700.0,0.0
14750.0,13627.91550061723
4900.0,7476.818967558311
6150.0,3944.5680796443194
5500.0,5445.726220794113
8300.0,6186.625591762384
83000.0,67229.18400925967
5900.0,2452.446480002116
5200.0,65707.10511184504
3850.0,8848.362384158925
8280.0,7628.185282997198
10000.0,14549.971323793045
3500.0,0.0
3590.0,5693.742332171052
9900.0,23188.786925170116
4080.0,6948.372587154901
2700.0,6271.580275271805
6150.0,15310.011802212794
5550.0,0.0
7800.0,16941.710556331956
5600.0,1249.9820121110497
15199.0,12619.460669249209
6700.0,8725.096719293673
6300.0,3773.3183318090523
95000.0,48337.61619753575
39900.0,42934.75741360172
11000.0,9897.307692533494
12600.0,8440.302716565675
17000.0,21301.371295719164
86000.0,37303.88533986367
21000.0,32569.01025664878
7380.0,18044.88566002236
5700.0,9294.83103498811
12900.0,33128.24995045972
6300.0,18939.01550123839
7000.0,18538.68115461683
2400.0,0.0
5800.0,1201.3503850299276
6000.0,29773.824995177045
6190.0,14861.193073316259
13900.0,9393.620879354898
8500.0,7388.664515784867
2450.0,6613.517241849244
5600.0,0.0
7450.0,8414.721212483057
37000.0,51675.531398884734
5300.0,0.0
10000.0,8605.499243361808
18900.0,44758.00802778969
5800.0,0.0
1990.0,1268.2904244224428
7600.0,12110.619196990396
7900.0,0.0
1780.0,8161.957784275444
10000.0,51772.29290689787
64000.0,34181.2768058896
3950.0,6008.778995358198
6800.0,3362.4269947240246
10000.0,40731.87918664646
8900.0,13969.713989676511
3200.0,7038.703782114953
2750.0,0.0
8800.0,4335.644812521161
16700.0,14550.97336841447
4900.0,107719.00716098915
45000.0,36341.91324799422
2620.0,11480.690712341344
22000.0,18089.155390961638
8300.0,16802.133401854997
7950.0,6358.969371445157
4890.0,9011.094444937196
4950.0,5763.683452827074
4900.0,5745.560635237953
19500.0,55290.89067410084
5900.0,1411.1587128255796
8000.0,4037.3861951904873
2150.0,0.0
2500.0,17086.616124604177
95000.0,73688.42677259375
10500.0,8486.705059118498
7100.0,9722.977888749949
11000.0,19178.603490460973
9300.0,7645.296033582461
14000.0,8761.363303333257
15000.0,23190.26488327407
3980.0,17420.249568799874
12500.0,13294.756805913854
3300.0,11637.621026006687
6900.0,7478.4132183122165
8600.0,7680.54170258767
8900.0,9165.787228457782
22000.0,18097.724179007975
2700.0,16048.391123215271
14500.0,15228.483708132135
3600.0,333.5709231992578
6990.0,3589.5840127000592
10500.0,8450.9761424555
6300.0,12898.498247819341
2680.0,1976.1991236391732
13500.0,7971.266538493699
5250.0,10206.449488861148
41700.0,35224.73268840228
5500.0,20576.651076293852
17800.0,16548.748158362516
6500.0,12638.913331318097
21500.0,29212.243234888523
16700.0,18432.977033188214
19000.0,27743.676057696674
9300.0,13726.378300549077
4350.0,321.2650023439446
5500.0,6193.550424533249
23500.0,31797.556708074477
14000.0,20545.005383692496
33900.0,25718.319942962753
14000.0,14490.337383982886
52000.0,44672.8641153847
9800.0,1246.7565063483507
12000.0,19797.645955521624
7750.0,6989.63400926549
16800.0,19189.10506731506
7200.0,13638.778899676785
5500.0,12146.166670929033
10800.0,10430.382883522929
2700.0,17346.04699873567
2700.0,7076.474408281989
29600.0,42904.57709355926
3400.0,0.0
3969.0,0.0
8500.0,13359.046674229972
8800.0,18860.71386931895
6400.0,9409.091455639453
30.0,0.0
14500.0,13543.489084729077
2500.0,6878.2061354035795
11500.0,23481.175766897122
6700.0,8725.096719293673
120000.0,54902.93511497327
16000.0,8322.251521987335
2800.0,0.0
6000.0,5611.077357377926
4500.0,1313.2024182896275
4200.0,17326.612400151225
4950.0,13714.735235817574
36500.0,21896.61436772648
3850.0,2784.4192372776815
2750.0,0.0
2950.0,0.0
17800.0,49438.64726843903
3100.0,0.0
11600.0,5607.317112762059
9190.0,5279.691216368257
16500.0,12340.75579615124
205000.0,99386.18228572358
6800.0,6356.697338317115
35000.0,39473.59895722465
3200.0,5233.445246288073
5700.0,3108.9989299400077
9500.0,16309.889415310226
10490.0,15016.12936761857
5100.0,9424.219292304395
6780.0,8332.86805698811
6900.0,9314.656807745294
22000.0,11044.90471685856
6250.0,4426.619865485722
8500.0,11264.827735767805
5000.0,3467.6936547729274
7500.0,8930.428961144387
10700.0,29454.112011360023
9200.0,11217.461068863715
7200.0,16022.595589794895
37200.0,26450.010886991997
7500.0,18193.949344855184
4850.0,3035.3311169207063
35000.0,16867.499316190308
11200.0,9944.264358587265
4800.0,13936.064624289174
13500.0,15137.0425647933
20500.0,16139.443782258197
18800.0,24134.796767189786
4950.0,0.0
6800.0,24006.527725936667
14500.0,21150.55356790538
24000.0,13507.499734926307
34000.0,22625.193697094368
9800.0,20765.56484377622
4500.0,0.0
7400.0,6838.3381910229
10200.0,8222.879767379412
500000.0,105157.05125073246
6400.0,7286.867676516722
7300.0,16634.88222688593
170000.0,60861.91909853056
6800.0,6442.067960552631
27000.0,22488.08774051572
7500.0,6334.893904238723
6300.0,7402.61389083295
23200.0,23456.286816132673
23000.0,10042.084471754599
6000.0,5658.150077676481
4800.0,5464.072875841051
6490.0,3109.910442619257
36750.0,35224.73268840228
5600.0,2552.6860214099324
10500.0,21945.462096866464
15000.0,10167.523094434371
6950.0,11586.802250031895
5300.0,5859.825791746713
850.0,1316.8595077547689
23500.0,26108.175634361305
7050.0,8032.928476337824
40000.0,42933.60342310525
53000.0,37252.39453096919
68000.0,42325.95039829161
7900.0,8833.973693805397
15800.0,18837.827187982813
90000.0,50617.614230926076
7500.0,13936.064624289174
17000.0,25951.318827571657
3850.0,321.61942369581357
6000.0,16817.87943313652
12300.0,9824.664020127257
16000.0,16022.595589794895
5800.0,3476.699642837506
7960.0,10167.523094434371
6000.0,774.5080103674163
9800.0,22568.749931679067
56000.0,50358.98698349843
10900.0,11777.242384726625
19900.0,23273.147053243014
16900.0,17610.80235947488
19990.0,16224.184986110722
18500.0,18861.39179346067
7800.0,10240.417454564205
2130.0,1870.3140994047517
36000.0,53784.53459395109
11750.0,12664.84608601224
8250.0,17736.264425139303
5390.0,11415.040664801512
10500.0,2216.7518502954663
80000.0,28219.8609441489
4200.0,0.0
5850.0,8434.458708894617
39000.0,41256.8268478542
15500.0,12390.946042838987
9990.0,7909.680435976097
4999.0,3368.7917008208387
9500.0,13215.862501934822
9500.0,7275.472009376204
5150.0,0.0
9800.0,5263.653109869143
7400.0,4242.285618722071
9000.0,18892.524341806842
15200.0,18166.310368620972
13700.0,18892.23253137645
14700.0,13644.920965151097
5400.0,5606.239924111627
29600.0,80537.36847104446
13500.0,22615.39763091246
36500.0,8730.169820980578
58000.0,34388.45393283543
23900.0,19032.69747110912
14800.0,16105.90226106808
52000.0,32308.36118585456
10000.0,8406.422373283125
8500.0,17227.77311751535
7000.0,6732.352418491115
4900.0,2015.444092218855
10500.0,12308.51563214132
12200.0,15946.501849404645
5800.0,8875.621054172803
6266.0,12060.280460697704
5600.0,7272.0336009312705
7900.0,13936.064624289174
13800.0,7481.379216528638
4600.0,0.0
4550.0,1326.786000287737
33000.0,43134.08554947279
13900.0,15409.116598209297
3200.0,2273.0978888957216
4180.0,2328.105665932024
5600.0,1959.546651822864
4690.0,1013.626652169467
21000.0,10335.6856173776
8100.0,3769.079569557478
3200.0,5376.210416957356
15800.0,21111.247025812536
5990.0,11603.433344688547
8300.0,20101.374358459154
18000.0,32132.33569868396
1000.0,4075.646779402381
2750.0,569.8080550216528
6350.0,7099.977970424254
10600.0,15746.90306492566
31000.0,19770.930365926197
4700.0,6840.746457345907
23500.0,26644.424233822134
28000.0,30197.426391441073
6960.0,8172.058423489496
7900.0,15531.714077382876
4390.0,5859.825791746713
2500.0,0.0
63000.0,8826.89750456817
23500.0,27867.26581427673
135000.0,52845.34815908897
4950.0,15392.08708972959
10900.0,14715.77478949761
12000.0,21963.60678044279
8000.0,50415.624278936346
13500.0,13374.060906438594
5600.0,5763.683452827074
26500.0,35673.3984055318
7200.0,4884.317466495153
29800.0,38240.57331584064
12800.0,9978.826658760703
4950.0,15535.487343928799
9000.0,14472.439100370175
8250.0,9800.208983793913
7600.0,8047.48258377507
9200.0,16499.598557353864
7200.0,8356.371921016935
27000.0,32456.122502595343
3250.0,1249.9820121110497
3800.0,1112.3089993037647
2450.0,0.0
26000.0,31365.519085759308
7200.0,6747.926601732775
17000.0,13989.841004841826
170.0,5763.683452827074
8000.0,20075.785308626873
10200.0,13297.650063490397
17900.0,11470.054962445083
6950.0,7291.032813210722
16000.0,11774.636849301689
10900.0,14645.592101673668
34500.0,10141.900521199717
16500.0,28547.991593307142
9900.0,8090.105708708405
5700.0,10346.884829251037
6300.0,10316.481064906071
2450.0,0.0
14500.0,25572.296687818754
14600.0,29768.991769288255
7790.0,10041.720815090128
6500.0,4023.8996797209365
6380.0,9375.933663247644
7000.0,317.57993885249107
14400.0,12645.072207620498
7200.0,7561.933895355996
63000.0,53043.72447229046
8600.0,3216.962951250269
9300.0,17397.52013096713
12000.0,12487.988715532105
5000.0,2955.0813050780816
6200.0,11064.958905387375
5800.0,12470.237085681732
6700.0,3999.6172646822706
2300.0,0.0
13000.0,13026.602004233122
8600.0,15310.011802212794
11000.0,19081.798578038157
5980.0,15946.938526719587
3680.0,20456.826127017353
5200.0,7286.867676516722
15600.0,19775.4406026488
12000.0,16232.987080771203
5900.0,7645.296033582461
2750.0,0.0
4590.0,2195.739992555631
5900.0,8496.000495199612
8500.0,21014.873127544477
22000.0,15697.805096702097
10000.0,10694.52649961328
4200.0,17729.307615609225
10000.0,10739.896324050776
5850.0,11569.22396506124
6500.0,2810.788520313021
1550.0,0.0
7100.0,20756.90901700174
5780.0,10170.280092125497
6000.0,6442.067960552631
7050.0,16562.193166971614
6900.0,7480.985784621029
7000.0,14311.462696073406
3500.0,0.0
12000.0,10786.003595367958
11300.0,6059.147671946026
16790.0,16195.264643381739
4150.0,7282.675643641867
4200.0,1616.8773302978043
145000.0,79471.64610410773
5650.0,8190.3902674997735
8100.0,4426.619865485722
7700.0,10756.74075334769
16000.0,30476.778565661956
8200.0,3527.5403665002377
4730.0,2454.616914336457
3900.0,158.87018738888855
9900.0,11292.330583436116
31800.0,29402.199323105142
10800.0,12785.701278176814
6300.0,6292.642982293852
9500.0,14488.891941648864
6800.0,12826.328503896715
11000.0,15136.246640013982
4900.0,24426.25158761186
10000.0,21315.010537304155
8680.0,12868.006212844408
24000.0,45130.60342440732
14000.0,2749.0456805908034
4950.0,3439.5327844932326
5250.0,10871.667411089096
1000.0,0.0
69800.0,27080.875720171924
7980.0,15100.908078273194
12500.0,19121.956900600275
9500.0,16823.9391503732
10500.0,5771.234552271628
2800.0,0.0
2680.0,0.0
9800.0,12273.543538516537
5260.0,7038.703782114953
9600.0,6848.475512109295
5500.0,815.3165111903081
8100.0,3294.683163341444
15800.0,11234.927841984161
11900.0,5803.229634103884
4300.0,2015.444092218855
3680.0,0.0
115000.0,54686.98997738866
33000.0,60872.74015154512
3700.0,230.90953540601095
3599.0,11211.686703524265
17000.0,35027.501776437246
12900.0,4748.1718383458065
4300.0,12152.799365508898
35000.0,38007.50680144681
4600.0,9011.094444937196
12500.0,7405.360147435829
1849.0,0.0
5900.0,15650.841383740015
8500.0,13234.049515353207
12700.0,9978.826658760703
7666.0,6025.752016189359
4900.0,5987.920678912444
18000.0,22891.18974380519
3200.0,0.0
5500.0,5365.517447518285
15000.0,20256.749420602813
9300.0,21810.289427099822
3960.0,0.0
9500.0,13957.082243918438
60000.0,42336.381092417796
17000.0,9502.86244038428
28500.0,32005.541902159148
24500.0,16850.98165379835
3950.0,0.0
6500.0,10438.02748834556
12500.0,21785.408733179775
9000.0,24457.19333873394
6500.0,9251.554546492698
9800.0,17846.28027987628
4700.0,7190.69766861049
13500.0,9986.803843028196
27900.0,16893.00836103505
1450.0,22869.88483583127
19300.0,12355.68882663166
9000.0,8200.624395321134
4200.0,4079.5901868257897
9000.0,10724.887458581801
5400.0,7286.867676516722
20000.0,24006.527725936667
27900.0,45130.73857527369
4370.0,0.0
16500.0,11297.396032749704
1500.0,10042.084471754599
5100.0,21273.74305473131
10200.0,18121.285764077707
18800.0,26098.736006190713
6400.0,1519.0785467265596
5500.0,1285.2552106086696
75000.0,40883.48871802741
5500.0,701.362540213423
44000.0,32702.737235776916
12000.0,15884.130804941404
15500.0,13687.588073785693
4800.0,73598.54602937038
15000.0,8021.532809197302
6200.0,8923.167355533242
10500.0,9657.35120995641
16000.0,10919.6148543104
215000.0,58148.3132098052
16500.0,27574.850829164996
6400.0,3023.0187697363763
75000.0,101079.69684296397
2190.0,12159.482019836356
11300.0,21999.655269863826
4000.0,321.2650023439446
11500.0,12898.86016533
9800.0,3206.1891374874867
6000.0,23438.53433261662
21275.0,17449.496581068444
14900.0,13498.390803502421
20000.0,26000.413766735353
2250.0,4201.620732528849
2049.0,0.0
13500.0,11220.178070894024
5100.0,0.0
24681.0,24919.435487594495
7250.0,19641.05143241149
1000.0,17736.676467914564
4050.0,4493.1683896105205
24.8,12217.009058224005
19600.0,17906.582213161444
5950.0,2847.297675293734
3000.0,185.10930886743427
4300.0,0.0
9800.0,7782.188419476166
4950.0,0.0
4580.0,4299.061360823191
6800.0,5425.493399045437
5500.0,6290.066819833963
5650.0,7586.807257167009
22000.0,21312.930304767757
3980.0,3756.4875456702175
8500.0,14262.550716254758
14700.0,13120.18164011636
34500.0,26937.456252621745
20500.0,18218.98803353751
3590.0,0.0
6300.0,11072.080873287898
7500.0,12868.006212844408
6600.0,3003.8928142751465
4060.0,19400.17592620966
7700.0,19498.74895898434
4150.0,2655.7099737584485
2350.0,0.0
11900.0,14262.550716254758
7200.0,5763.683452827074
5600.0,6838.3381910229
4300.0,3181.9598582517137
5500.0,2192.9792224792254
5600.0,5909.605431914464
7000.0,9624.27972992574
7700.0,10368.114292476319
26600.0,48996.529478927565
11490.0,11068.607149271065
13000.0,10582.554645571417
9490.0,13658.49947409182
130000.0,66132.30540819903
19999.0,31088.880520929884
7800.0,2254.7128922093507
11000.0,15089.87017205793
9000.0,12574.528463607607
9700.0,5127.335863878578
11400.0,8032.928476337824
6600.0,6704.53464628911
17500.0,72027.60423649442
8600.0,5174.425091828409
11000.0,6825.199545178071
23000.0,25396.57124393307
65000.0,43788.62815688053
6400.0,6648.126849163647
12000.0,26467.04876476227
4500.0,7668.709517481486
28500.0,26224.043824740143
13300.0,11082.406863965403
56000.0,48957.6362427978
17600.0,13690.302362652874
23000.0,24594.318434001707
2000.0,1707.8456130982704
22500.0,19149.525750609766
2980.0,1733.0511515490289
2880.0,0.0
11500.0,7010.464099184337
16700.0,12664.84608601224
89.0,12856.679996811497
5500.0,9559.866296211825
2800.0,13153.470502031465
3200.0,7476.818967558311
16.0,18848.026622614343
4500.0,8793.543383596172
24000.0,20330.290198020077
14000.0,15668.399813698139
36000.0,22257.686443418424
8900.0,12140.867480214485
4700.0,2858.240518426981
4730.0,0.0
8700.0,7217.538351066782
5300.0,739.9958285657076
21000.0,31030.574104014657
11000.0,12482.973620669112
12000.0,17313.803748778842
14600.0,9742.806242341958
3290.0,2143.7189101594413
9800.0,17438.123575829948
8800.0,15966.089553836267
52000.0,0.0
4490.0,6601.591316905906
17600.0,7525.946071461898
13000.0,16963.992481818317
3750.0,0.0
4700.0,20135.776706677778
4850.0,9515.480858369378
72000.0,46564.01183912881
4400.0,6037.837725532358
11900.0,15546.263869660546
12500.0,8387.788677515458
10270.0,12277.758915745206
10800.0,15553.664441986373
10500.0,7535.039355968474
10300.0,8217.896831263577
4500.0,957.8732474995268
6500.0,7089.8133190535045
7500.0,2960.3081056267965
450000.0,187310.35603810902
18500.0,50561.761464405135
15700.0,14388.25972714186
6000.0,7963.599150887883
7000.0,11502.801553168792
7700.0,9582.866090799773
6300.0,18735.89500610348
10800.0,8217.896831263577
6600.0,4590.618433552667
4390.0,1708.5561145153551
3500.0,17006.15729479001
12.7,8996.745442520858
13500.0,11551.142480551054
5600.0,7993.436903187116
10980.0,14547.021096372508
3799.0,10012.553593800545
12500.0,28092.20422775675
7500.0,11383.396557824923
1350.0,2132.1606041114774
5000.0,4910.1785380203055
10500.0,13599.982567070263
26500.0,63579.259330977904
2680.0,0.0
7650.0,6044.828297395554
2850.0,0.0
4800.0,6213.142303655441
38000.0,28605.651965641
15800.0,17160.52141334034
30000.0,137362.09671524793
8200.0,8015.302503512155
3300.0,0.0
14000.0,28383.649168723034
7200.0,6055.766221429018
579.0,37962.47896282679
10000.0,5172.680665306823
6700.0,6059.8826389168935
5980.0,11766.067153999025
3500.0,6448.622756413664
7850.0,10226.045731120244
7900.0,14628.57275644059
12700.0,21700.058571095276
65000.0,63192.02361977124
6600.0,3387.0754715836083
5300.0,8950.174042808452
4450.0,0.0
10490.0,12840.171268408081
6390.0,11035.120171726248
3800.0,0.0
11700.0,8955.863598380978
7400.0,9792.667341479522
16000.0,19878.266018284903
11000.0,20201.357737465936
8700.0,14162.36804371695
11200.0,8129.560254351702
2450.0,9315.407965377828
12800.0,28941.350946492585
10900.0,20308.215121148267
4400.0,8532.086852943481
18000.0,29039.68286765734
4200.0,3257.71290780621
4600.0,158.87018738888855
8100.0,11064.968658173479
5950.0,6358.734440943419
6680.0,4281.7453636327555
36000.0,30347.110571263034
6500.0,5027.806163453857
15350.0,21315.010537304155
8500.0,9432.068513316968
8490.0,7151.308651637846
62000.0,32597.18092065139
5800.0,3274.262643464579
2000.0,0.0
95000.0,80156.01660134409
12000.0,12082.467277515934
17500.0,12497.719405199623
3500.0,0.0
23000.0,42592.323225436994
4100.0,0.0
7600.0,0.0
14000.0,19602.909028041067
12800.0,17183.8547395979
9100.0,0.0
6400.0,3956.914302238816
9300.0,9004.69731509295
6450.0,6060.589670037638
6200.0,7551.2692715882295
8800.0,10282.51524965949
24681.0,26865.211783644194
7300.0,4845.01956465311
5980.0,4485.4991510704895
14000.0,12395.83786113017
20000.0,25253.77785494534
53600.0,47555.1946678696
7300.0,6357.138157199028
23000.0,66408.09143268627
5950.0,47775.61254228551
1000.0,3798.889532763027
5200.0,11010.537457765484
8950.0,17205.019888510167
5580.0,6358.969371445157
13000.0,25231.23070184506
5600.0,12082.467277515934
7300.0,5261.201169199681
7500.0,6309.747275362897
8600.0,7552.711269679841
21000.0,15668.399813698139
14500.0,28336.69596354292
13500.0,21748.50320927328
214000.0,169524.7957521452
7500.0,5638.722378154529
73000.0,19646.76731589694
7700.0,13638.778899676785
6490.0,5909.605431914464
10800.0,14715.77478949761
4990.0,0.0
4900.0,8955.863598380978
11800.0,8456.344100149972
5800.0,739.9958285657076
6600.0,3661.9900916596453
8500.0,15465.239861961378
28000.0,21114.68131506755
4800.0,1719.4551096740433
12000.0,11838.08093165222
7000.0,13631.626978513195
8200.0,8206.931343726852
125000.0,41360.62734791158
9900.0,11184.088288166658
6500.0,14755.00230820492
6000.0,5611.077357377926
7000.0,11844.864420092916
60000.0,41481.989606057265
70000.0,67212.65369147243
11000.0,17985.085464388965
6000.0,4359.223632140998
15000.0,14683.183399203273
23780.0,42674.667317786385
34500.0,24079.215429549833
4500.0,6020.747469392116
3980.0,10264.863513420165
11800.0,18490.52654370428
27300.0,23744.040033275953
6800.0,6362.000772254127
26000.0,23443.698275929295
4430.0,21537.660609840732
4800.0,1392.0793110891464
23500.0,13715.84031823531
5999.0,6451.692401679795
16800.0,23365.67475996749
22200.0,18393.3597974937
3900.0,2928.282764939413
52000.0,66781.85479451506
7350.0,4892.661578333427
48000.0,29289.436547391397
5600.0,3752.9804611529726
5450.0,7201.2082254113975
10800.0,12308.51563214132
3900.0,26221.79607379583
6300.0,6932.686391583487
8100.0,8005.039753379511
6860.0,8132.158130283537
66000.0,29399.387364833947
10200.0,10920.577817658035
20500.0,14647.322182615993
4150.0,64.10394816090502
3800.0,518.5118116114418
2700.0,0.0
12800.0,15737.259458715649
6600.0,15535.487343928799
12700.0,11082.406863965403
7600.0,12463.049653504459
17500.0,17995.620791048477
10200.0,16051.943119103093
4200.0,6838.3381910229
5300.0,8368.902672410402
4150.0,19400.17592620966
45000.0,34232.99515748286
6480.0,9251.554546492698
8000.0,7993.436903187116
10490.0,10362.305196983238
24000.0,27116.383944092526
5300.0,9855.928069123678
34000.0,19237.148323427693
8900.0,11940.10679766538
6000.0,16172.978838836963
5000.0,5521.786419104932
146000.0,60883.41569619287
10000.0,9944.264358587265
13400.0,13218.324250084468
12400.0,8047.48258377507
7900.0,7656.473646121274
45000.0,110326.0062070423
14500.0,22637.596082902633
15500.0,17582.365951462012
5450.0,13395.739564653337
15400.0,14609.269199585306
2790.0,1805.3404073644924
17900.0,1472.8820990271743
6000.0,28040.50140884046
5800.0,646.0185112680456
7850.0,13199.711550942673
7800.0,1959.546651822864
57000.0,60328.73134624101
3750.0,0.0
19500.0,26839.681014458107
5600.0,11402.414941289917
4500.0,0.0
5600.0,3956.914302238816
6200.0,7587.446044502543
6000.0,7736.928128942378
14900.0,14191.839359129855
4300.0,11296.01744613719
4100.0,1451.4483495819222
50000.0,35630.61643751254
3700.0,0.0
5880.0,598.3292867716291
11800.0,12014.966092508846
15000.0,17184.37770916586
5190.0,3613.1628323198966
8850.0,13473.110241447463
16000.0,33601.890386861734
12800.0,21818.648992017792
8250.0,14262.550716254758
1000.0,30578.128861654255
6150.0,1360.4490506531856
5250.0,0.0
4800.0,11829.490065766855
7500.0,7849.259756841231
3130.0,8589.155392435454
13200.0,8624.745034260908
13200.0,12661.654856403675
3650.0,0.0
9100.0,6456.956817165072
37800.0,33886.78169352212
8500.0,14472.439100370175
11800.0,18885.455271761384
5200.0,2934.4982658435183
5959.0,2851.604020760631
3800.0,4711.926518118686
6100.0,7304.896758934716
10000.0,9699.036488070586
3400.0,0.0
57500.0,25700.781701956217
24900.0,24043.799147635968
7700.0,14516.43643120411
5000.0,13393.187891355563
6000.0,14847.678569314761
16000.0,14990.512403144625
4980.0,2326.244623274548
17000.0,18600.823087702298
8350.0,14645.592101673668
5000.0,15703.149225975318
22500.0,10724.887458581801
63000.0,45817.95103930771
9600.0,12110.619196990396
3400.0,0.0
29000.0,41451.22382701849
7080.0,13366.594366212918
2200.0,13666.425128761224
2550.0,18216.16121841089
9800.0,8249.652440672335
8900.0,9351.560043182912
8700.0,6357.138157199028
5100.0,0.0
70.0,3375.308783266706
15000.0,21907.270466660782
9000.0,15950.25304968132
8000.0,18912.371168442074
5900.0,3388.7608462733297
5900.0,2185.830998980986
10890.0,8209.802798559876
5700.0,3512.2825321338278
7800.0,14414.62815768406
19800.0,12589.040397189307
9500.0,18784.217092610415
6300.0,1213.4858520017624
6400.0,4892.661578333427
12800.0,15746.90306492566
4100.0,2031.9130109455655
5190.0,0.0
15500.0,14390.981764972199
33000.0,38247.253610521904
18950.0,15473.036781057304
26500.0,10588.219664927605
46800.0,28092.20422775675
37000.0,19628.443069532612
15900.0,14554.468477688813
9500.0,13428.227417979306
45000.0,36422.25460353226
11600.0,9700.305392056289
6900.0,6374.219704133478
8600.0,5612.673641122317
7500.0,6597.984109066201
15500.0,16283.664976719603
12000.0,7120.280503954578
120.0,14253.918638832212
4900.0,1565.7487760868717
290.0,46407.474175026044
31000.0,30841.61230548283
25000.0,36554.68327133845
13000.0,14969.080419286965
4500.0,4557.1772720124645
13500.0,22489.954722246453
5000.0,18860.71386931895
8900.0,13433.69029823077
6500.0,4247.160973755854
62000.0,82826.90111184819
3600.0,0.0
7000.0,11428.242729297923
12300.0,12246.540951895899
14500.0,5365.517447518285
12300.0,25014.62111517274
11300.0,9198.203558766163
5250.0,6733.981478733549
6250.0,0.0
4700.0,3023.0187697363763
10500.0,13320.589263428708
5800.0,0.0
8000.0,3357.3048876756984
7500.0,1994.3287475731668
14700.0,17717.235999986162
46000.0,0.0
3220.0,606.9633647271312
11650.0,15310.011802212794
22900.0,21956.50780300897
4600.0,2641.0146717625066
4490.0,0.0
6600.0,3556.8493201341225
21000.0,28616.567261114204
5700.0,6044.828297395554
21800.0,13158.76021712134
9200.0,14262.550716254758
4050.0,3198.5072798232177
3050.0,0.0
11500.0,14445.976138813781
8050.0,16266.754267758271
3990.0,0.0
11500.0,23331.34145450094
15500.0,30944.851322336483
6700.0,4426.619865485722
7000.0,5221.3964805168835
5000.0,0.0
15250.0,14397.624711025019
17500.0,31998.860199547355
14960.0,14848.4922876532
5000.0,14229.779782746264
4650.0,8769.285999004907
2750.0,950.1500733550201
13500.0,23255.78983731495
32000.0,22027.29806278049
39000.0,31362.6509169562
3210.0,6444.636868789388
5000.0,3676.3587447757345
2450.0,3471.7826739692136
15500.0,15250.314131662206
3800.0,234.759877186606
16000.0,19111.05856908932
3190.0,0.0
6850.0,1690.2936957777456
17000.0,18165.930220954913
11300.0,6289.000602400516
3990.0,4202.60733898497
47000.0,17372.21395840535
7200.0,13751.812079525724
4600.0,304.3861010017599
4000.0,7637.748341599516
25400.0,29150.22698039016
2800.0,0.0
26000.0,38730.68700959624
2800.0,0.0
570.0,561.0925944139626
215000.0,97827.13765509473
10000.0,20248.31812157009
7200.0,6932.686391583487
3680.0,13958.169447842436
5650.0,4693.853279730651
6000.0,1700.2111279057717
17900.0,36108.15570969395
13300.0,10970.76444337839
4250.0,5987.920678912444
7340.0,9275.585803210259
13800.0,16546.329171370893
24999.0,56198.801370725894
23500.0,26550.5585097033
8400.0,12536.908856952985
5790.0,0.0
6200.0,2465.5159094951414
5850.0,4607.726092375637
7800.0,8031.010014706077
14000.0,14645.592101673668
7550.0,7254.379411581722
9200.0,11327.884961368763
4590.0,11221.823974950217
6000.0,12463.848369706742
4000.0,0.0
3800.0,0.0
4000.0,5298.767497574452
17600.0,14915.524646421112
3790.0,0.0
3299.0,1105.3942857191469
33000.0,33290.74839935357
5555.0,7233.694931571486
18500.0,16971.17520016506
5750.0,6062.257450653768
55000.0,29800.513762180297
12100.0,28041.66039713476
10890.0,17754.023832859635
2480.0,2642.2386318289755
19500.0,16674.07518769729
9200.0,9874.259160792502
7700.0,4988.346418543173
3900.0,0.0
28500.0,68200.88857451202
2950.0,2390.6608113008333
9900.0,9335.116425046148
18000.0,16742.43573130441
7750.0,4690.628879465421
3690.0,843.9432028461188
5800.0,3304.4221636600414
12800.0,13260.170627533626
10000.0,22489.954722246453
38000.0,24370.395469332554
6900.0,21112.18645329145
4250.0,4929.204314996499
5000.0,9552.89152107175
10900.0,13440.589286498092
6750.0,5425.493399045437
50000.0,42423.14772596081
2250.0,7824.014762969855
59000.0,33712.25285614295
8800.0,1067.3258021650472
2800.0,3471.7826739692136
22000.0,49090.6066191299
15800.0,27017.01485820449
7500.0,6384.783177975631
4500.0,0.0
13300.0,18303.449679547393
58000.0,37887.103534190304
26000.0,19820.808705125553
14900.0,10334.92306099974
5999.0,1120.0869120509815
1420.0,0.0
5700.0,4063.8164734649436
6400.0,8322.412530681038
4650.0,24819.71054037574
6800.0,31460.924331846076
10.9,18038.450771013097
5950.0,0.0
25774.0,26431.319361062797
2900.0,0.0
30000.0,50867.86168865756
2850.0,3736.743157885141
7000.0,17829.81525961914
5800.0,0.0
8000.0,2443.9312776837505
18600.0,45153.55047372183
7600.0,10451.680506206503
13000.0,24542.222227396425
20000.0,18267.65801249874
5900.0,11990.58964618194
12000.0,17448.618539778927
17000.0,18166.310368620972
7950.0,12885.56617869209
8900.0,7551.2692715882295
7300.0,15790.041697743367
5000.0,701.7972652443586
6100.0,0.0
6400.0,15163.196289408363
9500.0,14141.697095397536
30000.0,31425.35935291764
4700.0,11083.429265945757
7000.0,12161.101464622614
2390.0,57.75609565676132
8500.0,8848.362384158925
10200.0,16378.65842540468
7000.0,3701.4530844816127
1990.0,738.0969539368953
990.0,0.0
5500.0,3613.1628323198966
4000.0,5340.529434357461
6950.0,1752.240710000202
1580.0,8693.3298250536
16000.0,9160.782012304157
7499.0,12975.677744212178
3900.0,4680.987158779051
14000.0,13800.960296551406
7900.0,11818.320648860481
4300.0,32803.21335945619
5950.0,5848.232280190743
13500.0,6352.249360468471
15500.0,14990.512403144625
4000.0,7212.510720706185
3500.0,6359.143867793096
7000.0,6640.320526936002
13200.0,9762.771159413402
3500.0,4699.134202276182
5800.0,3200.6777141575585
3900.0,3452.738193853578
8800.0,7662.393824692514
20000.0,15736.573202965727
23000.0,25483.046023679464
2150.0,20011.430110200108
8300.0,4692.799313799762
35000.0,48876.391167482594
21500.0,19366.219297781558
14000.0,21561.490593063343
18300.0,29838.52278359634
10990.0,20158.55648788134
6900.0,11829.490065766855
7700.0,9165.787228457782
7500.0,0.0
32000.0,29274.491269397917
8800.0,6017.627988808596
6500.0,8548.77023516701
4590.0,0.0
5980.0,4959.570802037591
12500.0,10447.98519802318
13000.0,16727.72501284865
380000.0,109995.67102816256
23500.0,9932.424316207878
7400.0,3579.570791565693
22500.0,31367.503181261014
5300.0,10374.803474945566
11950.0,16768.656389615993
50000.0,30256.556727913983
13000.0,17544.064718745296
12800.0,28927.755415101998
14500.0,11106.560648905379
7500.0,8699.298404714467
99900.0,70293.17859275715
15800.0,32117.989387368867
4700.0,8912.73278140431
12300.0,11915.369355030158
5600.0,1506.6676910376846
19900.0,40808.66953262381
5600.0,1613.4775722955092
4750.0,0.0
5890.0,3961.036776443536
5800.0,8282.152290915321
6700.0,11250.16715757865
14500.0,19194.408574077923
5800.0,1625.2768675405914
9300.0,12896.09122756329
9400.0,10115.201455724837
5500.0,4809.877273286045
4500.0,0.0
15800.0,8548.77023516701
9000.0,19124.00970840928
85.6,0.0
5200.0,7494.701425268795
2.0,7279.529643472004
8900.0,13429.113847508928
5090.0,6357.138157199028
3600.0,20467.458670714663
2100.0,19256.87676484347
3600.0,3811.116472191363
92.0,70276.45020581534
3300.0,0.0
5200.0,1112.3089993037647
10500.0,15236.398183803987
36000.0,28179.389355171526
46500.0,76275.50373178239
4630.0,0.0
12000.0,11651.851653102218
5999.0,3512.2825321338278
5200.0,6358.969371445157
7180.0,6687.910898761824
13500.0,21619.945610373587
10800.0,17325.67845125029
25900.0,27807.0468147374
5850.0,4568.058006353063
15700.0,14960.005378467471
15000.0,15319.206480262987
20000.0,23008.969584197883
4450.0,5064.747441867512
11500.0,5913.229038705864
30000.0,20760.261344684128
2700.0,3530.5703184560552
7400.0,5548.40394351746
29200.0,32742.374465008364
7500.0,8547.4549166397
4650.0,6286.821816977688
13200.0,24252.846504344725
4300.0,6044.828297395554
4700.0,2158.1282402841753
6300.0,2298.2720446602725
2900.0,12431.281705649933
19500.0,23297.749730613734
2000.0,22185.96743256128
21500.0,54939.29015226805
13000.0,11114.17509229742
9500.0,9457.085960709457
18000.0,33065.9654117272
26100.0,46211.085839021325
3400.0,0.0
22900.0,23627.8805457919
7600.0,3701.1421048991833
9700.0,23627.8805457919
13200.0,16956.22617461462
25900.0,28533.88776854957
25000.0,25379.730300893636
5400.0,692.4914840805122
5300.0,7802.709435345909
7990.0,10248.751049193368
7700.0,7233.694931571486
7800.0,5571.45195411153
8000.0,7957.968877350255
20000.0,28092.20422775675
15000.0,14519.871310594961
3600.0,904.9309872099902
6100.0,2810.788520313021
7400.0,9740.537256688254
7600.0,8604.61419315575
12000.0,10788.419604769817
10000.0,5340.529434357461
9000.0,10724.887458581801
1380.0,0.0
15500.0,11594.711673149763
15500.0,13433.69029823077
65000.0,34902.020815811265
8500.0,15450.970250604281
1900.0,0.0
5950.0,16692.999326540692
23900.0,17391.205068526753
51500.0,27355.591158120264
18500.0,33642.46946127566
20000.0,25596.929468101425
16500.0,71499.23694008066
4300.0,4869.879172611923
5600.0,14052.455831015453
6800.0,7512.217421749356
19000.0,25499.693291962856
9800.0,6357.138157199028
1380.0,8614.68092478699
6600.0,12490.000265270235
5350.0,7628.185282997198
9000.0,4728.001845414772
6300.0,7576.190722166233
9400.0,20760.495279278548
7700.0,8216.042901266752
4150.0,0.0
6200.0,5418.291246657971
9350.0,21443.895711348578
32900.0,34766.1788371209
23000.0,30107.07771675789
3100.0,0.0
8300.0,7656.610274469434
4999.0,0.0
9300.0,49507.18079597752
7300.0,11603.433344688547
3250.0,4630.149617136258
19800.0,20198.415085837743
8800.0,16210.165374793516
5800.0,0.0
7200.0,12089.878003468239
2400.0,183.4498664554567
9990.0,6885.997588588652
24200.0,15982.458983625089
13500.0,25928.760116640802
21500.0,16414.46061351924
7000.0,10015.011881306655
6600.0,11170.656854152137
3900.0,0.0
64000.0,30116.145014263286
4500.0,0.0
5200.0,8023.225199183806
9980.0,12111.915111529219
24000.0,52205.74820837556
7600.0,5387.965116989886
79500.0,31568.337400310495
8500.0,14556.137892335177
11900.0,7146.707880213953
6700.0,10042.084471754599
71.0,0.0
17500.0,26942.540083717493
5800.0,6272.018633334188
41000.0,29235.88805721633
14000.0,21777.745616653887
7400.0,6899.235233761359
120000.0,98096.58777735611
15300.0,34972.9113836609
14200.0,21437.492660293963
4650.0,0.0
14100.0,18562.067356894866
4350.0,13181.909523041733
6900.0,13770.375631383013
11400.0,11268.905292687745
9000.0,14682.125424110276
4490.0,0.0
11200.0,12285.329026711679
17900.0,32914.00965628018
17000.0,23182.898572613532
12500.0,10724.887458581801
16500.0,11811.019705208477
6500.0,6655.666231735569
11500.0,17919.47909564113
8500.0,7306.555785969795
5350.0,3214.9759766224342
92000.0,46442.77841894323
6500.0,9406.988826744986
8000.0,8568.596007924192
4300.0,18110.139711405875
2850.0,2689.449058539143
7300.0,16272.050550930988
9500.0,9748.668546310477
5700.0,5733.290379418693
12500.0,27499.04394928434
21500.0,11732.539054206409
6600.0,7081.918157612165
28500.0,21185.632403408013
4750.0,6290.066819833963
4700.0,4079.5901868257897
3450.0,1226.942845149797
1400.0,0.0
3900.0,3362.4269947240246
23800.0,27847.619295842076
7990.0,19876.129326378144
3950.0,1525.073283496531
2580.0,0.0
23000.0,22203.932335417285
14700.0,29179.83249906645
19200.0,17038.385469302746
8100.0,12223.478289561968
21000.0,16766.12647276912
63000.0,52984.21370854456
4850.0,4866.612841301216
10200.0,9502.86244038428
2750.0,0.0
6300.0,13898.404888342597
8.0,20023.88036504346
7600.0,8686.007713495866
1652.0,605.7132136274604
11300.0,28449.981284420628
20500.0,26048.767879241746
5500.0,39.46370289106653
13800.0,37235.20807081353
18000.0,10167.523094434371
6800.0,11828.467663786505
7450.0,6358.734440943419
6100.0,2678.5355440079366
2660.0,0.0
8500.0,5447.240536203808
7200.0,13753.92488290666
3500.0,0.0
8200.0,27539.94732464825
48000.0,58097.35659210048
2700.0,7490.123403492078
7490.0,3822.844964207634
4980.0,7696.047911265647
10000.0,17296.501099005283
21400.0,23360.36749348661
4380.0,20456.826127017353
3636.0,4678.826753350593
16500.0,13899.531301852567
42000.0,24655.050753747993
22000.0,31021.242442117637
4750.0,3917.770169387406
5300.0,11405.303107184165
4650.0,5799.603722258602
2450.0,2390.6608113008333
19400.0,13250.251484577577
25450.0,27029.14009916333
16900.0,13575.586710756328
13800.0,17183.8547395979
14500.0,21327.34645272496
15500.0,13296.685055050213
19500.0,36424.43917519953
3650.0,843.9432028461188
3500.0,7068.063993458087
15000.0,113953.95329692913
12500.0,13880.498360369373
5800.0,10202.597618050764
13700.0,18258.24807241132
45000.0,18332.27620999303
9900.0,17391.205068526753
35000.0,19852.560076919905
22000.0,13525.569266559974
969.0,0.0
5180.0,11197.741306027609
6200.0,11085.778359880955
26300.0,39983.30370186787
5650.0,774.5080103674163
19200.0,42933.60342310525
5200.0,14462.97091408508
10500.0,7286.867676516722
136000.0,0.0
85000.0,36833.13681716542
2400.0,0.0
35000.0,37167.43247986016
4900.0,25200.62547780474
2150.0,0.0
79999.0,76146.60082086449
3450.0,6176.311649671126
6500.0,4426.619865485722
17000.0,21172.678648429028
6500.0,22414.297659171145
37900.0,83820.35005926732
9200.0,8322.251521987335
9500.0,13271.930215117765
5500.0,7204.264360798596
14193.0,9011.147157159221
16000.0,22759.683801933206
7400.0,4356.11068054854
7300.0,2740.3895473942684
12400.0,12664.84608601224
5500.0,21303.798765656327
7800.0,9246.345065753423
20000.0,15532.296137412268
9800.0,14944.241702828524
3400.0,2611.2440878545967
4000.0,1127.461349798723
15500.0,12604.886220308697
16800.0,15163.95228415835
20500.0,18741.68159086958
5080.0,3969.4833465240554
14000.0,20273.031329775924
7200.0,11292.75028674199
10299.0,8883.624003132729
1300.0,4075.646779402381
3450.0,18891.282317008165
7800.0,9148.595245763474
5500.0,20844.216357361922
10500.0,12504.190684756471
9000.0,10368.114292476319
17600.0,26851.24153004083
21000.0,30284.51330419355
23000.0,21084.77519044442
6800.0,15100.908078273194
30500.0,27531.0517873999
3420.0,1556.0001262756196
5690.0,175.2445835122062
8950.0,11811.019705208477
13000.0,14528.735621269669
6200.0,12290.553221806364
9980.0,11034.124796813801
88000.0,37915.71051842008
4500.0,6358.969371445157
7050.0,5007.279621085809
6900.0,27036.308869934608
9000.0,5151.987106905741
7750.0,5995.690521052897
18000.0,34872.64610133658
7100.0,2904.189040105277
12500.0,9874.259160792502
2690.0,0.0
31000.0,55348.1182556268
11.6,19654.544542604744
13650.0,23550.160999890002
2350.0,7365.051087266453
4680.0,20690.306966978198
4300.0,0.0
9500.0,18375.896100779177
12200.0,10761.07268112776
7500.0,7188.128760373733
8100.0,13216.297885502838
7000.0,3556.8493201341225
10800.0,10756.442788748482
325000.0,76415.86646788848
7200.0,12110.619196990396
6900.0,2057.6762854853478
11891.0,7016.797658378931
40000.0,31046.714770065748
4.0,6644.247826703409
6000.0,5070.852530179969
27000.0,24863.37609655767
5380.0,13198.109963906332
3180.0,0.0
3300.0,1792.9142333295895
4800.0,0.0
32800.0,18741.68159086958
8900.0,14905.854804630962
8800.0,8907.761419311075
11900.0,18802.32241343014
24500.0,27759.496375716375
82000.0,31550.770546489377
7500.0,11828.467663786505
8480.0,16742.43573130441
1150.0,0.0
16000.0,27832.929880217558
6950.0,10178.12931313807
2700.0,1182.9980651426413
6100.0,13234.77380920012
3950.0,10476.74920491612
17500.0,24211.828487528695
145000.0,72545.52737914685
6300.0,15248.175844836347
13200.0,17906.582213161444
1000.0,16367.995164969656
5800.0,1780.7654168834342
20700.0,17420.249568799874
5650.0,6436.878964062034
136000.0,15182.423962295077
6700.0,5324.141670370909
5300.0,7192.26225637861
15000.0,31952.805237895856
13900.0,8132.158130283537
3700.0,0.0
6400.0,6125.0079902458565
6500.0,2232.117428207912
28000.0,18432.634919061333
40.0,117485.64151728128
15000.0,18166.310368620972
6000.0,19296.244674137823
22300.0,26274.34789158525
7200.0,3594.249796389835
6900.0,7244.266654708372
13600.0,16847.45159904861
2600.0,11655.231300443622
6950.0,8243.378886494753
31800.0,27493.332133774868
4450.0,3801.3285061839924
4550.0,4485.4991510704895
7650.0,9296.376502599669
1850.0,0.0
6900.0,10451.680506206503
63000.0,33665.4859776167
9500.0,10674.256274807412
4100.0,6747.926601732775
5980.0,2267.488845697335
5600.0,9224.336986888942
1780.0,3049.8525336682396
85000.0,39890.68895533834
14000.0,18637.324247693552
4500.0,12560.334231373254
5780.0,8081.34678107181
6000.0,0.0
9350.0,14077.253439517412
6500.0,20953.99777127418
18000.0,20852.198831949445
13500.0,11629.136557231512
8490.0,20711.951782510336
7000.0,13936.064624289174
5600.0,11606.83841561163
7300.0,11928.113278997851
24000.0,23503.247005476183
3950.0,5019.661966142441
30000.0,26131.029177223525
8800.0,7331.42371626203
2950.0,5499.396860120392
2800.0,0.0
6700.0,6790.8890972166555
8000.0,12110.619196990396
2450.0,2390.6608113008333
5900.0,8496.000495199612
16000.0,30520.896055986548
5600.0,5425.493399045437
21700.0,11609.628026810558
28500.0,30347.110571263034
5200.0,6400.647080392851
5500.0,11334.97953744519
6200.0,8021.849274586424
2600.0,7194.128997438593
17500.0,18882.883621498873
37000.0,26444.227572131585
17500.0,15594.422368575408
10500.0,12574.528463607607
6500.0,5447.240536203808
186000.0,62946.593663172855
28000.0,28247.073913764212
7100.0,13532.384390445379
4900.0,4413.130987579498
3580.0,14255.210546655318
1380.0,9156.46382263663
33000.0,20384.354131018652
2390.0,0.0
7500.0,14845.478320682414
21000.0,9893.828482992736
6750.0,10860.777615790528
14900.0,26328.844064649576
18000.0,17795.244093820325
28800.0,28207.798853663855
4600.0,1796.5077006439606
21500.0,33213.882641420176
3100.0,7435.973936333114
38500.0,22203.932335417285
7850.0,6747.926601732775
850.0,1303.6631786945272
6400.0,18707.57546001177
4777.0,4711.926518118686
8100.0,13936.064624289174
10300.0,19141.941884474498
8950.0,4241.167280233003
10000.0,7299.021067634938
4510.0,501.8331110576646
17000.0,16340.613887295403
5750.0,15946.938526719587
4580.0,4753.336060299291
3480.0,0.0
4700.0,2705.607451643962
3580.0,5987.920678912444
10450.0,19641.05143241149
7000.0,14384.349070392342
8100.0,14968.974474505387
5650.0,4693.853279730651
5999.0,3023.0187697363763
8980.0,11082.406863965403
18500.0,22059.274269934223
14800.0,17512.263849310122
18950.0,19136.882960413757
9500.0,16251.941541566684
10000.0,18187.95177331656
6500.0,0.0
13300.0,10651.715352230935
5000.0,4279.112952629428
2900.0,3410.077155494062
10500.0,17374.429039477283
3200.0,0.0
3999.0,11211.686703524265
6050.0,12357.753455344853
9600.0,18617.168337234394
8900.0,4333.035417086046
25000.0,24542.222227396425
6000.0,7695.008911265391
11500.0,9944.264358587265
5700.0,3604.3013182480827
4950.0,2766.221732312726
12900.0,21082.18719294023
7500.0,10724.887458581801
78000.0,73055.75779856657
3300.0,4356.487009900156
6800.0,9148.731874111636
4000.0,6045.14253800396
3790.0,0.0
18500.0,22033.753678652898
7900.0,11010.924313241267
8600.0,19951.774111706374
7000.0,6966.7596826224435
16700.0,12574.528463607607
5700.0,19350.28290030784
10900.0,16204.794969370341
21500.0,15711.004441577734
500000.0,152468.6162092257
45000.0,32104.93359821785
15000.0,14289.549884550182
3550.0,798.999737101215
7500.0,12316.23322717112
13000.0,27911.899789218685
6700.0,6644.247826703409
7850.0,9144.750801877035
49000.0,27524.34646784991
6300.0,13455.656017229008
8000.0,7398.590614686242
3900.0,404.2024258169331
22850.0,25447.225637908672
1870.0,0.0
6500.0,4892.661578333427
3000.0,13012.131732198905
8000.0,7201.2082254113975
9200.0,4498.128253700608
17000.0,30364.883928404775
14900.0,18678.069067074728
990.0,0.0
29000.0,25508.914684037623
4899.0,14291.475799317766
18500.0,28570.095820114726
4850.0,4359.223632140998
4300.0,0.0
10800.0,17249.559991227376
4500.0,0.0
3000.0,4109.712750236262
17400.0,8767.910074407526
2800.0,0.0
10300.0,13031.38982653278
21900.0,23839.266423615692
15500.0,16352.78127576764
7400.0,6670.773263943236
6750.0,22061.071337125257
4800.0,961.5366613079223
5460.0,4359.223632140998
7600.0,15279.844880798988
12800.0,9628.742675124467
6200.0,5356.35391246709
4300.0,0.0
4900.0,4319.091799095873
25000.0,24411.77466736014
750.0,0.0
4500.0,5899.581457406661
23600.0,24146.835323739964
3650.0,3008.8714883501198
4600.0,3969.4833465240554
2.55,0.0
69000.0,42799.51441000859
14000.0,11918.785286191141
37000.0,21281.549072249745
3800.0,0.0
3400.0,3519.5678242329013
16000.0,30609.470164998125
4900.0,5224.87602291572
3480.0,0.0
58600.0,6171.554198866539
12500.0,10706.059163368467
24000.0,54604.08394078727
26800.0,60418.20752276626
12200.0,15754.672315896962
6450.0,8686.007713495866
13200.0,6304.266578371975
4600.0,5467.081503834339
8700.0,17695.58974019233
9890.0,19164.12128023939
15250.0,23902.402021579936
42000.0,38079.80856214746
23000.0,17512.187272590218
41000.0,30320.63190658161
7100.0,13608.200840335983
11000.0,8218.382299484143
12000.0,44355.057681182734
9500.0,6221.085588872338
4950.0,2454.616914336457
600.0,561.0925944139626
1800.0,4075.646779402381
13000.0,11393.178960576337
18400.0,24040.977560859417
3000.0,0.0
9500.0,24010.268949726436
7900.0,24362.278922282178
2550.0,0.0
16500.0,20875.506647156857
2000.0,16313.295374476624
13200.0,15860.98001180646
37000.0,115056.57859549797
8500.0,8996.745442520858
9665.0,9070.245044446943
26000.0,10057.421886549146
5500.0,366.24819948266395
5500.0,162.98573181209122
4200.0,2363.8496427981554
36000.0,38138.570574291734
6100.0,9590.064970969139
19900.0,25156.112283404902
3500.0,0.0
6100.0,2397.052586852191
5850.0,9424.219292304395
29000.0,15848.955704727832
2300.0,2196.7258099970495
10000.0,7431.045755891038
23456.0,27245.435598953267
6500.0,15329.348222380242
25800.0,24282.08342757771
10050.0,17413.56110063828
17000.0,26839.681014458107
16500.0,19498.486638631
6050.0,249.25332701741627
22000.0,17017.646041832933
6200.0,10350.881178857704
5950.0,10766.895677266391
40.0,898.4052787605415
16968.0,12487.988715532105
7500.0,7275.472009376204
4400.0,1420.104065747004
8300.0,10190.781520727829
8500.0,8758.480469194976
6950.0,13423.403046778909
245000.0,13696.948814664745
6200.0,32559.14150427488
6100.0,5606.239924111627
1400.0,0.0
6500.0,12864.712505443425
47000.0,30203.786106465715
6000.0,30.846722435712763
5700.0,29399.387364833947
6400.0,18245.025707338165
6000.0,6171.554198866539
7900.0,14131.86181373944
4660.0,3179.882691047973
6750.0,6831.219863024409
17900.0,11918.785286191141
39000.0,31203.29863935822
14000.0,24980.653149469683
6300.0,5819.7147101920855
6700.0,19268.373679636345
3.9,0.0
8000.0,10504.74532764205
17000.0,51161.68507875745
5555.0,7576.190722166233
5800.0,4499.041260974074
4660.0,6644.247826703409
5200.0,1359.4824211184314
22000.0,18166.310368620972
2990.0,0.0
6190.0,9333.315569946128
9400.0,8892.48232879542
26000.0,55151.44181891465
5900.0,254.38432086990088
10500.0,20711.81073577508
14000.0,12664.84608601224
4500.0,6836.858449203512
1450.0,7002.896494592911
28000.0,17194.998976420666
7900.0,16919.03963865806
11800.0,20713.55081489363
600.0,4075.646779402381
3600.0,158.87018738888855
3650.0,342.3427315828312
11300.0,11082.406863965403
33000.0,19903.870395915954
20000.0,16191.345675486831
16200.0,17292.389971192
5300.0,5606.239924111627
38500.0,62009.12497949859
8.0,13234.049515353207
8200.0,28.447210546316455
6000.0,19892.0090469596
5820.0,6920.074414370141
13000.0,7502.354857224951
9000.0,16414.46061351924
5700.0,0.0
10500.0,23772.2520087152
7590.0,5051.8815263941015
2100.0,38422.77357488543
7500.0,6455.147425590294
17000.0,10226.9695777911
2860.0,0.0
9200.0,13710.805843996684
17500.0,16038.777297351073
40000.0,22062.081731534225
3500.0,11829.490065766855
8350.0,8698.095467332583
5700.0,1616.8773302978043
35000.0,32132.33569868396
18500.0,21987.7732286557
7250.0,27266.768448523497
4500.0,954.15032808467
7700.0,12512.187429847112
5550.0,2810.811868274777
5200.0,3969.4833465240554
6300.0,11702.295014308056
11800.0,20003.647017676714
20500.0,15063.690525127891
6400.0,4887.908156358379
3980.0,503.9212122899453
7350.0,9217.515643867391
10800.0,7935.537369167019
3500.0,2982.3779855729917
20200.0,25004.880812690575
6700.0,6083.5968540651065
6200.0,8668.88750756242
7453.0,8032.928476337824
39000.0,135305.94002049905
195000.0,36842.73910012044
4100.0,0.0
5500.0,4426.619865485722
16000.0,36806.240883220264
31000.0,24376.952388283164
7500.0,4938.080908654638
9990.0,11012.069085114275
19900.0,16292.324669481644
8700.0,12110.619196990396
5800.0,907.8200475522926
11600.0,8643.615812524436
6500.0,9327.995718516806
10280.0,15595.557493422963
6300.0,12975.677744212178
12800.0,12944.241562831772
25000.0,38523.07418697637
57700.0,35022.25282948349
4300.0,1589.7630126775475
3.599,0.0
11000.0,4962.65987922284
8800.0,6362.000772254127
9000.0,9475.820581153657
11500.0,10173.554054489297
3500.0,4728.001845414772
2000.0,2042.298678678766
11000.0,18607.050517482916
7450.0,4713.189304931715
11200.0,9441.652007368673
12000.0,7461.729821908275
13500.0,15700.615571764312
8500.0,15637.674606962235
3450.0,0.0
9000.0,9498.730421384706
9600.0,28871.211480559436
1400.0,0.0
6000.0,8563.849960997735
1900.0,0.0
7600.0,15530.42078616871
15000.0,10949.20756035166
6500.0,16803.04474982916
7999.0,8444.499376749376
4900.0,6957.237984193045
36000.0,62202.86317173627
200.0,7574.875092000377
3900.0,8848.362384158925
5500.0,1322.8053504399613
6000.0,7698.438576928274
38000.0,81801.13377188494
3500.0,10537.979648368495
8700.0,15885.68749581205
9800.0,4037.3861951904873
1600.0,0.0
5500.0,4426.619865485722
7300.0,13154.91428690253
6350.0,11829.490065766855
44000.0,27096.363692507523
18500.0,37869.7201135393
9000.0,18761.864951309446
15500.0,0.0
7000.0,21315.010537304155
6350.0,13234.049515353207
3290.0,5361.097874332816
7800.0,6918.805412606054
1100.0,0.0
4900.0,11296.01744613719
25000.0,19699.102200892503
480.0,0.0
9200.0,13770.246794652365
4600.0,11083.429265945757
6680.0,12964.745044175583
8900.0,5184.856073525883
22800.0,18165.930220954913
9700.0,5408.350531364114
15500.0,11157.985608129118
75000.0,75409.42046071943
9000.0,9109.867269302576
1150.0,0.0
18800.0,19058.818053381106
6500.0,0.0
3600.0,6020.747469392116
5900.0,14489.208407037986
5000.0,18838.168598377873
1380.0,0.0
14500.0,13840.855988696709
16000.0,19297.95152784397
6400.0,10504.74532764205
4600.0,5178.661921056291
8200.0,8047.48258377507
5800.0,9836.066442938318
7650.0,8322.251521987335
7700.0,23843.235975546846
4000.0,1503.9074060421408
4500.0,1759.6874519905687
8700.0,16437.7939397768
13000.0,20929.01982147683
10000.0,8610.869578289508
3700.0,7335.233863823891
8500.0,6585.743289449776
8400.0,13739.392733382829
10900.0,6343.752519232403
18500.0,24236.053552474892
8150.0,11082.406863965403
8600.0,19205.71331188527
3250.0,248.95821345280638
9800.0,15532.296137412268
8150.0,10724.887458581801
8700.0,16942.459708996557
20000.0,17143.580811446976
18000.0,10428.693878484668
7500.0,42416.21279745338
9900.0,11965.152327189822
17000.0,11992.751073864809
23000.0,34975.43338279566
13900.0,10686.347913432855
5700.0,5693.742332171052
16000.0,22249.030616643944
3000.0,2828.300882817468
2160.0,0.0
11900.0,14518.076025555365
25000.0,21823.87548966473
2700.0,4330.4328072747885
15200.0,18601.612057155176
6300.0,7394.187648984753
2680.0,0.0
10500.0,4863.346402790059
15000.0,34308.421681156644
19500.0,16950.855769191443
45000.0,34099.71344132509
25000.0,20085.2700507484
29000.0,38663.244291955765
4950.0,7203.017616986173
78000.0,36088.3067112469
13200.0,19658.431968263176
12900.0,12542.892041522831
4890.0,9424.219292304395
34500.0,33087.33059407523
2960.0,1727.3014962486923
2180.0,18487.361769683554
22000.0,28012.178106158473
14950.0,15034.802386496103
8189.0,3556.8493201341225
3300.0,0.0
6300.0,4027.5102202571325
2980.0,0.0
45000.0,23218.51086163596
159000.0,76168.44113170075
6900.0,7812.611823266383
6500.0,7194.128997438593
11000.0,10859.951973981337
16500.0,16840.596193179084
7600.0,13753.92488290666
66000.0,73904.33649201512
18900.0,13464.026206375365
6300.0,7698.438576928274
7400.0,14500.287608789382
6800.0,6698.293357939063
24999.0,24173.37468777339
32000.0,30670.9238546769
7600.0,7735.694809086592
8500.0,9836.066442938318
5900.0,904.9309872099902
7900.0,8698.659921085624
27500.0,27895.67630937084
11300.0,19575.593761478554
8600.0,9154.515424334717
1250.0,0.0
14000.0,15577.75735842477
5600.0,9552.89152107175
7000.0,7656.473646121274
7700.0,5033.851201467964
3900.0,0.0
80.0,12218.684244354481
7200.0,5024.11907788974
54000.0,29036.3702370352
11500.0,11082.406863965403
8300.0,17939.982576984938
4300.0,288.6438172412336
17000.0,9928.10721634308
51800.0,39792.11253437644
7200.0,17036.64654642664
3300.0,0.0
9180.0,6999.493303773657
12500.0,21407.14864243245
10300.0,7286.867676516722
4180.0,0.0
5750.0,6508.31861176062
8500.0,15310.011802212794
18000.0,10875.129780006038
11850.0,16590.37712201497
4250.0,8568.596007924192
3400.0,2027.4462245907016
15800.0,19988.603318087662
4100.0,5824.880133198014
10990.0,11045.004971936556
12500.0,21389.16572620425
4100.0,0.0
12500.0,11002.387708408292
4680.0,9422.751417112067
9400.0,20654.009218770756
11700.0,22522.23013856175
10960.0,9159.531482500075
28999.0,81462.90011723134
1630.0,5222.39979808669
19000.0,15532.296137412268
6600.0,6874.569444148008
7500.0,7620.63024396911
10000.0,19787.948395880267
19000.0,10482.161802560291
7500.0,10806.896245437663
15790.0,36915.78069567791
30000.0,20928.144572287296
9000.0,9874.259160792502
23000.0,14464.933911625747
17000.0,18433.59800316669
13500.0,26590.18544309223
17000.0,11714.002980616962
6950.0,7512.217421749356
3500.0,27355.591158120264
10800.0,24748.27924977844
969.0,0.0
2800.0,0.0
19500.0,13031.38982653278
280.0,22719.817821002765
10900.0,7267.549285093199
6650.0,6508.31861176062
5500.0,7463.741998738775
9500.0,12351.138354097278
3950.0,0.0
15700.0,13772.662804054224
190.0,14042.745854871318
14200.0,22237.94565934731
1650.0,3513.8882088928767
6000.0,3274.262643464579
19000.0,18862.67759563058
4350.0,0.0
28500.0,17846.28027987628
9900.0,15485.426803555663
390000.0,85754.41176799951
3800.0,8548.77023516701
17000.0,9158.256813833446
15800.0,17390.36357341431
4860.0,16751.22048931768
6250.0,7036.127619655064
7090.0,0.0
15200.0,20528.516013763965
5400.0,0.0
8300.0,9792.667341479522
7888.0,4867.022268150893
15000.0,17702.28697443572
11500.0,8571.179108800572
5757.0,2353.1653121380587
14690.0,13306.789548734367
48000.0,65949.66998999746
60000.0,39249.81164208801
5290.0,8156.214418322548
16000.0,10182.405591220602
17300.0,17241.139166359382
4900.0,1552.2112448391708
5500.0,13350.947020129799
5950.0,11880.13624386947
15600.0,14009.967870102151
2550.0,0.0
85000.0,58584.480116379695
11500.0,11044.90471685856
790.0,0.0
3990.0,5916.377363723492
14500.0,26989.506797853548
8600.0,3333.9213271208755
2400.0,23595.60933684638
3400.0,0.0
6500.0,2605.570351968383
16800.0,17119.01221459384
6600.0,55214.371509327044
9000.0,8398.690002055933
5900.0,4583.695719519645
5850.0,4959.570802037591
25000.0,40286.17256896048
4500.0,34874.423205052255
15500.0,20086.484720141514
2190.0,3471.7826739692136
8300.0,20206.01552487893
16000.0,37526.522848748704
23800.0,13738.662551538102
3500.0,13918.2661047275
9600.0,12442.932052240012
5300.0,3232.7784537625357
8700.0,8727.05719638089
48000.0,6142.069065216114
30500.0,0.0
25500.0,18463.296799807264
3990.0,6030.518963341707
10000.0,18054.544676673573
5300.0,11737.400316898598
6000.0,6465.8472777080515
10900.0,6956.043914327347
6800.0,5081.705612342259
4500.0,1851.455085540245
9500.0,19943.986182954013
2450.0,2833.102941766574
5850.0,9616.244397162136
8900.0,9800.208983793913
24000.0,26196.76811889208
4750.0,4832.5468052555625
12800.0,17747.465083654894
15000.0,2085.008331313611
5450.0,7782.188419476166
2600.0,3471.7826739692136
6650.0,9247.67614187493
35000.0,43483.14231511971
32500.0,29511.16177061581
6150.0,627.8463749817975
153000.0,117344.98021337704
5350.0,0.0
12800.0,10639.889282813838
14500.0,12278.125195010161
4750.0,4253.439035595753
2500.0,561.0925944139626
90000.0,68146.53038758674
7500.0,6806.650469858736
4350.0,329.81793829375056
9700.0,6218.126160019248
6550.0,4270.095410408867
5200.0,4299.061360823191
22800.0,14848.361568754306
7800.0,0.0
8800.0,20131.306142328624
60000.0,37121.508571761704
23600.0,20315.169558725418
3300.0,4679.4325992243375
13600.0,14156.967685654443
76000.0,94553.39645179118
2750.0,20878.784295484085
10600.0,14604.922335763189
7970.0,13484.872673507012
6700.0,3604.560700562539
3850.0,36150.89768724279
38000.0,28131.164812231666
6700.0,3387.0754715836083
8500.0,15192.03693863488
8100.0,15446.062326405165
7999.0,12574.517806605476
7000.0,37114.13114934419
6300.0,7304.896758934716
2350.0,4189.714095929181
7500.0,14384.349070392342
17500.0,14942.392549304608
15500.0,11992.751073864809
13800.0,11918.785286191141
15600.0,11811.019705208477
10000.0,52531.59098823466
7190.0,10827.094228459948
12800.0,15250.314131662206
5600.0,4008.4040426775573
20800.0,13121.258156873715
4650.0,4086.486005434461
2450.0,15757.438391585172
6000.0,4351.797588170715
4500.0,309.2206307112474
3000.0,228.83789552563576
7100.0,10696.528293749798
60000.0,40607.878941270086
11250.0,6871.235449558888
4950.0,2612.208511693185
41000.0,22305.227466186152
4850.0,8021.849274586424
3250.0,12308.838696909206
17000.0,16742.43573130441
21000.0,9128.198360971404
5880.0,4098.161489025919
3079.0,0.0
8600.0,9139.894740685802
12000.0,12470.237085681732
42000.0,22031.132945702127
35000.0,38879.631707374545
2600.0,0.0
3950.0,0.0
35000.0,30975.0761875758
4850.0,3416.2795852734926
4350.0,11983.76419786931
3190.0,0.0
8300.0,9202.404899971076
8800.0,14244.451603323523
6500.0,0.0
850.0,0.0
390.0,4540.08907970025
14000.0,16411.66224389476
7000.0,2110.907902435685
4700.0,5905.252587221701
8800.0,17582.99527421877
5980.0,16919.03963865806
16900.0,16340.613887295403
11000.0,22061.071337125257
8100.0,10334.92306099974
36000.0,22587.09382990763
10500.0,15531.608219821606
9600.0,10860.777615790528
3850.0,0.0
7800.0,6362.000772254127
10000.0,18487.361769683554
5600.0,1723.0311350482152
8200.0,46703.38126718011
5100.0,4959.570802037591
47000.0,33857.33086625648
20000.0,20952.076324700032
27600.0,19134.550139520856
15000.0,37425.12204279493
18.0,27223.584712432315
6500.0,7036.127619655064
14500.0,19185.324539005822
8299.0,5393.813917211677
20000.0,19139.646528851736
4500.0,0.0
3700.0,2837.694958765893
20000.0,24578.34420937234
4700.0,8328.842543025343
2000.0,8950.174042808452
6300.0,6804.571082666203
12000.0,12014.966092508846
100.0,43216.31288277847
9900.0,15472.05644754451
4290.0,0.0
14700.0,22319.142038265512
5200.0,8388.691632265916
12500.0,10788.419604769817
2200.0,0.0
6600.0,1216.5187546403613
6500.0,2743.105586614729
6300.0,11197.741306027609
5050.0,8356.371921016935
9900.0,11934.092075622655
8800.0,6899.235233761359
7940.0,15454.182157362557
6800.0,11138.474348926069
3400.0,5987.920678912444
5200.0,7796.640013133623
8688.0,11220.178070894024
6800.0,9432.068513316968
15000.0,17759.451915248475
68900.0,33191.72954257045
1599.0,300.7926336873861
2850.0,7036.127619655064
21800.0,20994.37892139119
12000.0,13414.626082807332
6000.0,3769.079569557478
170000.0,70963.35279420562
4550.0,3488.1642723429977
4250.0,6833.140611712102
6700.0,7610.764749501766
8800.0,16111.6240797541
8990.0,20385.625237179058
18500.0,15235.269206859088
28500.0,20277.148246471017
5690.0,3507.5656918610584
12600.0,17514.7171894371
11700.0,24252.846504344725
15200.0,8414.721212483057
14500.0,24633.669501072534
15700.0,10336.346064144302
7500.0,15530.42078616871
9500.0,13140.093460830209
2650.0,1046.8534335084878
10790.0,13712.774666676898
4850.0,12722.29984135945
84000.0,36843.17370559138
10500.0,24798.934659065693
4300.0,0.0
7900.0,7036.127619655064
137000.0,39874.87217340365
4900.0,186.0238427916347
8000.0,75048.16526006568
6500.0,8596.550551931634
28500.0,20463.671416850237
8600.0,10244.791221205807
4700.0,5261.201169199681
4900.0,16766.798301295705
8800.0,8964.443099305245
6150.0,8216.042901266752
3350.0,14.208738641652417
15000.0,29574.988245876008
18500.0,19918.810362570977
12680.0,10724.887458581801
8000.0,774.5080103674163
3600.0,6509.744252648172
7800.0,7626.147516453191
12000.0,14772.86750348597
21000.0,14569.511840698338
11500.0,11669.906388569714
3100.0,0.0
7500.0,3112.729278672583
17900.0,38368.78131136426
17000.0,15100.908078273194
8995.0,9742.806242341958
66000.0,0.0
5200.0,1254.0559719387638
9680.0,10582.554645571417
9800.0,7036.127619655064
3700.0,0.0
1600.0,0.0
2930.0,3928.020658072812
15000.0,25426.121730114104
8880.0,26284.29739473032
8900.0,7476.818967558311
5700.0,3243.223871018723
46000.0,39199.81737525125
7350.0,5303.238071833566
15000.0,16062.117990402916
1130.0,10590.34567787373
7500.0,13753.92488290666
7290.0,6102.414712288193
10500.0,9145.214158361618
3100.0,0.0
9900.0,5941.850098940722
23500.0,15358.860054156146
4300.0,9870.700673392934
12300.0,22396.738887344643
7900.0,6522.600607540899
11900.0,17929.915539419002
71000.0,102643.63278968925
14700.0,30236.267643270923
25000.0,35183.67319632726
3500.0,3090.620742618321
3200.0,2209.3314848394093
4900.0,0.0
1660.0,5222.39979808669
4120.0,7342.456652809549
13700.0,8828.672991162584
4700.0,5801.136517342971
7300.0,8586.08686078574
5400.0,0.0
10900.0,12664.84608601224
59000.0,82869.27274009176
9600.0,8248.415657046053
2700.0,0.0
3950.0,5700.7012202558235
8400.0,8854.283875783764
7800.0,14111.221244676894
2100.0,0.0
6200.0,15946.938526719587
4150.0,15757.438391585172
2990.0,13758.19253202001
14000.0,10593.711642721933
10000.0,18054.544676673573
9250.0,16474.740439998266
8500.0,7304.896758934716
38000.0,27496.3390607866
1990.0,4821.707579223483
37000.0,63292.074600963766
5300.0,0.0
11900.0,8955.863598380978
15000.0,11999.105460936025
3000.0,20456.826127017353
16800.0,21624.845095305187
9800.0,19185.324539005822
4100.0,0.0
8410.0,18258.24807241132
8500.0,10013.581936637867
400000.0,90575.07018361891
5500.0,5997.123445629801
6700.0,1860.2894023305053
7250.0,8693.141304195651
10300.0,7958.571520527286
8500.0,2038.1346142200382
6000.0,34987.19919921273
7900.0,3429.9485600819353
11200.0,7782.188419476166
8000.0,18001.83953704248
6700.0,3674.3435647605147
5850.0,9217.824619078205
15000.0,23289.017565873375
22800.0,17245.659357174965
170000.0,62869.680914422395
8200.0,7472.321499663041
7600.0,16890.64533563186
11000.0,8482.98892876348
7500.0,3169.584024402524
7400.0,3556.8493201341225
7500.0,8093.700856243537
18000.0,24268.753224153985
7500.0,17512.859101116806
18200.0,19187.711339834532
8800.0,6916.333024871412
105000.0,52373.003426979776
5500.0,16281.5481437499
6500.0,20354.640293210698
12500.0,16634.88222688593
6400.0,2914.41529105675
7150.0,3687.793123008996
12300.0,22061.071337125257
3100.0,3530.5703184560552
5000.0,23676.60484401543
19500.0,22468.039400013986
3550.0,3081.2154222306053
3390.0,0.0
5400.0,3981.9410455936704
9900.0,12487.658366020547
5500.0,5588.833104417625
6200.0,12702.739603135637
18300.0,14390.981764972199
7600.0,10167.523094434371
4000.0,0.0
7120.0,19766.23485937753
6900.0,6515.611210723211
12600.0,7504.623842878655
6800.0,19943.128894824276
29000.0,15409.116598209297
30000.0,33623.2988726817
450000.0,120938.17383394387
6800.0,7763.948449782722
25000.0,28563.12595572187
19000.0,25728.216017983108
20000.0,27628.56879929124
5700.0,3960.9649565735745
7400.0,17371.075393939525
6850.0,7778.184836755723
13600.0,20858.265439226398
6000.0,5810.894899289251
6300.0,15106.188612307717
3400.0,0.0
4800.0,5524.67605873673
14950.0,18125.32907669652
4500.0,0.0
6700.0,55906.498762628966
4400.0,6044.828297395554
62000.0,29946.272920147105
103000.0,45934.33041858465
11500.0,12822.82713488382
5149.0,1977.9055023969686
8700.0,10271.110875801129
7550.0,6511.667202785911
9300.0,10819.156720622275
3860.0,11268.905292687745
3600.0,2641.0146717625066
10400.0,17545.749663897986
7450.0,357.8404127265121
22000.0,31893.480862565662
3860.0,798.3766496504768
4860.0,3445.5888254923666
37000.0,23526.715306749284
4580.0,1216.5187546403613
11500.0,18164.230384870472
32000.0,25955.101523142246
3950.0,8548.77023516701
6500.0,14623.573550774108
15500.0,12645.072207620498
9800.0,19121.02307088764
9500.0,9581.052932865397
12900.0,11828.467663786505
8500.0,6923.716028366
3450.0,0.0
24500.0,19686.800939242232
6500.0,11928.760592105682
4800.0,4299.061360823191
4555.0,9525.050075980027
22000.0,42586.90513268451
5700.0,2006.7711033287524
5900.0,10752.569622910956
1800.0,8190.3902674997735
2900.0,843.9432028461188
6800.0,9682.335109073996
9500.0,7161.5437645368675
7750.0,5675.265114817597
39000.0,78193.0362059503
11500.0,19481.955805924586
8300.0,9748.668546310477
11900.0,9036.055396794329
9950.0,54988.96110390258
11900.0,13140.093460830209
2750.0,1189.114513669716
11700.0,14015.246953522783
500.0,1884.849972621203
5300.0,0.0
7800.0,25151.3684650419
5300.0,3055.2677063628907
5300.0,16283.82380787063
7375.0,23922.935534720174
6850.0,74461.56003788862
11000.0,28420.74109995891
5850.0,9063.061653717152
180000.0,75925.2874949079
16400.0,29898.363475766917
7900.0,4718.671291114468
5180.0,186.0238427916347
6350.0,8444.499376749376
15000.0,16754.9333532404
7000.0,1025.712057546545
14000.0,9502.86244038428
4680.0,0.0
3650.0,13005.078076729696
9200.0,20075.618964033292
2100.0,2641.961866305559
10900.0,9197.367905478302
5950.0,9288.509777656378
59000.0,29290.943684931666
6600.0,5986.291618670013
5700.0,7645.296033582461
2500.0,13552.402060339908
6450.0,2232.117428207912
10500.0,19076.855302303014
6300.0,778.3942327782852
8800.0,15308.112442329646
120000.0,103689.86278671003
5000.0,8581.952953790224
23000.0,19142.07776392721
4690.0,3759.6104453395383
7300.0,7605.884530701209
7500.0,9397.657077406195
6700.0,6469.384228852141
1600.0,0.0
5000.0,5129.376743323457
14000.0,21948.07711699645
3700.0,0.0
4600.0,10766.895677266391
7350.0,6172.744612784953
6900.0,5765.60640296481
2430.0,13865.949747137802
5900.0,3200.6777141575585
8700.0,10924.432996544096
9800.0,10362.305196983238
7900.0,5799.603722258602
1320.0,0.0
12000.0,19385.245342507525
7500.0,9742.806242341958
10200.0,3434.744555164347
5950.0,2267.488845697335
3650.0,0.0
5200.0,5763.683452827074
5500.0,2145.04297114522
7700.0,27250.588294729274
11000.0,13631.670817508668
21800.0,26999.5896339626
10500.0,14467.244691353302
4500.0,1819.3878117272616
17500.0,24453.21235257837
4800.0,8848.362384158925
4950.0,7517.698265450013
11000.0,14756.925350773181
2750.0,0.0
5800.0,1189.114513669716
17500.0,23522.499515530537
6550.0,6747.926601732775
13700.0,11366.380760434706
6300.0,3388.7608462733297
4980.0,6140.406911073449
5950.0,8532.086852943481
12800.0,10724.887458581801
2950.0,3136.721611121935
33000.0,33732.61108876008
10000.0,12170.662170311614
6600.0,2446.2719277268734
27900.0,26094.043520570423
3200.0,6502.176605708879
3500.0,22819.797157677385
5200.0,7048.084332918195
3000.0,2122.7629143241684
8600.0,12022.11250187939
6500.0,4420.404364581616
3800.0,16195.415603703386
6400.0,8660.127346226007
6000.0,10901.869484845814
20000.0,9760.923061472717
15500.0,12278.125195010161
379000.0,4862.359515333545
6900.0,10136.996356497464
10500.0,17379.858912367472
2980.0,0.0
24800.0,19658.431968263176
11200.0,10147.918198116182
7250.0,8581.934918695708
7950.0,8878.218930104638
6700.0,452.923082063372
48500.0,37540.802346652956
20000.0,30356.82703156181
7050.0,11082.406863965403
2800.0,0.0
55000.0,54740.93918691974
4250.0,6292.08094732312
14000.0,36003.72248775151
11000.0,9504.541269016077
5750.0,10451.680506206503
8500.0,13933.450759636067
5600.0,9090.00564311722
24000.0,19639.56443735796
11950.0,16022.595589794895
9500.0,10350.881178857704
19800.0,35472.65183443077
6500.0,4880.69053631432
29000.0,41123.66598578927
19000.0,12586.723723057268
12300.0,11366.380760434706
5650.0,9605.376799214042
30000.0,19277.819565222362
11500.0,21380.56721815671
6000.0,9327.035120980072
5200.0,739.9958285657076
4650.0,0.0
5300.0,4426.619865485722
14500.0,46563.61790869229
2610.0,2148.54767385971
6200.0,8077.484516083134
3900.0,0.0
8750.0,13007.864083085555
9300.0,13170.934198745992
17000.0,11089.447654266853
38000.0,16869.799946030234
3200.0,304.6943108032365
24000.0,69349.67793607112
27200.0,26355.497696199873
6000.0,7286.867676516722
5500.0,0.0
43000.0,34079.376161974986
6300.0,5771.234552271628
30000.0,25998.905327464116
26000.0,24211.42227366045
7180.0,6037.503989855086
23000.0,18892.524341806842
10600.0,14870.030206742093
10950.0,14718.043775151313
3400.0,2519.1285603455653
6100.0,24987.495428415987
8400.0,13470.89866299288
4050.0,0.0
27000.0,23627.8805457919
4550.0,7105.030171266259
5990.0,4730.282790834899
2950.0,0.0
38500.0,46403.246939800985
7100.0,10899.804779201058
6600.0,8610.869578289508
11790.0,3837.0176445966245
16200.0,14645.592101673668
13800.0,16956.22617461462
9500.0,12750.409385048912
5750.0,10451.680506206503
34000.0,51419.5609858205
12900.0,8005.039753379511
16000.0,23286.964680911173
8000.0,10041.546817463153
16000.0,25394.52362122214
2450.0,1307.1533942350652
23000.0,22337.996540064476
100000.0,50179.29136311448
6300.0,0.0
5400.0,0.0
4100.0,4360.440492052061
6700.0,10931.323703658956
15500.0,29267.1532363532
22000.0,18295.352311863127
4300.0,0.0
3880.0,0.0
11000.0,9701.924398202078
4300.0,920.8923229085776
4650.0,15167.132463402388
4100.0,5160.494408569641
26800.0,34952.69360252358
6800.0,16267.568116245471
2750.0,0.0
7900.0,18125.32907669652
13800.0,7217.538351066782
40000.0,28494.96900452241
23000.0,10620.05138707329
5200.0,0.0
35000.0,37455.80062050224
6700.0,7112.492593513547
9200.0,17379.26827687542
6660.0,5425.493399045437
7000.0,2599.637559191022
8300.0,6838.3381910229
38500.0,28884.828818733575
9000.0,22078.65146298151
3400.0,3758.6865986686844
4850.0,1318.6669206708175
9100.0,14752.06576494508
18500.0,14792.131766093426
45000.0,30701.332859420912
9800.0,9993.736941696032
13300.0,10787.78161491123
4000.0,10733.067864856446
10500.0,19250.186806199374
5100.0,41237.81310310267
35000.0,33198.441430989056
8490.0,6839.869614722707
2700.0,7255.399335983631
25900.0,23548.39816579977
7300.0,7943.090626262039
11900.0,5164.431491369647
6500.0,5425.493399045437
3000.0,0.0
130.0,8250.684642699756
17900.0,28119.220544267442
26000.0,17058.034902940486
4800.0,4485.4991510704895
7900.0,17367.163911652617
5300.0,7146.707880213953
6300.0,18346.75815964786
5000.0,1157.496999584364
6400.0,6129.290494526744
17000.0,10731.934906947183
15900.0,10219.652811406304
5999.0,3406.288652955818
12000.0,21428.46527565136
5750.0,2209.02050525698
16500.0,24719.548279053128
7800.0,8140.637095419635
7100.0,5102.171480369641
18600.0,11470.948258402907
14300.0,16742.43573130441
7200.0,7952.0346675114815
2950.0,20.932990535187855
10000.0,5901.301535270666
7700.0,114.40258292566523
6200.0,11829.490065766855
57000.0,26746.47456655645
7300.0,10202.501558842563
10990.0,8911.290410135309
8500.0,32882.60667505133
3500.0,2390.6608113008333
13200.0,18792.456242421085
15500.0,10449.204566957626
4000.0,9470.365694487922
59000.0,32990.76863824
10900.0,10724.887458581801
14500.0,18823.222842172938
7900.0,11384.89166686741
10900.0,13610.773305264527
32500.0,15317.77713289945
23900.0,10970.76444337839
2500.0,0.0
27900.0,28039.4197044005
8500.0,7101.701380881726
13200.0,8402.671074290536
7000.0,6562.9741298221725
9000.0,9475.820581153657
2000.0,0.0
31000.0,57158.24607747943
7100.0,5361.097874332816
4500.0,0.0
7890.0,10374.978822994151
6250.0,13616.159520431898
5390.0,6125.0079902458565
76000.0,21028.698686456
4890.0,0.0
72000.0,50340.075754598045
9100.0,15355.329999406407
3350.0,0.0
24200.0,39959.435964331686
6550.0,9584.81356051128
7900.0,4590.618433552667
5500.0,95.10014969719668
18.5,41207.8087870866
78800.0,50775.11465188784
10500.0,14226.405293393771
1250.0,32182.84818207075
55000.0,33297.34611576045
4850.0,843.9432028461188
10800.0,9874.259160792502
8000.0,34138.111113764
10300.0,27013.435575895277
14900.0,24227.236566718228
2900.0,0.0
8500.0,2545.2645955482876
14300.0,14898.955299488334
5500.0,12381.438491667144
11000.0,14445.976138813781
22500.0,31386.274898862863
5950.0,6899.235233761359
4600.0,27633.277974752073
5950.0,0.0
4700.0,7620.63024396911
59900.0,76683.49830636216
2850.0,0.0
195000.0,62907.722060020766
7490.0,10376.355792134353
25000.0,21703.75731625555
2990.0,0.0
29800.0,18386.1444186427
11300.0,15139.626695990948
10600.0,14218.138839241143
16800.0,16121.90265164484
16000.0,12645.072207620498
10800.0,10430.382883522929
9000.0,29306.203443806782
1700.0,1831.5630192511271
9000.0,8558.268125806833
8300.0,10807.529565020031
5950.0,1707.5974611290276
13900.0,25916.271431666788
5750.0,8218.382299484143
7740.0,15912.079853358286
5850.0,3855.9712424403588
15000.0,35472.65183443077
10300.0,7935.537369167019
7500.0,11402.414941289917
12200.0,14102.431487832102
6000.0,10810.449887533458
20000.0,28971.877412326325
39000.0,21032.49434804129
8000.0,13287.115796474547
37000.0,40556.625604446715
3250.0,9318.328287891254
11000.0,25588.63633018387
16800.0,32840.33829910465
16000.0,15970.221572835839
8199.0,11328.520075116245
5150.0,12446.014696587834
7400.0,16971.17520016506
3600.0,5798.911213568519
72000.0,69231.21708242121
5800.0,2405.9249897667396
29900.0,25209.04072332114
6450.0,10531.175605916505
9500.0,19827.746583046035
2650.0,19250.786130022694
6800.0,11659.644694076575
49000.0,28691.805163715315
25500.0,31906.101107656275
31000.0,43525.943515475345
10300.0,11623.072679140558
25000.0,23759.749103643557
5800.0,1519.0785467265596
8700.0,6086.590234178562
7500.0,10504.74532764205
13800.0,9932.424316207878
45000.0,26830.991920156583
4750.0,3786.660760694169
3600.0,0.0
5600.0,2146.383974987508
16000.0,32638.183229010883
13800.0,9800.208983793913
8800.0,8238.786647874182
2300.0,6296.493699422781
16000.0,24281.627763762892
11500.0,18707.57546001177
14500.0,14609.269199585306
3700.0,5249.629721231795
9750.0,7947.269025232499
14000.0,3200.6777141575585
18000.0,15236.398183803987
6800.0,8032.928476337824
7850.0,7613.004597736959
35500.0,37435.96765865627
9800.0,16678.88440718544
3800.0,0.0
9300.0,6292.642982293852
3700.0,11814.29370972508
7900.0,36177.01176319142
4600.0,0.0
5800.0,5425.493399045437
11500.0,19769.44669512022
8400.0,6656.553091011849
37000.0,33018.065767980646
10900.0,7286.867676516722
10800.0,11012.979642747374
12500.0,9147.217861898767
4750.0,5799.603722258602
13000.0,22195.019819130506
6000.0,7101.701380881726
2800.0,26789.582890825473
22500.0,20892.297525851864
5500.0,0.0
9000.0,12641.372747000602
10200.0,9975.110528405683
4900.0,1436.3589892848522
6600.0,10354.75126176461
5600.0,0.0
3750.0,6129.290494526744
12480.0,9337.509588739704
6100.0,4134.629736493218
10500.0,5757.830332047088
10000.0,3252.627116933236
165000.0,51888.63473680992
11800.0,18671.721499738538
20000.0,34043.40691558155
8400.0,12366.017622792715
7900.0,5857.6670056565545
11500.0,6619.457463520779
14500.0,24262.43059160783
10800.0,17937.312638065414
15500.0,12601.760243229357
5950.0,5492.785941952918
13200.0,13899.627002827117
15900.0,14898.955299488334
12800.0,14870.030206742093
62000.0,32036.26973771196
22000.0,22149.208128662645
13100.0,17192.24659103336
13500.0,19049.510479368495
7800.0,0.0
265.0,22626.575315482612
12500.0,4823.051153376364
16800.0,22483.32098133051
29000.0,92265.76999753188
8600.0,7892.768680035055
4500.0,3947.792479909549
11300.0,7018.07943315529
4000.0,4333.040961305207
4700.0,1439.9316455723092
6900.0,13020.76646921063
8500.0,8850.387934583816
6500.0,11861.06761883156
41000.0,119164.20440993494
3650.0,0.0
75000.0,60073.54052215007
7500.0,8610.869578289508
26000.0,20003.647017676714
69500.0,33624.457298326175
6250.0,3519.5678242329013
4700.0,5589.796557969961
7200.0,6805.208471767128
16500.0,10717.018576714301
5850.0,3243.223871018723
5700.0,6956.043914327347
7700.0,22410.28042193774
6000.0,5611.077357377926
6300.0,11093.792456120489
5090.0,4201.620732528849
18500.0,25414.0321420243
29500.0,17883.78676030251
19800.0,16341.618293244064
4500.0,5445.726220794113
3000.0,0.0
12000.0,8299.013771757896
8000.0,7254.791942105592
17600.0,13685.846344446505
5950.0,6838.3381910229
270.0,14315.471358712803
3800.0,7976.011224839809
6900.0,3884.0784665835818
6300.0,0.0
2680.0,5798.911213568519
3150.0,0.0
8800.0,15521.50731642437
28000.0,11044.787257310782
5300.0,5418.291246657971
3600.0,0.0
12000.0,18645.500233636954
6750.0,2978.1782280290136
7490.0,7103.1989570201295
12500.0,20366.890434304125
4850.0,6044.828297395554
15000.0,31006.328390944083
9500.0,24181.618908885295
7800.0,13753.92488290666
10900.0,3529.1107858284267
5400.0,0.0
3000.0,0.0
17800.0,25203.25413855504
40500.0,37678.40220207712
9400.0,8298.77206950094
18800.0,21571.68393213412
2400.0,2390.6608113008333
6650.0,7761.760693740693
6800.0,6708.502795678931
13500.0,13188.992852061114
15500.0,17599.390163113734
12800.0,22325.135669267434
45.0,17717.235999986162
8000.0,34882.393791255454
11250.0,22382.94701208805
27500.0,18811.90486842254
2400.0,0.0
5600.0,2447.892350050457
11200.0,9128.198360971404
5600.0,10428.324089025133
4500.0,1851.455085540245
4300.0,1436.1611652972097
15500.0,23483.114608823376
12500.0,9742.806242341958
4450.0,8612.628557791782
2600.0,0.0
20500.0,21029.128859306762
4650.0,0.0
9390.0,6805.9434387379915
12000.0,7415.499759015431
5200.0,816.0184848757881
18000.0,26136.935031384925
6500.0,9110.05917890379
3000.0,1238.69482041202
7490.0,8823.545315904235
17300.0,30990.265372741105
2250.0,0.0
6000.0,4008.4040426775573
15500.0,13433.69029823077
3.6,10111.480176667712
3350.0,0.0
14200.0,20310.719764785248
6300.0,5705.631601858693
7380.0,7576.190722166233
9000.0,8401.157062077666
4850.0,8806.830721250646
6500.0,4554.389646608863
7350.0,11064.958905387375
6500.0,14293.998175388348
7600.0,12062.455375403231
3600.0,10111.480176667712
5000.0,9855.928069123678
2500.0,0.0
18000.0,37043.70486329528
4450.0,3214.9041567524728
5600.0,2904.189040105277
10100.0,10347.731656299384
6000.0,6334.893904238723
32000.0,20177.065101370572
6000.0,1195.8055793027197
9200.0,8644.87475685526
13000.0,14976.994273149212
2200.0,0.0
4050.0,17730.21834716261
23600.0,18385.129960677255
6800.0,13216.297885502838
4000.0,6355.640581060625
2400.0,0.0
3710.0,9360.741724608095
82000.0,13440.589286498092
24600.0,17069.945757252663
6250.0,5693.742332171052
11600.0,13631.670817508668
38000.0,25028.144227398807
8000.0,0.0
4.0,16674.188768978773
12700.0,10724.887458581801
6400.0,13516.48991643366
3600.0,5806.184406064978
7980.0,8589.055625225046
9500.0,13039.369881975214
14500.0,17146.611243001356
3899.0,11211.686703524265
405000.0,126439.50954902363
5000.0,2915.9292918385436
3620.0,3333.5293870046844
6680.0,2335.823812498649
2800.0,19121.02307088764
5950.0,7688.397909073519
11000.0,58239.65203934943
6200.0,15423.222730832538
5500.0,3585.2642159293027
6000.0,5980.057132673377
14600.0,9393.620879354898
8000.0,4279.112952629428
4300.0,0.0
3800.0,10793.370754237709
4000.0,4639.9691895621145
11300.0,15310.011802212794
14500.0,21056.73436157501
35000.0,19852.560076919905
8800.0,11784.381969897167
6690.0,11829.490065766855
27500.0,29010.315898503835
1200.0,0.0
9500.0,19453.63625983287
19400.0,31050.33528641458
2790.0,0.0
6800.0,3347.8465685411484
14500.0,15250.314131662206
7650.0,11472.62344453338
7800.0,6656.553091011849
4420.0,162.98573181209122
19500.0,12262.913397920463
5790.0,598.3292867716291
3200.0,0.0
19800.0,13996.312284398675
8000.0,11942.225876992274
7500.0,11296.335337068802
18000.0,46686.03532512403
13500.0,1911.1007631715693
9250.0,12049.891011214077
20000.0,30537.275180979534
3500.0,6095.3904830974825
4000.0,1029.6334782029298
3200.0,0.0
2900.0,13620.670208187581
24990.0,32298.218354209657
10500.0,8434.458708894617
3450.0,10766.895677266391
16000.0,23793.030567631864
8760.0,9444.720720906724
6800.0,10899.804779201058
29000.0,23455.536196553276
130000.0,33857.02495901464
5900.0,5425.493399045437
5450.0,9165.787228457782
14600.0,19092.81895946896
5600.0,8964.443099305245
6000.0,4426.619865485722
6800.0,12014.966092508846
5600.0,6810.204374206391
19000.0,30382.499992710193
7700.0,11082.406863965403
3900.0,3736.626030123278
8500.0,7233.694931571486
4250.0,2699.528025671265
8550.0,10588.918737624088
18500.0,9310.511657774721
13000.0,12664.84608601224
6600.0,5102.171480369641
9600.0,14647.322182615993
20000.0,28627.543830771883
3000.0,10551.335232928603
4500.0,9891.27495818272
4430.0,11069.046347710962
7500.0,9468.13282448201
7300.0,2233.438998954849
2850.0,2882.4494386694278
5100.0,11259.76292154752
8200.0,17849.474729993253
7500.0,1973.6321650567916
25500.0,18165.930220954913
2800.0,0.0
26300.0,31215.27056940871
6680.0,9787.984351561136
8200.0,3516.407162559808
5500.0,10446.774976662971
6300.0,10766.420493274749
1500.0,0.0
5999.0,3844.557633731565
5800.0,6899.235233761359
7600.0,12217.009058224005
4550.0,6444.187788866024
15950.0,15465.239861961378
125000.0,167061.78579591823
4700.0,0.0
21200.0,11992.751073864809
7000.0,12575.55086558796
9000.0,21542.539980695172
6100.0,8964.443099305245
8260.0,9247.67614187493
5000.0,8248.415657046053
1300.0,46634.99429829596
4760.0,97.64141303534325
13500.0,15961.798997612725
48500.0,33626.591779316776
4850.0,1773.6662341880256
9200.0,8258.636515271848
26700.0,26822.158327724344
3900.0,0.0
7000.0,5241.859879091346
1890.0,4567.76103927469
7000.0,8875.99269283412
12500.0,36870.364858222994
6800.0,2443.9312776837505
8400.0,12993.331933561727
7600.0,16484.588422520108
5050.0,2213.466384344385
6300.0,921.305383333307
16500.0,26978.74077555277
8700.0,33746.14923155261
7100.0,25095.337270105603
8000.0,7854.563696342193
25000.0,14156.967685654443
10700.0,24351.145892754073
15500.0,14480.969217365859
2250.0,0.0
15860.0,15393.382982437095
10000.0,10662.988461319244
29800.0,21006.568281165914
4950.0,2750.869422610158
7800.0,3817.761652632864
4350.0,6444.636868789388
12800.0,13883.353625671596
36000.0,16191.345675486831
6100.0,13753.92488290666
48000.0,41213.679452077384
6800.0,9701.924398202078
12800.0,18720.81640225013
16700.0,11696.871252418914
9.0,18166.310368620972
7900.0,20200.887473572384
7500.0,3821.393731258506
18700.0,24307.98391901144
5850.0,2064.727720491919
5900.0,9673.548269939045
5900.0,4499.041260974074
1700.0,29292.91379887542
5999.0,4728.001845414772
28000.0,18040.933034641588
15800.0,24155.130488604616
6600.0,5987.920678912444
7300.0,11064.958905387375
7800.0,11732.539054206409
8350.0,20014.434479457446
85000.0,36674.19270598359
16500.0,16004.500005139042
8400.0,11674.527190862802
6800.0,1195.8055793027197
5850.0,2810.788520313021
4000.0,17948.606896749032
12800.0,19455.968791785792
15000.0,25866.062945255206
8680.0,25076.257037800966
7900.0,12885.56617869209
8500.0,4113.623418022562
22000.0,24117.31529673657
7980.0,11520.982147954212
5200.0,6418.413034016512
9800.0,5301.537490477451
3250.0,162.98573181209122
2700.0,0.0
6550.0,8767.910074407526
3700.0,3820.227265574227
4500.0,4189.832069069735
5700.0,5298.767497574452
10300.0,15350.98313558429
10700.0,9957.188450148027
17300.0,16446.18579121226
16000.0,18609.25275881695
8300.0,10460.7952354989
80000.0,57024.5091280327
9100.0,5387.965116989886
17000.0,17597.042453619455
8000.0,39779.40255598718
1580.0,4075.646779402381
3000.0,0.0
25000.0,44291.5242063489
1350.0,36923.34767835915
6680.0,2851.604020760631
9890.0,10579.445173101605
4900.0,6084.06912252403
16700.0,15803.547402575594
12500.0,10724.887458581801
11800.0,12043.456832570806
55000.0,28226.372436850306
7290.0,11149.251147358398
10999.0,28585.1630062991
2380.0,0.0
29000.0,110998.81061758615
5200.0,6067.91967776556
20000.0,16361.187615444298
5800.0,2844.4860549076875
6500.0,10167.523094434371
7300.0,3817.761652632864
490.0,1707.8456130982704
87000.0,103180.39715541844
6250.0,21491.884859526206
16500.0,16655.071939641333
13000.0,8097.943371326935
12500.0,6040.858785965349
23500.0,29148.845899506803
72000.0,35999.97325145824
6350.0,74958.9623598752
10500.0,3630.2617105524514
25800.0,31577.96869167138
7450.0,4191.649625313468
5150.0,7534.6849346166055
7000.0,21448.959019309405
15100.0,2085.008331313611
3950.0,20527.68225491021
3200.0,5606.239924111627
4800.0,0.0
7500.0,16191.345675486831
8500.0,5969.76185119868
6000.0,8571.179108800572
2800.0,0.0
4490.0,6691.559258596091
22000.0,18316.358158188425
7999.0,5025.173752450526
6150.0,1934.710920603391
33800.0,27272.09201501346
7200.0,2611.2440878545967
19000.0,20121.38089823604
7600.0,12625.4598270174
83000.0,59050.1109611984
12000.0,0.0
5300.0,8018.09440075237
1600.0,0.0
33000.0,20177.065101370572
9000.0,11114.17509229742
6900.0,10754.419352253699
35000.0,26481.559677314584
5100.0,0.0
5590.0,2810.788520313021
3200.0,1967.0138802246329
28000.0,23846.803731087814
24000.0,37350.712865482245
18990.0,14483.565435259829
9900.0,7678.747191404589
4550.0,20878.784295484085
1800.0,9430.910197976955
14900.0,12574.528463607607
780.0,0.0
12900.0,13610.773305264527
9000.0,13964.38504990557
15000.0,16155.177398030395
2600.0,3136.721611121935
2950.0,11362.456127167581
20000.0,18395.881084653396
15000.0,16292.324669481644
1090.0,0.0
17000.0,25808.103374532042
8600.0,8681.598168988121
7800.0,12587.096131581573
8880.0,9147.217861898767
10800.0,12517.555388338817
10500.0,9351.560043182912
8190.0,0.0
6000.0,6932.686391583487
10300.0,7272.0336009312705
5300.0,0.0
8200.0,7405.21713185292
7400.0,10788.419604769817
1600.0,8190.3902674997735
25000.0,28223.203898179698
5600.0,5383.229694705642
6300.0,4692.799313799762
5850.0,7254.379411581722
9400.0,13936.064624289174
16450.0,16554.738436467185
2100.0,1644.6000114797316
285000.0,806.1504450180701
8600.0,8194.240609280369
10900.0,17654.547084623806
4950.0,6172.744612784953
6400.0,11929.95819437877
11700.0,9742.806242341958
7000.0,12110.619196990396
3830.0,0.0
16000.0,16692.658158159295
9500.0,7825.11830897947
5400.0,2220.0149847328903
9200.0,31857.00552804698
5350.0,22560.75225960239
9000.0,9147.217861898767
8.8,4037.3861951904873
4444.0,2423.0500927514877
24999.0,25461.81789157195
1799.0,0.0
23000.0,32741.870011958494
18600.0,24182.292480385568
40000.0,47872.743253761
7650.0,7194.549462038212
6000.0,12665.135289399655
11800.0,11236.063128973125
4650.0,7822.072638636579
18200.0,19228.854767438126
19500.0,11185.165347883049
6500.0,18336.063914249422
12000.0,64683.20323511725
6600.0,27782.369669755713
6800.0,5163.544632093366
3800.0,1700.2111279057717
12250.0,19356.930038866478
5700.0,6488.874796917586
13000.0,8441.069711086493
5200.0,2895.6236706943746
2450.0,4799.959347680917
13890.0,20863.504329623833
6100.0,3915.6448242236256
13000.0,10501.180378371817
7800.0,3077.9713156265025
5850.0,482.5496255093967
7780.0,15008.611516075864
10800.0,12779.50846673887
6350.0,14354.847278452093
5000.0,12512.187429847112
5750.0,13842.149648562761
10500.0,11483.72155587971
12500.0,8251.819929688718
11600.0,7678.747191404589
6200.0,3687.8615921978308
4800.0,0.0
40000.0,42325.95039829161
3600.0,2155.720723631077
16300.0,14013.75914210338
60000.0,27221.248901363575
30800.0,30369.761154031494
4700.0,1309.9599617653894
15500.0,11539.43155405881
85000.0,58625.071756202524
20000.0,13469.559947334925
9500.0,12828.528077337032
8800.0,15316.057190581814
5500.0,11347.52360721141
14500.0,22082.124617610967
7950.0,10456.564698947448
7000.0,9120.306882639401
8050.0,2298.2720446602725
6222.0,56355.135543337834
5500.0,973.3943098529417
4600.0,12291.787200149294
3950.0,0.0
5300.0,9742.806242341958
24200.0,18873.064626349234
16700.0,19729.79100853792
13800.0,11018.257600825953
7900.0,5693.742332171052
5200.0,7431.045755891038
8950.0,1535.135932345751
6600.0,0.0
6300.0,0.0
7500.0,3480.172848661754
66000.0,73933.6025755058
4650.0,816.0184848757881
29999.0,12604.886220308697
8400.0,8209.802798559876
33500.0,53134.29980751623
6300.0,0.0
15800.0,11668.62705530522
9600.0,28125.150680738338
4550.0,0.0
16600.0,10899.804779201058
2850.0,2762.9083070221786
3250.0,0.0
5700.0,8240.048201374979
3990.0,0.0
3600.0,6495.806342997877
6950.0,17050.084658456162
6400.0,4079.33035446933
1000.0,17921.390782139777
7300.0,3752.9804611529726
14500.0,11573.860424324721
4200.0,1561.377311011409
9300.0,8259.53627639076
4560.0,576.7445506188587
9000.0,9820.517871588298
9300.0,12084.531595571309
44800.0,27419.43545715159
4250.0,7286.867676516722
16800.0,8873.794191375693
25500.0,23393.03598463021
19500.0,23405.118232024175
3980.0,2605.0260336015563
5200.0,5669.422164894666
10000.0,7431.045755891038
2400.0,0.0
4350.0,1521.4280458762369
8900.0,9891.27495818272
10000.0,6292.08094732312
6300.0,0.0
9000.0,1439.9316455723092
9800.0,9421.46229461327
3850.0,6087.54653211312
10300.0,10778.254668814716
6800.0,9854.434604035167
19900.0,14245.614668833074
20500.0,27870.241649127256
19800.0,40644.39086292933
7500.0,4426.619865485722
740.0,0.0
14300.0,18493.525883476
5850.0,12407.953691526021
1550.0,0.0
15200.0,15264.155514902592
4700.0,4485.4991510704895
8900.0,13435.92370549091
1350.0,4075.646779402381
15600.0,22881.8197459708
1300.0,0.0
16000.0,16283.664976719603
3490.0,3855.334709798677
4900.0,7695.008911265391
3600.0,0.0
17000.0,27688.6008835386
17500.0,11114.17509229742
245000.0,93950.44684820918
10950.0,8771.651243114204
6150.0,3800.2616841601957
55000.0,19448.062341252877
13700.0,18166.310368620972
12500.0,17665.100438479167
12200.0,9217.033531390636
2700.0,0.0
8200.0,10483.496636739885
2000.0,61744.31581480762
10500.0,21442.72986312345
7500.0,6640.320526936002
6900.0,10605.91457549166
12500.0,7782.188419476166
17000.0,16742.43573130441
2500.0,19070.528737287477
4600.0,5275.719400646298
5300.0,1719.4551096740433
5460.0,8410.927012248258
22900.0,38684.11229323354
21000.0,17743.872265130354
29000.0,34409.11878739935
9100.0,17140.53373441623
12800.0,13840.855988696709
31500.0,22573.296519597505
5950.0,774.5080103674163
9700.0,17022.68112098167
5500.0,6709.114702663661
6150.0,16357.35313035105
23000.0,13916.994998567094
50000.0,61611.633547215955
10800.0,9036.632416311382
13450.0,16681.998356226337
7100.0,21137.688189030647
13000.0,8871.456244123849
13500.0,25317.61277016919
18800.0,25609.301016926056
14900.0,15053.445993237303
258.0,0.0
7900.0,18707.57546001177
12500.0,9294.83103498811
12700.0,12569.773844739753
800.0,11741.927915711003
6000.0,4707.097576264638
10890.0,14567.60552132815
4400.0,4517.592310048041
2500.0,3884.0784665835818
12900.0,9037.869302594987
5700.0,7620.63024396911
18850.0,19036.39441412176
8900.0,8722.517624132572
31000.0,33119.33957367331
41000.0,121742.01390038156
6500.0,17140.53373441623
6380.0,2955.392284660511
19000.0,29683.721603293252
7600.0,8441.069711086493
8800.0,0.0
17700.0,16010.845203517529
1800.0,0.0
14600.0,13218.324250084468
6000.0,10042.084471754599
5000.0,5555.962733275994
5900.0,6372.812135956523
6000.0,14922.339013877037
9000.0,11064.958905387375
7800.0,9187.630460662724
60000.0,48202.46160842934
9900.0,9018.067671104101
10500.0,10425.842438378339
6900.0,2298.2720446602725
5555.0,4699.4007721770795
2800.0,537.6344036377686
4700.0,6545.664522079704
31000.0,24296.221799711104
24000.0,24256.70202209424
61000.0,33458.130057672635
6000.0,5148.198927293803
11300.0,25562.623265378348
11900.0,16662.524116612534
8400.0,63080.92408558774
5000.0,4191.649625313468
13200.0,7432.267870375561
36800.0,49238.662517835895
9800.0,12803.216490242623
5350.0,17175.329982318675
9700.0,8218.382299484143
4500.0,786.7950972322324
2490.0,25340.37923382281
10600.0,16971.17520016506
22500.0,15102.89490490673
7700.0,20248.397965023963
13900.0,15818.03412542841
16500.0,13217.62372545739
12500.0,26101.4378939244
11500.0,13391.994717918951
7950.0,5913.095532210718
6800.0,13516.48991643366
9000.0,12517.846270459948
40000.0,29982.48380408269
29000.0,37975.54474398641
56000.0,25103.10960986796
8300.0,6648.126849163647
92000.0,49241.93288714625
20000.0,3489.2120099707154
3790.0,0.0
2480.0,0.0
5000.0,0.0
7500.0,9186.363516386777
7500.0,12575.55086558796
9600.0,12497.719405199623
7300.0,9870.377544430612
7000.0,6531.463080612464
3600.0,0.0
3380.0,5601.438830044452
16800.0,6294.464743338562
4000.0,1183.0988042794197
1700.0,0.0
4600.0,6730.758167737209
4300.0,0.0
3470.0,7579.201411533204
7950.0,11292.330583436116
7800.0,10512.226985585607
18500.0,37694.83253793813
6400.0,3143.1133866732926
37500.0,23143.34538466969
15000.0,16317.722447696895
14300.0,12367.251379648242
3500.0,0.0
5000.0,10960.527522062079
12900.0,30982.32844309203
4300.0,7947.269025232499
650.0,2061.717408986393
2450.0,10562.345965178458
9000.0,11264.827735767805
4650.0,2773.5070244117996
5700.0,14489.208407037986
16700.0,19379.797806722276
13500.0,23110.745390796674
4100.0,2642.508136851018
15800.0,15851.782905813954
5500.0,3605.7367883496154
8150.0,4582.742342260524
8700.0,11656.874187127109
6000.0,5353.786892196738
32000.0,21394.89844207702
6200.0,7036.127619655064
6400.0,1650.9917870310928
26800.0,21387.70815007307
4980.0,9011.094444937196
6690.0,7923.713762086976
20950.0,25058.176303311615
6200.0,9948.465699792174
2400.0,0.0
9000.0,8955.863598380978
24000.0,20023.88036504346
33000.0,33852.62253175369
12900.0,20248.31812157009
9800.0,7233.694931571486
5999.0,13877.362182541809
6100.0,9517.712042935305
7500.0,8177.10655571214
22000.0,12280.54120441202
18500.0,36284.89178751307
8200.0,21448.959019309405
7500.0,15178.179743678138
9700.0,18403.464950788664
10000.0,11665.6756541315
4800.0,15892.559725914816
7750.0,11379.527051312452
64000.0,32295.592216302244
4860.0,10979.998012194923
8000.0,13218.824900183685
4550.0,7241.867142818977
51500.0,28649.787699071963
16500.0,31374.634185955027
7400.0,3944.5680796443194
25900.0,19429.53569453885
2899.0,0.0
3550.0,1655.7794150792688
8700.0,10559.961652991715
11900.0,17903.036336880996
3333.0,11174.384888846234
17000.0,26125.791100714738
11990.0,18919.408296536785
19000.0,35224.73268840228
25000.0,21842.424179117636
12500.0,30805.208863576194
34000.0,64900.71975916895
14400.0,6956.043914327347
7800.0,9800.208983793913
4650.0,7204.264360798596
1380.0,2817.5279343174607
12000.0,11470.948258402907
20000.0,9217.824619078205
22900.0,19149.525750609766
8190.0,7784.202546965327
6800.0,6059.8826389168935
7600.0,7167.386714459804
8900.0,18954.464772120245
6900.0,2267.488845697335
8600.0,14432.118943857036
3150.0,0.0
5900.0,17620.309740429857
3050.0,17346.04699873567
7500.0,30364.440245125075
5350.0,0.0
28000.0,22907.55239417946
10700.0,15994.760520460328
9250.0,1244.9344274791765
20000.0,42070.54888626961
3900.0,5425.493399045437
15000.0,17147.111192756485
25000.0,33485.60180287111
13000.0,16242.308447812335
7300.0,6446.201456557508
7900.0,10139.681679176003
3950.0,0.0
6200.0,6899.235233761359
7350.0,9249.982368463108
18000.0,15947.16753955654
5800.0,843.7022128564449
16000.0,15511.200800665094
14000.0,5361.097874332816
8600.0,10690.325158408366
3200.0,2363.5167162694524
8000.0,13111.460668082353
33800.0,36127.7546074986
28000.0,23360.36749348661
8000.0,11698.571088503351
7980.0,7272.0336009312705
9200.0,5535.126948221303
7200.0,5144.25937939868
21500.0,29399.387364833947
14000.0,1974.1697892227694
21000.0,8637.456523269557
10200.0,14643.887893360978
220000.0,136539.8952224454
1950.0,3932.7659535294915
1900.0,0.0
17900.0,62274.95852217599
2350.0,2367.13519020857
3990.0,5733.290379418693
24800.0,19557.345566476604
4100.0,20664.221940500243
10800.0,18372.088222060447
7300.0,11942.225876992274
5500.0,3023.0187697363763
6000.0,4118.955757735723
7800.0,15659.268885526253
6700.0,7730.548842724153
6000.0,8000.4402114028235
13300.0,41406.15131654282
6800.0,7036.127619655064
2250.0,4946.062087563694
8800.0,4297.543190808512
6000.0,8734.847978148895
8180.0,3660.4760908778517
4500.0,2362.938130118906
6800.0,3556.8493201341225
13900.0,17369.228617297373
4300.0,4134.150127093228
5290.0,4662.289731543013
16500.0,12082.467277515934
6200.0,4242.285618722071
6100.0,9588.862261178638
1650.0,3181.9598582517137
9000.0,8771.651243114204
12500.0,10029.913825266558
6180.0,8597.151770908462
7499.0,7846.038770245355
5000.0,6357.138157199028
21000.0,16956.22617461462
4500.0,0.0
15500.0,15250.314131662206
6500.0,6357.138157199028
25990.0,20277.60699483366
13500.0,0.0
2850.0,0.0
25000.0,16292.324669481644
12500.0,18810.599881984563
7500.0,8510.55140502884
5800.0,14044.639795297073
8500.0,2897.3728678938533
3790.0,2813.332587493791
5950.0,6483.889625197606
8190.0,6488.874796917586
12300.0,20557.263066067873
32000.0,14395.697007558174
3900.0,1112.3089993037647
135000.0,40797.115423441996
5950.0,4296.597871029731
36000.0,60559.69352814606
16750.0,26324.11613266986
9600.0,8032.928476337824
8100.0,17420.249568799874
19000.0,21567.740563675496
5960.0,10832.877464382811
5500.0,4693.853279730651
11500.0,10990.852021026909
4850.0,2254.7128922093507
7500.0,17389.443151040487
6500.0,13445.14475276219
6300.0,5522.258589453964
56000.0,52369.25061414724
258.0,14103.43589378076
10300.0,17292.389971192
5500.0,8161.700619489973
10900.0,33050.71697061078
19000.0,18784.5115708342
15000.0,11681.477140686507
6800.0,8957.178578403029
7300.0,18707.57546001177
13500.0,15736.573202965727
19000.0,15532.296137412268
2800.0,49.513260666494716
8500.0,11366.380760434706
14950.0,12484.987121260154
4500.0,6681.443928196053
7000.0,7778.184836755723
6350.0,5698.091512205128
5900.0,3062.2680469666593
4200.0,585.6816869573995
7100.0,8735.780666379844
4600.0,3981.9410455936704
8200.0,24816.079726157248
6750.0,3604.560700562539
12800.0,8955.863598380978
14800.0,12738.81187368591
13000.0,10021.64660303136
2350.0,0.0
14000.0,17529.568437561287
9000.0,21499.039284994848
1980.0,827.5503911401929
12500.0,21963.60678044279
8350.0,7951.503431512439
33000.0,25742.139830722295
9400.0,21725.924790153986
4500.0,10166.88016037481
6400.0,28528.43046957682
4200.0,3789.8121883609892
11000.0,9168.758167919234
13700.0,14169.110793889944
12800.0,19558.92414005457
4680.0,0.0
5950.0,7036.127619655064
11900.0,8157.761084293423
13000.0,8591.448788918602
3800.0,0.0
87000.0,53942.50595214525
10500.0,19074.74790530445
5000.0,2232.117428207912
5200.0,16.53049274604473
14500.0,15000.842265104558
7600.0,12110.619196990396
4800.0,15628.141144755718
6600.0,8771.651243114204
41500.0,32824.23844703968
5000.0,3613.1628323198966
8400.0,2601.554168903138
22500.0,10616.661847686493
7000.0,11362.456127167581
7350.0,6102.414712288193
13600.0,12680.501436107003
1300.0,0.0
11800.0,15365.8763188956
7500.0,1166.831532406757
12000.0,57629.04421120901
7600.0,97458.39613676012
9500.0,21416.785889924282
30800.0,28434.661683359704
5300.0,4037.3861951904873
33333.0,24710.701221411444
4400.0,18917.60924495086
8000.0,6957.237984193045
10000.0,20745.824059705108
3590.0,4804.368239507447
18100.0,41239.88820860558
8800.0,4426.619865485722
12600.0,8955.863598380978
8700.0,7431.045755891038
12.9,17228.43181357932
12000.0,9031.659941565884
190000.0,66069.44603456785
6200.0,22120.995305740053
26000.0,31226.25285975898
13000.0,17989.834206282383
12500.0,17770.478536875573
7350.0,8560.18559310029
8900.0,8780.816712384789
35000.0,31572.54970352269
12000.0,17965.843086142253
1350.0,10500.629474222605
9800.0,47172.33277139565
11500.0,17717.235999986162
7900.0,9959.998363547369
16800.0,10453.259737764765
6200.0,23289.017565873375
173000.0,89693.0117755001
3800.0,4098.958764832012
7600.0,6140.406911073449
6700.0,5626.751336135421
3800.0,3932.6666224692563
6350.0,6874.569444148008
10500.0,20066.689487081912
39000.0,109230.1633283195
3200.0,3370.6449555756553
42000.0,0.0
36400.0,23233.485605220674
8300.0,9715.122120053464
27000.0,61055.88955678578
4420.0,15091.403192209913
9500.0,16890.64533563186
1540.0,0.0
6600.0,3868.9762746906126
6800.0,7036.127619655064
3200.0,0.0
8200.0,7096.934025582843
15000.0,18541.607974853185
168000.0,35051.47135382368
45000.0,53895.44230548262
6333.0,6292.642982293852
6600.0,1556.2255478031057
6500.0,4356.11068054854
6500.0,11246.690274043707
18500.0,19185.324539005822
96000.0,78250.52878432337
26000.0,32354.327413726587
15000.0,16742.43573130441
5600.0,7254.379411581722
29920.0,16050.194105220286
40000.0,32545.796871792725
12700.0,18041.29331753278
7300.0,11064.958905387375
10000.0,2157.2195126466813
21000.0,14645.592101673668
7000.0,8528.249219297268
15900.0,26764.740399351806
6050.0,12110.619196990396
55.0,42347.07139662033
5.5,5794.746076874519
19000.0,10788.419604769817
10150.0,15945.101594206535
3800.0,3017.176092426853
17750.0,31695.200347859598
6300.0,932.0846426127318
14300.0,9170.868791046789
7.0,0.0
24000.0,22213.19849013895
7000.0,0.0
9600.0,15246.046482548863
6050.0,10334.92306099974
65000.0,61284.0689201636
18600.0,14042.745854871318
5900.0,11347.52360721141
54000.0,38546.80237553085
2690.0,0.0
5700.0,0.0
9500.0,9870.240787873056
25000.0,24489.63876061789
155000.0,90228.37814012085
11000.0,6132.437146012871
14800.0,9026.6453363045
12000.0,36019.5610616123
4800.0,2606.0398893837155
12500.0,16647.27481084876
4060.0,6292.642982293852
15000.0,47191.89827406568
8700.0,34138.111113764
15800.0,11246.690274043707
2450.0,0.0
7500.0,3480.172848661754
11000.0,16634.72732560203
24000.0,24967.585150424584
6050.0,3374.9006685086897
18000.0,12975.677744212178
9300.0,10368.114292476319
7800.0,6545.664522079704
7500.0,5105.2844319621
15900.0,15005.151358075917
7700.0,12082.467277515934
4050.0,0.0
5270.0,1486.0566283868102
6500.0,11115.006819010454
15500.0,12727.049441626365
5000.0,943.6478867985097
7900.0,13007.864083085555
7200.0,3701.4530844816127
10800.0,16433.114238549668
21000.0,25764.89770621259
2350.0,353.93115280741404
26790.0,18399.407656579137
13500.0,11963.521868684817
65000.0,59161.611818488294
15000.0,8627.737134000097
20700.0,40218.67619267247
37800.0,37357.53153631253
21000.0,92597.39865013244
9600.0,10037.668724635678
3950.0,700.8576228370212
3800.0,2363.8496427981554
6600.0,1486.0566283868102
8500.0,12466.6534406861
4500.0,15272.559272125854
16500.0,25429.68800233903
5100.0,3284.0761899906593
4000.0,6102.414712288193
6800.0,3508.9691068432803
6700.0,3961.036776443536
3000.0,16251.941541566684
65.0,0.0
9700.0,7947.0805043745495
4500.0,5045.701507472819
6300.0,13832.877395793443
3930.0,0.0
6500.0,6448.622756413664
2400.0,0.0
6500.0,0.0
6850.0,652.9213715030173
4800.0,13936.064624289174
5000.0,6562.9741298221725
17300.0,27232.923976227783
42000.0,85979.8314516233
8500.0,15250.314131662206
52500.0,19468.997172368356
8300.0,6243.573209444388
5200.0,0.0
17300.0,26249.814346394425
4500.0,0.0
13900.0,38495.085461809605
5900.0,5425.493399045437
13200.0,12785.701278176814
3200.0,0.0
46000.0,56092.685672001404
65.0,13617.80057498033
3700.0,0.0
7850.0,12014.966092508846
7000.0,5528.961709254767
6800.0,13498.390803502421
16800.0,14244.451603323523
18200.0,20511.656799519933
6400.0,4863.346402790059
15000.0,9177.656966857878
6700.0,9133.705916790968
6480.0,4962.65987922284
16900.0,25838.556906799186
9000.0,6581.761715377226
7000.0,8322.251521987335
3090.0,1413.2291022288591
7900.0,8444.499376749376
35000.0,36365.72260821848
6950.0,92523.32006101277
6700.0,16357.35313035105
4250.0,4304.28569685185
31500.0,52631.70053740872
145000.0,73851.15061052826
6800.0,8362.003353437676
5200.0,64.10394816090502
4550.0,5606.239924111627
4499.0,3507.5656918610584
3700.0,13097.299832512585
7500.0,6357.138157199028
11000.0,16768.656389615993
9.55,6102.414712288193
6900.0,8958.235552215243
7100.0,4532.7215605152705
6180.0,7947.0805043745495
36500.0,32856.720563760144
12500.0,14205.683497059894
24000.0,24548.564040928453
4200.0,7522.64056298391
4950.0,1490.6069207057917
10450.0,5336.6792333737685
3200.0,0.0
10200.0,14645.592101673668
7300.0,9406.988826744986
4880.0,798.999737101215
88000.0,35414.324156411734
39700.0,24182.292480385568
7400.0,6508.31861176062
72000.0,50092.487533039704
7100.0,8132.158130283537
6300.0,14696.38476382327
6000.0,4027.5102202571325
9500.0,9616.346332869009
8000.0,3674.3435647605147
10500.0,8378.119188230852
10540.0,13052.195484494598
8900.0,4929.204314996499
8000.0,11268.905292687745
10800.0,18661.6573028901
5600.0,6358.969371445157
14500.0,14908.428843538055
12800.0,26111.63383626207
4000.0,4145.760507790295
2950.0,7490.123403492078
5050.0,6747.926601732775
3100.0,503.9212122899453
3500.0,0.0
12900.0,16011.992910237164
100000.0,61405.83454399109
6800.0,6357.138157199028
6500.0,20207.936971453073
4800.0,2466.3617062845733
16800.0,13524.280563815908
9750.0,7802.709435345909
13500.0,12280.54120441202
12900.0,14244.451603323523
5450.0,6418.413034016512
18500.0,16062.117990402916
1680.0,0.0
7700.0,6808.318250474867
19300.0,26648.319338045545
32000.0,40275.75721327722
8800.0,11077.65224509755
2800.0,12375.411848941196
6190.0,8892.48232879542
12900.0,10167.523094434371
6400.0,8381.526185765177
9200.0,17024.41773705447
365000.0,88413.11593155634
29000.0,29040.655652049067
6600.0,694.7344966311111
29700.0,29210.87529923113
5190.0,2950.7912211023013
14800.0,8767.910074407526
6700.0,11268.905292687745
3190.0,843.9432028461188
15000.0,13024.185994831263
2350.0,0.0
11700.0,11901.06629171336
8500.0,788.0402035320722
5500.0,1331.7424867785012
10500.0,12487.988715532105
5580.0,3687.8615921978308
5200.0,1258.5412082458188
8700.0,6617.73677498347
5000.0,7493.987401553877
9000.0,12690.45046364329
19500.0,10453.259737764765
5000.0,7038.703782114953
110000.0,61819.96459136081
6800.0,9247.67614187493
7100.0,9333.315569946128
5850.0,3109.910442619257
6300.0,8156.214418322548
1000.0,0.0
30000.0,48147.859788621325
6380.0,14702.030769170047
5390.0,2267.488845697335
1100.0,0.0
9700.0,13250.251484577577
5700.0,5589.796557969961
12000.0,11286.098164352603
9000.0,11197.741306027609
6000.0,0.0
13700.0,8227.44001634974
15000.0,22237.94565934731
8000.0,11656.874187127109
6800.0,2810.788520313021
6900.0,4115.195513119856
3200.0,0.0
6150.0,8032.928476337824
29900.0,15072.608453058278
18100.0,17287.258217428654
6900.0,5799.603722258602
80000.0,80342.36393596003
3800.0,0.0
6200.0,12882.923767856282
15000.0,16196.146563388855
12860.0,11918.785286191141
19000.0,39190.531341587455
2950.0,162.98573181209122
4450.0,321.2650023439446
28000.0,28836.10917932318
49000.0,81338.589822094
4800.0,16508.905949914715
24500.0,36547.98736195969
7450.0,12196.602969181728
7650.0,13479.891857201172
2400.0,9487.87641255272
7900.0,10057.421886549146
5200.0,5750.095308684997
7500.0,8830.875848721014
24000.0,18166.310368620972
16500.0,30320.95910481158
2750.0,0.0
125000.0,220878.01145566205
1000.0,9186.894790259106
5900.0,11617.53087361441
6700.0,2782.4683494359833
2600.0,8832.077667692858
10000.0,107151.99640028334
1600.0,15325.424540483134
134000.0,76278.0676317584
5500.0,6838.3381910229
10500.0,17467.48859253966
6100.0,3844.557633731565
4800.0,18235.408160342984
8990.0,5675.265114817597
13000.0,12776.910540763929
10500.0,10250.60206883718
15000.0,25969.616454200554
7500.0,7521.442568521172
7000.0,15113.700794371416
19500.0,23156.341221758837
17.0,16339.502962709452
13000.0,15286.162644987813
12900.0,18860.71386931895
13500.0,21406.80957505225
2200.0,0.0
3790.0,843.9432028461188
6200.0,2990.565230302176
4580.0,3199.719060771231
5500.0,4527.763288254579
12900.0,8836.166508529506
6600.0,13610.773305264527
4380.0,5980.097070469075
11200.0,10620.319960613604
5800.0,9156.987812069357
8900.0,20758.747092649675
8800.0,8379.584262221862
15000.0,19104.935138347326
6000.0,5081.705612342259
26500.0,21025.176233925995
7200.0,5626.751336135421
4700.0,2303.205035517596
3350.0,9372.303736500751
6000.0,5206.1717582968595
7500.0,5215.522519116719
5000.0,8454.644277200328
85000.0,43357.47028031337
3900.0,2271.1340833176328
8000.0,5997.123445629801
16450.0,17467.48859253966
13000.0,27408.39303130899
8800.0,16794.341399587498
2380.0,4709.755335144018
19000.0,15651.459211804773
6350.0,7105.030171266259
4320.0,1112.3089993037647
6500.0,3808.328846787761
5350.0,2616.366194902923
14800.0,12426.680537163782
12900.0,16590.37712201497
8000.0,3762.830989055881
8300.0,17717.235999986162
6000.0,6448.495993919227
800.0,0.0
5150.0,3811.116472191363
3970.0,3594.249796389835
5500.0,2943.5699492241256
6900.0,2922.31747989398
9999.0,7647.575381966581
3450.0,1206.0479636228956
6150.0,6334.893904238723
220000.0,164204.06746245225
7000.0,2446.2719277268734
10800.0,12278.125195010161
50000.0,99208.27513522985
5990.0,3339.710598733367
6900.0,4408.339395557046
14500.0,11992.751073864809
10300.0,21315.010537304155
4500.0,22934.44412592097
2070.0,0.0
7300.0,6016.101984268134
8300.0,2955.392284660511
24000.0,11736.882773479945
5820.0,1903.557799405462
3600.0,6733.981478733549
7800.0,10384.603928437624
6800.0,6899.235233761359
4180.0,1243.0882181316701
6200.0,14123.005215980993
15000.0,18735.89500610348
3200.0,5240.230818848911
12000.0,27911.254843800136
11500.0,12868.203301781548
8000.0,16068.218368011781
60.0,8957.987164811035
9.8,12649.678764832235
13500.0,17017.646041832933
8300.0,15054.589630362203
16900.0,17846.28027987628
3000.0,11136.109876130264
11500.0,17620.91386817273
4900.0,0.0
7000.0,6644.247826703409
3590.0,3947.792479909549
1000.0,5011.8302770136215
4000.0,6747.926601732775
9900.0,9222.670442366358
10800.0,3216.962951250269
8500.0,20309.50878101432
5000.0,7405.574507869784
80.0,17249.559991227376
3250.0,8844.224464502102
4000.0,2934.9031917792963
9500.0,13363.062694167347
17600.0,30305.435108432273
8470.0,11659.644694076575
12000.0,18645.500233636954
10500.0,31816.6828661332
3000.0,567.1416184685249
8500.0,6785.956662388753
9600.0,12649.678764832235
63000.0,73991.1902997998
9000.0,12968.251301771128
16300.0,28381.2758864749
11000.0,9482.20569016931
14500.0,19701.408647804765
9500.0,15115.195665972915
8.75,10340.229165706281
11900.0,13243.780205020725
6500.0,5855.530517084804
7350.0,7092.609374077565
1850.0,6719.566559404511
8550.0,8759.704415455875
3600.0,2964.0785333265994
7500.0,3519.5678242329013
7300.0,8767.910074407526
900.0,0.0
6800.0,14160.71790715785
7900.0,11472.62344453338
5650.0,2028.6413627480542
16250.0,28393.08369481956
40500.0,33023.217797980935
3200.0,4853.42188989526
28000.0,29989.87317421087
10200.0,48398.37859118453
11800.0,12082.467277515934
4980.0,7493.987401553877
11650.0,26787.288816829136
11000.0,36477.410808923465
3000.0,638.0436049482323
49000.0,32141.77321247933
19800.0,11328.71878038024
5250.0,0.0
10900.0,12676.209887808862
1200.0,0.0
6000.0,27372.83987263042
6000.0,7779.881294377041
6400.0,11829.490065766855
7800.0,5987.920678912444
35000.0,22542.34750200448
14500.0,12043.456832570806
10000.0,12441.329159993864
16800.0,12882.923767856282
5950.0,1650.9917870310928
3950.0,18842.938514561254
8200.0,10534.045151382237
9050.0,10724.887458581801
9050.0,18504.12600637827
12800.0,10195.510393735265
2800.0,6931.432178992996
15900.0,18906.156798174023
7660.0,7662.393824692514
14800.0,10770.829542265168
6550.0,14715.77478949761
14000.0,15354.20547073684
6000.0,0.0
7000.0,15859.761594192518
3650.0,0.0
7199.0,1813.386601986149
29000.0,19908.105217791697
5200.0,0.0
4950.0,2934.4982658435183
21000.0,33889.18570771966
7500.0,12575.55086558796
3500.0,1700.2111279057717
9000.0,19639.235918449616
4500.0,502.2071479309625
22500.0,29180.7224831808
2550.0,0.0
17500.0,19345.430814728705
4000.0,16143.84889341705
1700.0,16313.295374476624
5200.0,4036.8401096125635
6100.0,5914.079359215588
5700.0,7372.312390534349
11000.0,13620.85207664984
5800.0,15535.487343928799
3400.0,1112.3089993037647
3680.0,0.0
6500.0,19222.339946804812
25000.0,11114.17509229742
7400.0,20130.39074401592
13000.0,32983.762515636874
2500.0,925.0488208684219
8500.0,10731.356689919765
11000.0,11044.90471685856
6100.0,7341.852094163194
5300.0,18522.312879815243
9000.0,36006.21839494063
4280.0,0.0
7900.0,13190.692688145555
37500.0,32702.139859202016
72.0,2847.297675293734
8.6,18125.32907669652
4400.0,9424.219292304395
3650.0,0.0
4900.0,0.0
6500.0,6442.067960552631
21200.0,10240.417454564205
7200.0,5170.235644677812
30000.0,26921.809601981226
11450.0,16766.12647276912
16800.0,19023.385895299118
20300.0,24134.796767189786
3900.0,2934.4982658435183
24300.0,16662.524116612534
7500.0,8402.671074290536
6800.0,0.0
22000.0,29159.63138029481
5300.0,2620.8117708860846
8990.0,10235.954559225134
16500.0,16752.5855003234
5700.0,7641.584317148769
6000.0,12110.619196990396
10500.0,9616.346332869009
12400.0,10039.576516281904
5150.0,7534.6849346166055
11000.0,11308.570063093128
8800.0,18260.19609252025
3500.0,7454.5635955000325
4900.0,7922.826707741322
19000.0,25744.81025965822
5950.0,2038.1346142200382
4500.0,12826.328503896715
3500.0,7243.65906673764
6138.0,19170.09873558719
5500.0,4784.305118301199
10300.0,21022.693970297503
249000.0,42993.53559639558
4200.0,11513.76820267356
55000.0,33836.28303371841
160000.0,42726.54793436144
3000.0,4825.65098664689
11600.0,28263.1762041234
5600.0,12885.56617869209
4900.0,5425.493399045437
7650.0,10601.988868944776
3400.0,20758.747092649675
3699.0,5064.662931345874
6900.0,7291.032813210722
7000.0,12692.945376466581
29500.0,18159.361281544483
89000.0,35541.852488233155
7200.0,3192.332727547975
10950.0,14317.014906132968
6990.0,2267.488845697335
4250.0,6804.41577567137
11000.0,9616.346332869009
30000.0,16701.04702269133
3990.0,0.0
5800.0,3200.6777141575585
8700.0,15884.130804941404
28000.0,24723.59641219957
7100.0,6866.943797915857
6750.0,5425.493399045437
14000.0,9507.424103154357
6500.0,0.0
5700.0,6227.3559024320075
26000.0,43850.93521911424
175.0,18433.59800316669
20400.0,11696.871252418914
45000.0,45690.751156204424
9300.0,20528.516013763965
6500.0,7036.127619655064
5950.0,1305.9542895802788
5180.0,5908.686883307622
13500.0,15000.842265104558
2.8,125516.60693689801
15500.0,9742.806242341958
11000.0,8021.849274586424
10300.0,15391.65290149477
3700.0,22351.114375904643
12300.0,11425.764610413764
17000.0,6174.01361454904
30500.0,26094.122114882488
13500.0,19901.049430682328
17800.0,27694.411188722803
27500.0,17838.85942726533
2800.0,2679.5364447393513
4450.0,5698.091512205128
3500.0,1067.3258021650472
6600.0,4394.32639673652
26000.0,25028.144227398807
25000.0,39166.46232384132
8290.0,7018.07943315529
7800.0,12598.682248547582
5200.0,8534.674089531873
8900.0,24457.19333873394
3600.0,3980.201636161917
5750.0,8317.00085389605
8000.0,7929.000563704238
14000.0,12355.68882663166
2500.0,2689.449058539143
6000.0,9456.669611458248
12500.0,9742.806242341958
4950.0,3272.2354938698445
5180.0,5011.769532225986
14700.0,14244.451603323523
6600.0,5360.948551576686
6800.0,5383.53651080859
6800.0,2440.545022827053
17900.0,16051.943119103093
7500.0,12790.104458555772
1990.0,1884.849972621203
4700.0,0.0
86000.0,83383.17068906604
35000.0,13572.321113742259
6900.0,3680.55906566462
6350.0,7444.329467678672
2900.0,0.0
2.95,2390.6608113008333
4500.0,60176.27418546507
5100.0,9638.543128616522
8500.0,9978.826658760703
2000.0,14312.735029823638
19000.0,22591.69579256618
3.6,539.7914113033612
7350.0,7291.032813210722
17500.0,13953.16327602353
5350.0,16357.35313035105
25000.0,11524.315468635818
23500.0,38411.29903732773
4800.0,1563.1461067206874
7500.0,3323.7762389485397
1749.0,0.0
22000.0,10081.276992077659
21200.0,22805.05190440996
2950.0,1894.953871941405
10600.0,8021.849274586424
9150.0,15096.465869303825
9500.0,15709.081062456182
54000.0,33414.80014369657
15800.0,8169.0253872146495
4500.0,12226.393279351036
2390.0,0.0
6990.0,6732.352418491115
5240.0,33267.546957331724
2200.0,0.0
7550.0,10081.033428638846
6700.0,12826.328503896715
11800.0,17168.368448512618
11250.0,14244.451603323523
36500.0,22257.686443418424
3500.0,16692.06277600885
6500.0,15654.882022645521
8500.0,22929.401943399007
11400.0,10639.33946154097
15000.0,12888.685047090261
8000.0,8565.773266275388
11900.0,18080.68473151186
1650.0,8098.86374233141
18500.0,34952.70473774393
6000.0,15936.211857088878
6600.0,7217.538351066782
11500.0,8605.499243361808
7300.0,6747.926601732775
10600.0,17985.085464388965
13700.0,9427.658968809224
10900.0,8802.97538939815
14700.0,21802.795161396112
24400.0,18717.88585137979
5700.0,16906.43011264598
9600.0,9548.328030716355
2470.0,0.0
3800.0,0.0
5250.0,6164.574707700209
58000.0,52777.66737043702
5900.0,7342.456652809549
6000.0,12078.436489829484
7000.0,12956.233929369144
5500.0,3613.1628323198966
350000.0,85249.26254456778
4850.0,6989.63400926549
7300.0,13543.489084729077
6800.0,6358.734440943419
15500.0,16763.49086315878
4200.0,5855.530517084804
8000.0,7462.8691500586065
6000.0,10191.598160301673
7800.0,10167.523094434371
4400.0,4259.358555039958
6500.0,5799.603722258602
18800.0,14726.975981236203
1600.0,2132.1606041114774
9300.0,15842.526669124927
4500.0,6508.483956466298
36500.0,14047.336577013994
9000.0,21315.010537304155
8600.0,8132.158130283537
3300.0,0.0
9000.0,16768.656389615993
10200.0,23390.016459487713
24000.0,39273.361504434826
17000.0,14726.17111499541
3380.0,0.0
6490.0,6160.872343320905
16400.0,24710.904145131197
2880.0,1000.4571891965552
8600.0,18236.504321063185
18900.0,28499.37231724473
9000.0,9187.522890193959
7900.0,11661.89289170492
4600.0,5467.081503834339
39000.0,38760.14901360894
2350.0,0.0
8800.0,14397.624711025019
4950.0,4715.544146345157
25000.0,23768.158368739845
10990.0,24920.732971339527
6700.0,18490.52654370428
7800.0,11938.33391193976
4000.0,3960.9649565735745
11000.0,25394.52362122214
17900.0,18838.168598377873
7200.0,8668.88750756242
7200.0,7476.818967558311
16500.0,13904.450895869191
4900.0,4294.617894465247
6500.0,11528.644869568427
7500.0,17183.720942182637
2950.0,0.0
8400.0,12448.600622998718
11000.0,15264.825632082433
18000.0,26667.05619210553
7000.0,5986.291618670013
4000.0,958.3414100734553
8000.0,8248.415657046053
37000.0,25537.17080436546
8900.0,11828.467663786505
7450.0,11372.294309791607
24000.0,35026.54017636104
16800.0,17420.249568799874
15000.0,21516.847984555683
35000.0,19463.821316351994
4890.0,3513.2977552188568
15500.0,18610.562445015898
8300.0,13753.92488290666
6600.0,14414.62815768406
7890.0,7656.473646121274
5100.0,8084.815048899916
6000.0,3675.0466392425587
14600.0,5764.658791241422
5800.0,15880.092358763148
17800.0,22421.38185015017
6860.0,12885.56617869209
12000.0,20892.297525851864
1990.0,1884.849972621203
6990.0,13993.30520391346
7450.0,10238.622610866129
3900.0,0.0
6350.0,6243.573209444388
14500.0,14645.592101673668
7500.0,5638.722378154529
8500.0,27907.265765191736
6300.0,16336.741067617342
5350.0,22019.803854552414
6650.0,7576.190722166233
6600.0,21016.592989457997
29900.0,25465.074733113408
14400.0,11185.220647315604
14000.0,12004.34858522781
4350.0,0.0
5200.0,2276.9579699152746
13000.0,17424.94520700654
5390.0,1812.300564017838
13900.0,20209.06337575791
5000.0,1359.4824211184314
5900.0,6140.406911073449
5600.0,26609.059493121767
2250.0,0.0
12600.0,25150.732570338074
1070.0,0.0
4500.0,1095.7389276575705
11000.0,8823.545315904235
5700.0,3915.6448242236256
3500.0,0.0
6800.0,13026.195091565172
2390.0,0.0
3880.0,7113.377643719603
8400.0,6488.874796917586
6800.0,8605.499243361808
7800.0,9356.93037811061
25000.0,30450.15973880894
7500.0,6252.851232279056
6000.0,7741.033557346065
7000.0,8476.609642545254
18000.0,16857.997918537803
6655.0,6020.747469392116
3880.0,3214.9759766224342
20800.0,21351.217867278236
6600.0,11327.53825674209
2000.0,39079.60410422862
3900.0,4003.7737076273115
4100.0,4401.838127633626
1800.0,0.0
8800.0,4741.9843223623975
6700.0,5125.205258346503
10300.0,8284.64641958525
6000.0,2031.9130109455655
4500.0,6864.703949680665
2900.0,0.0
20500.0,14188.273367671278
10500.0,16950.855769191443
145000.0,65771.4869398049
34000.0,24633.669501072534
6500.0,10402.440813578673
3900.0,0.0
7650.0,2232.117428207912
11500.0,16660.406351461443
18900.0,22351.22730193281
5600.0,23289.017565873375
7350.0,7093.965261143538
17900.0,19383.385047514654
18500.0,22689.914191287367
8900.0,27101.42261656826
3000.0,215.47586148682421
5390.0,6871.068790066958
3450.0,8597.352923450873
26800.0,27982.37528728363
3700.0,2891.194343860154
5800.0,1201.3503850299276
6800.0,6605.821771684732
5300.0,424.56115795389724
5730.0,1243.0882181316701
6400.0,8018.09440075237
7000.0,2105.5432209395294
56000.0,68663.06448023194
6600.0,6874.569444148008
23500.0,17467.48859253966
9000.0,14310.353957855503
9900.0,14819.751653372357
5800.0,6799.005426286774
25999.0,24919.435487594495
5200.0,0.0
39000.0,9935.342480200823
2600.0,7311.302335297682
5300.0,9224.336986888942
8200.0,22061.071337125257
15000.0,7581.923274901714
8500.0,3310.2215440541568
29500.0,25278.383866035616
20000.0,19308.128156715964
12900.0,18747.088349378017
6000.0,2446.2719277268734
8500.0,4089.6374850035536
20000.0,21443.404315829324
9000.0,11472.62344453338
3500.0,6493.447516951106
21500.0,18633.332484581053
34000.0,114816.25253090887
9400.0,21388.83024000107
12500.0,22789.50616412069
4200.0,1157.496999584364
5450.0,0.0
19000.0,14487.0447524532
6350.0,3395.7865567161753
11023.0,6871.04987664365
6200.0,13936.064624289174
28000.0,18889.64173060933
6000.0,12110.619196990396
6500.0,7291.725321900805
7450.0,12394.03266100911
7700.0,11220.178070894024
6500.0,11145.45440625356
8500.0,9792.667341479522
6500.0,69604.02704933028
8500.0,2185.9924453934073
19900.0,19571.571055306133
2500.0,16674.188768978773
9000.0,7683.877887091923
9000.0,16361.187615444298
13000.0,27054.17643171023
11200.0,15898.64042221447
5580.0,7645.296033582461
3550.0,15744.68384233394
8500.0,0.0
20000.0,25845.300293282937
6900.0,14293.998175388348
7800.0,12449.707674197183
18800.0,18166.310368620972
4350.0,2867.102032498795
8100.0,10336.346064144302
1290.0,0.0
15800.0,17899.414792995456
6900.0,14975.180626013353
16500.0,24488.751440968306
25000.0,24131.42846861398
6500.0,8587.254770125026
10900.0,18343.103253440553
6600.0,8032.928476337824
16500.0,16108.004430535915
232.7,85121.40799980334
4480.0,3771.592698707933
43000.0,33357.67004870981
21000.0,121006.61215573688
43500.0,7188.128760373733
4500.0,35519.62903715983
11600.0,6357.138157199028
3800.0,14317.848884562096
6900.0,14682.125424110276
4700.0,2833.5099917445914
14350.0,22506.50182846627
11400.0,11081.332009177891
7400.0,6491.621435059058
5600.0,6508.31861176062
9900.0,25309.43106244873
29500.0,20769.941164864566
14800.0,28378.766820506546
70.0,32744.657190487782
2700.0,6282.390927044422
37000.0,61387.992816469734
5950.0,12998.701245011329
65000.0,30145.448164655045
16000.0,42601.04491071432
5000.0,1285.8522111244638
6100.0,6400.647080392851
28000.0,39678.61969240286
12000.0,14370.193281919346
13000.0,21819.362854111027
4300.0,637.9823984324312
9000.0,2138.140110910248
7600.0,5763.683452827074
21900.0,18781.391347448644
63500.0,34276.8785611069
25800.0,19712.762982730597
4800.0,1318.6669206708175
25000.0,32987.624959492576
7500.0,6918.281423173325
13800.0,12285.329026711679
9800.0,8997.88072950982
3100.0,0.0
10600.0,9894.792673932738
6400.0,0.0
12500.0,5692.1586856192225
39000.0,43274.73391584543
19000.0,13484.872673507012
5.5,0.0
17500.0,43369.41986065134
9300.0,10469.734010447402
8900.0,14781.074440986133
9300.0,7849.259756841231
27200.0,24831.625547157677
139500.0,15727.660686678948
48000.0,43572.19024779508
10000.0,15284.418689519578
4450.0,2906.564883001989
10650.0,7018.07943315529
7500.0,6040.858785965349
9600.0,15130.900499318988
6500.0,3855.9712424403588
2050.0,0.0
5200.0,6044.828297395554
5999.0,13899.531301852567
25900.0,26194.038063040378
7500.0,14499.985682727758
3680.0,0.0
10.0,24234.59234964858
1350.0,0.0
26000.0,18390.545801548113
30500.0,9996.469918279992
5700.0,7167.433523792133
7500.0,9356.93037811061
13500.0,14097.0078199509
5000.0,4098.958764832012
5200.0,12535.278810217118
7150.0,3701.4530844816127
11500.0,18148.694902267547
6550.0,3533.0521528083264
9999.0,14042.745854871318
8300.0,14719.179062140276
8100.0,9068.47333050214
11500.0,22870.096282778377
48000.0,51596.441198292654
2400.0,1871.5715788980233
7000.0,7247.376103366014
5360.0,7677.266291694723
8600.0,11629.136557231512
3500.0,5143.859525562446
20000.0,40317.91992236453
6100.0,7386.381326757104
6950.0,10148.323124051956
2600.0,0.0
7300.0,9507.424103154357
5900.0,7645.296033582461
6800.0,18134.864273018426
39500.0,28667.155600204966
9720.0,28705.30479179887
7500.0,12449.707674197183
34500.0,37172.106546577576
7200.0,6948.94811144429
3250.0,33156.606482529576
7990.0,19827.05407435595
7500.0,1359.4824211184314
43500.0,26521.548088988628
20500.0,24131.42846861398
8000.0,14528.735621269669
1300.0,0.0
16500.0,12103.945156496211
4850.0,0.0
6500.0,6271.991291355665
8000.0,11672.035339488724
16500.0,10724.887458581801
6800.0,29628.80701835074
9100.0,1873.5221496198283
7000.0,5242.075213738452
3800.0,5555.938073107143
51000.0,104671.72261648369
14500.0,7344.0956291248585
19800.0,12375.197357052613
4150.0,24075.4494753462
4500.0,2915.9292918385436
6300.0,16752.904107695955
14500.0,17266.633447205433
153000.0,93243.84157676835
6200.0,15823.47387248533
49800.0,28879.89089835589
9900.0,25459.236530797967
12500.0,10029.913825266558
9000.0,8827.407580892912
3600.0,1166.831532406757
5500.0,9424.219292304395
5180.0,1216.5187546403613
11500.0,15559.938930328924
8000.0,8332.86805698811
135000.0,41435.46678332567
17000.0,9893.828482992736
2200.0,0.0
8000.0,12206.447503385429
6990.0,3109.910442619257
3300.0,0.0
5200.0,20568.949737483053
35000.0,29122.84690113064
11900.0,15608.138592020932
5477.0,0.0
11500.0,10771.010517705286
4800.0,0.0
2410.0,0.0
3.8,6838.3381910229
5500.0,4543.178325313926
3900.0,28.447210546316455
6200.0,6790.8890972166555
22999.0,33384.38163075609
5600.0,8649.778921557514
5200.0,13199.73338224609
7200.0,7101.701380881726
8200.0,11472.62344453338
5000.0,7272.0336009312705
9500.0,13050.953577567452
9500.0,5480.494008796228
6250.0,5611.077357377926
6500.0,3475.5987329441305
11600.0,19888.0026842956
45000.0,41996.105225961044
10499.0,11674.527190862802
14800.0,23686.328053655576
150.0,19074.74790530445
18800.0,15563.588552352787
11200.0,8021.849274586424
4500.0,8804.010131065017
9500.0,13170.934198745992
5500.0,6818.371719387946
3990.0,22932.028232382378
14000.0,14878.805612505279
4000.0,44803.90365100175
5700.0,2941.800792376729
2150.0,1993.6383452195769
8600.0,16562.193166971614
6200.0,0.0
16900.0,25379.730300893636
3900.0,0.0
4000.0,907.8200475522926
4350.0,1858.9652337804546
15500.0,28815.61790684215
6900.0,3861.665292554535
2950.0,1000.4571891965552
5800.0,6044.828297395554
3390.0,0.0
6000.0,6924.2571489770635
6300.0,2542.5685004650622
4250.0,5361.097874332816
88000.0,52668.094957632566
20500.0,19904.46557004737
6550.0,12152.799365508898
26000.0,17820.44253370268
2690.0,0.0
6200.0,0.0
7200.0,9314.656807745294
7000.0,1569.8460576339894
6800.0,8251.819929688718
6700.0,13918.2661047275
13900.0,12706.20587422558
1200.0,0.0
17500.0,30563.593454882615
22500.0,24633.669501072534
2306.0,203.00442636746084
8500.0,9457.085960709457
55000.0,59326.08801196987
5950.0,13503.16692897314
6300.0,6512.918153737308
13000.0,15060.042306828014
53900.0,31587.385836318183
12420.0,25098.06384345002
13900.0,12304.89277774635
4980.0,0.0
6850.0,9672.15409804623
1730.0,0.0
4900.0,6642.29881776748
6100.0,6358.969371445157
25500.0,35692.73327762319
4380.0,5298.767497574452
5200.0,3183.1704741267495
8800.0,9139.894740685802
4850.0,5151.113066663154
7000.0,6818.371719387946
29000.0,23826.45303247985
7000.0,17766.89430139319
22600.0,12278.125195010161
8000.0,14838.3893315458
10500.0,11772.682151488774
5750.0,6830.129922345135
10000.0,34087.155532546036
22900.0,20595.90204386215
6000.0,9335.328226089852
3100.0,0.0
5650.0,7759.432946850497
9000.0,34869.2814844504
31500.0,29405.18423492341
17.0,12641.372747000602
29000.0,26293.098723600193
9380.0,13932.681307590214
3900.0,3811.116472191363
8800.0,5303.238071833566
21900.0,23800.45503598223
2900.0,2326.157319851518
4700.0,3340.5974231605833
5000.0,4201.620732528849
55000.0,60699.99996311912
4800.0,0.0
4750.0,6689.913136512008
13300.0,12355.68882663166
4000.0,0.0
3250.0,0.0
2100.0,0.0
20000.0,23564.28335711478
13600.0,20153.778902532304
9450.0,61022.17370471063
15.5,16484.753973083953
2660.0,0.0
2000.0,9578.138467513956
8200.0,5184.123793396942
6300.0,921.305383333307
14000.0,21636.88621226695
5600.0,5693.742332171052
57000.0,34938.22550922999
16600.0,18820.128848991288
2600.0,2168.3544912356483
13450.0,31250.25286536617
48000.0,45480.17658401397
4800.0,8806.830721250646
8600.0,11240.79014595268
26000.0,30831.907891850275
4300.0,4843.7357581488595
7490.0,14081.715541743866
10800.0,21426.76574374826
7600.0,6400.647080392851
8860.0,14682.125424110276
18900.0,25272.283397777996
1050.0,0.0
11000.0,24798.934659065693
7800.0,14990.512403144625
4900.0,0.0
6200.0,5216.9931030214575
9900.0,9002.607746489375
31000.0,59810.087314236676
120000.0,71632.42978055998
4420.0,5528.961709254767
13950.0,18577.978329441954
5500.0,4557.1772720124645
2600.0,0.0
9595.0,9333.315569946128
8568.0,7909.680435976097
8000.0,74302.10446024458
7300.0,9842.259800960248
5100.0,0.0
16900.0,22745.716069684928
6300.0,14460.796035638672
2850.0,0.0
4200.0,6896.570032623713
99000.0,98695.51965293109
18500.0,14848.4922876532
2150.0,4075.646779402381
38000.0,30999.153497217714
17300.0,22619.945729714836
8460.0,4023.8996797209365
4650.0,5425.493399045437
11500.0,12912.438674270717
19.5,3489.2120099707154
9800.0,21300.044960865296
15000.0,41733.75143438083
13500.0,11031.430717577041
3300.0,0.0
6300.0,12856.679996811497
7500.0,10660.315848356036
19000.0,17629.83530095807
8350.0,7291.032813210722
6900.0,6665.126837719006
8500.0,10534.045151382237
4200.0,0.0
4000.0,15028.286858019073
6800.0,9638.543128616522
5900.0,15077.489922691486
7350.0,12640.103745236509
11400.0,22990.13781224362
6000.0,4802.343143696358
7800.0,14735.362539377325
69000.0,67244.36879483551
17900.0,36815.151799648185
4400.0,3969.4833465240554
12600.0,24234.59234964858
31000.0,31468.06024378754
8500.0,9855.928069123678
6000.0,3680.55906566462
4000.0,119102.57427250831
4600.0,4861.396900970769
5200.0,11982.415419951758
57000.0,25549.847224095774
6500.0,6646.521795020351
6390.0,7657.839484485266
14500.0,29129.79469922378
5800.0,15858.52399297239
2880.0,0.0
11500.0,14569.660716789385
10.0,20387.11223223259
6000.0,12218.684244354481
64000.0,24959.944445701836
4700.0,0.0
9300.0,11698.571088503351
2230.0,0.0
5300.0,0.0
98000.0,28223.203898179698
4000.0,0.0
8500.0,10924.432996544096
10800.0,20892.11941050465
6450.0,11226.156630207613
7100.0,26065.511983400716
11900.0,11975.618236382084
16800.0,24710.701221411444
6900.0,13277.563506657949
3100.0,1671.1096206895272
4400.0,2155.720723631077
2680.0,11056.587189336959
11000.0,40355.16150752618
17000.0,15244.072201779072
17000.0,26506.983177815204
17000.0,12641.372747000602
3850.0,0.0
2950.0,2390.6608113008333
11200.0,13899.531301852567
14000.0,8610.869578289508
7000.0,14367.064792446461
3100.0,10373.359881453518
115000.0,48354.7635458998
2650.0,0.0
8899.0,14111.221244676894
6200.0,4561.294049741984
7900.0,12885.56617869209
6500.0,3291.3253953693893
6500.0,6358.969371445157
8450.0,9737.43583691878
16500.0,12575.55086558796
3700.0,0.0
4850.0,2725.4570782526007
4300.0,0.0
5650.0,860.4633827467669
11900.0,9740.537256688254
12999.0,19727.529759985187
54000.0,45319.15686656081
3600.0,33565.21628878014
5650.0,6122.271216778461
4300.0,7370.2001726696835
10000.0,2642.384825280238
3600.0,7342.270889021709
125000.0,39950.33825792596
6900.0,13944.17810000987
20400.0,35946.64763445167
16750.0,16920.61887021633
4900.0,15946.938526719587
9800.0,17976.875572726152
2680.0,0.0
6900.0,15715.035274326488
7250.0,12455.279811364006
120000.0,51169.982010388136
7500.0,11276.514354478099
9900.0,14099.777780853648
4450.0,8087.912893984296
3500.0,2038.2785965553885
6250.0,9063.061653717152
13100.0,17817.21125208463
9000.0,12641.372747000602
7300.0,3961.036776443536
7900.0,15558.226507995754
17000.0,18166.310368620972
54000.0,66035.79399469396
25900.0,25186.25491606928
5900.0,6747.926601732775
3700.0,0.0
16000.0,14586.916788517807
11200.0,23156.341221758837
8500.0,10724.887458581801
8970.0,11638.12961712119
9200.0,17717.235999986162
25500.0,23716.919123678937
2500.0,0.0
13500.0,23600.784930937352
5500.0,7947.269025232499
7100.0,4408.050891480747
12500.0,20363.687797920662
9900.0,7676.63656827703
23000.0,21994.494373258796
6300.0,6664.802264949027
12500.0,9445.359204535569
10800.0,17143.580811446976
7700.0,7958.571520527286
6900.0,10266.918842926272
5600.0,8834.68220525284
6500.0,11327.499232882448
200.0,13036.614021627465
40000.0,106158.45508313787
4100.0,1590.004002667225
12800.0,14792.253426641353
12850.0,19255.3428232134
10000.0,15567.776307685337
14500.0,20953.610309298365
3900.0,2267.488845697335
24000.0,21575.380511641215
8000.0,9002.607746489375
6690.0,3000.7736920304524
13900.0,13933.450759636067
6500.0,1723.0311350482152
5600.0,1941.8663791238178
19900.0,22504.78483307207
9400.0,6428.014468533036
20500.0,21419.103429332554
11000.0,34410.049975326416
5900.0,9978.826658760703
3300.0,4968.821242479709
9000.0,4923.34098469618
7590.0,14966.378713029138
700.0,1707.8456130982704
19950.0,36894.267738025446
12980.0,10724.074489181254
5700.0,5734.407218364275
82000.0,72565.27168444078
15500.0,8698.659921085624
5000.0,1029.6334782029298
18000.0,17836.35360098595
8900.0,14159.05926440133
3300.0,0.0
5800.0,6626.203493828631
6650.0,7782.188419476166
12700.0,11080.983860820837
8800.0,7551.2692715882295
12500.0,16010.845203517529
5000.0,3537.438456959171
15000.0,5873.396663699679
24800.0,18615.834873562577
18000.0,23759.749103643557
9200.0,14384.839699497887
7800.0,1891.2226643292415
14000.0,14445.976138813781
6000.0,21110.652675959813
43000.0,27240.071264560753
5550.0,2112.179718605883
11700.0,19749.590829192395
11500.0,19609.546954772133
13000.0,8248.415657046053
10507.0,5450.159320565152
8300.0,7678.747191404589
3490.0,0.0
15600.0,19090.513516377763
7650.0,17532.318037838933
14000.0,10273.822049243525
13700.0,18611.47087953807
4650.0,9883.638717725054
16500.0,10273.822049243525
34500.0,34147.87575374034
29000.0,29187.17695345433
2700.0,7947.269025232499
14800.0,10980.141850621167
12900.0,13435.404391079948
6450.0,6918.805412606054
4450.0,616.0824538762445
8800.0,8032.928476337824
11500.0,14969.944831278099
17000.0,19376.202054793586
25500.0,22130.80012696533
27500.0,17084.03673712486
1860.0,74.6907985245034
16000.0,12664.84608601224
8480.0,9480.016081753347
5600.0,6960.493404965702
9000.0,9063.061653717152
16800.0,12280.54120441202
5000.0,0.0
1200.0,31421.888056637978
4080.0,13557.367252461921
10500.0,19800.338733614775
4900.0,3589.5840127000592
7100.0,3701.4530844816127
6900.0,15377.678346388031
5000.0,6139.936788767547
10.9,11020.177959112621
6900.0,11096.941978678806
7500.0,4226.233648482856
14000.0,15822.417790894466
135000.0,71158.63563943816
14000.0,11402.414941289917
34000.0,35253.92134111312
7500.0,8975.325195622621
3200.0,6362.0373542989055
24000.0,22478.9071908275
32000.0,40416.051932976334
7500.0,12484.730634891162
4500.0,0.0
12000.0,9747.70792909469
15500.0,14169.46384660001
3400.0,0.0
6000.0,1508.652092388249
16500.0,15885.68749581205
5250.0,4427.0247914215
10300.0,14201.600629538541
10600.0,19205.71331188527
27000.0,17858.955996879013
7500.0,9516.801283532834
8300.0,3274.262643464579
23000.0,22061.145370401675
5700.0,15946.938526719587
4600.0,7786.026053122379
10800.0,8297.330071409331
7500.0,17989.834206282383
6000.0,766.9937903562895
42500.0,0.0
4700.0,1521.4280458762369
10700.0,9944.264358587265
2900.0,870.8165304767017
19000.0,17160.52141334034
9000.0,9002.607746489375
10000.0,23289.017565873375
8900.0,10490.002329152023
9500.0,8504.654324391813
15500.0,27240.945221378646
8200.0,15772.092555360148
11200.0,8374.2460828183
16300.0,23005.273171492812
162.5,0.0
5500.0,4674.081457893917
14500.0,14142.17314291632
5600.0,1195.8055793027197
2500.0,7490.123403492078
15300.0,7676.63656827703
90000.0,53346.331524391615
18800.0,11629.136557231512
6700.0,20568.949737483053
7890.0,9520.85804310517
7200.0,12469.224934363232
5800.0,2271.1340833176328
6900.0,10787.607617284255
14500.0,20922.17605952895
4250.0,0.0
4400.0,0.0
7800.0,9800.208983793913
5800.0,3243.223871018723
22900.0,50500.847433359304
8000.0,21681.24249544906
300.0,59681.05905211158
6900.0,22581.91545561437
950.0,561.0925944139626
8580.0,14264.349150487742
13600.0,15603.342844319097
6000.0,10810.449887533458
7300.0,13840.855988696709
7900.0,19609.546954772133
21300.0,0.0
7600.0,10724.887458581801
15200.0,2993.2654918573935
142000.0,90764.35589234217
12000.0,12699.717759487652
4000.0,2146.383974987508
6250.0,2693.3020764480025
4300.0,8496.688242212287
19200.0,19233.422569504655
9500.0,8767.910074407526
7500.0,11206.690342504542
18000.0,35619.66180839737
23500.0,24444.06915461387
9000.0,10810.449887533458
17000.0,11516.852598099362
13250.0,9421.46229461327
6200.0,652.9213715030173
5600.0,0.0
5500.0,6948.94811144429
7900.0,6733.981478733549
27000.0,43473.95686780194
26500.0,14168.88706581857
8500.0,13400.045524035046
13500.0,21573.081238444414
7000.0,10600.495403856268
25000.0,23838.494129752424
9600.0,16976.339143477737
7.599,7254.379411581722
12500.0,13963.684525278491
28000.0,19136.882960413757
42500.0,16484.753973083953
8150.0,7254.379411581722
17600.0,14042.745854871318
5500.0,2954.333303726431
7600.0,12405.705493897676
5500.0,739.9958285657076
12000.0,10483.496636739885
4500.0,481.013454703344
5680.0,11064.958905387375
30200.0,72242.62352504114
3350.0,0.0
2250.0,0.0
24500.0,25305.52773082944
5700.0,15461.048209613837
13000.0,23558.672519691587
155000.0,67734.08004862799
10800.0,19590.35310671976
8500.0,15178.179743678138
5800.0,10631.147465432576
10800.0,15259.06430063965
7800.0,5824.880133198014
8900.0,2859.6759885285137
2400.0,0.0
4650.0,3969.4833465240554
3880.0,5465.116384550842
7100.0,12455.279811364006
42000.0,18574.923467080647
15800.0,11229.557436560983
17000.0,21017.607437851646
10000.0,11198.656109000982
22500.0,34281.44097661614
10000.0,9160.782012304157
9200.0,5466.732943171093
6500.0,17717.235999986162
13900.0,9002.607746489375
6000.0,10042.084471754599
7600.0,20367.324622538945
5200.0,7370.791682155745
24900.0,33250.18626725074
4200.0,12113.911187530706
8700.0,9906.722008720662
6000.0,0.0
2600.0,0.0
4100.0,424.3215835957153
29900.0,33474.74965399482
4999.0,3905.5485826177137
5000.0,4124.177736955957
9800.0,15727.660686678948
4300.0,6171.554198866539
5800.0,6766.156621928254
6000.0,7299.021067634938
8650.0,5453.086556215778
20900.0,33249.90310190538
24500.0,31520.86078494154
25900.0,32370.489675126428
7050.0,8012.167536030342
27500.0,29908.854999389983
10500.0,24255.79144922601
25500.0,40556.625604446715
8900.0,12084.531595571309
39000.0,31520.65449608079
14500.0,6805.373816414198
6100.0,6871.068790066958
18000.0,56673.86365850082
5000.0,1590.004002667225
10500.0,14772.86750348597
7000.0,6140.406911073449
6000.0,11443.549880897677
16000.0,39324.011621206184
14000.0,32430.70007569175
13500.0,21406.80957505225
6980.0,16437.7939397768
59500.0,37508.04893086213
9800.0,12084.531595571309
4500.0,2964.0785333265994
3700.0,12200.619497357253
12600.0,28423.06784568929
2900.0,2363.8496427981554
16000.0,24980.653149469683
8800.0,21869.336831091357
7100.0,20387.11223223259
12900.0,12393.354736867386
6800.0,6439.803131992154
15600.0,35840.25045816599
13800.0,15899.427645768526
14000.0,11934.440636285897
3800.0,0.0
10500.0,14963.02026263508
5900.0,10562.345965178458
9200.0,7878.6842344398065
12600.0,14726.17111499541
5500.0,10871.949003347803
950.0,6170.948352992797
11400.0,9147.217861898767
8600.0,9421.46229461327
9200.0,8589.055625225046
9500.0,5540.761017156587
1850.0,0.0
5800.0,6044.398450813158
10200.0,8547.210425088808
195000.0,106109.16002562601
26500.0,20279.115434104893
47000.0,5148.198927293803
25000.0,35156.5371462554
32800.0,36140.64742868666
9900.0,8769.285999004907
2800.0,28946.965023960172
11700.0,12666.5783083584
2555.0,6444.636868789388
13500.0,20744.43974332746
3000.0,0.0
5100.0,6906.56840241373
14500.0,14244.451603323523
7700.0,8021.849274586424
8.0,8532.086852943481
12600.0,8818.392006987244
7000.0,12847.066447207479
5.6,2064.727720491919
18000.0,14077.253439517412
14000.0,9498.730421384706
5000.0,161.7592477311946
5900.0,0.0
27000.0,25605.29576501909
7800.0,13958.848650962078
12600.0,10494.729346131578
5555.0,6783.898525353459
15200.0,21221.91260818012
10000.0,19071.245005429857
6400.0,16255.34348401269
6400.0,16752.904107695955
7000.0,7892.768680035055
14300.0,12423.923184556603
3250.0,778.3942327782852
22600.0,26784.651366452385
24000.0,35780.4307614539
15580.0,18289.636325340307
2900.0,0.0
10800.0,14645.592101673668
9800.0,16850.98165379835
8950.0,5986.291618670013
4100.0,5294.797986144251
8500.0,7072.329258311416
12900.0,8402.757107163514
20000.0,20540.83876858383
14200.0,12395.83786113017
3350.0,4068.6594091331353
6500.0,1505.3171994095537
65000.0,34703.3821595935
17000.0,22828.185417432072
2650.0,4485.4991510704895
68.8,8414.721212483057
12000.0,11720.592640865001
5500.0,10788.419604769817
10600.0,8248.415657046053
56000.0,29700.064616869222
7399.0,9577.269575070815
9300.0,5172.680665306823
38000.0,21319.610713933154
13680.0,11861.688024323634
11200.0,13308.840278401756
5400.0,6044.828297395554
9000.0,15236.398183803987
9500.0,4279.112952629428
8000.0,8501.615342053828
9100.0,7036.127619655064
3750.0,2705.3198128298573
64000.0,48204.195062117346
16500.0,30260.267591122985
5600.0,15946.938526719587
3000.0,17741.300969862452
9700.0,6442.067960552631
9350.0,19726.678930588816
15500.0,20392.190775910232
3100.0,0.0
16000.0,24258.820012869473
6500.0,8892.48232879542
5300.0,3132.985543153307
39000.0,33961.2050158566
17900.0,16051.943119103093
7500.0,13638.778899676785
14500.0,20944.475885658845
5680.0,1929.1596041005178
4700.0,3352.100689204817
4300.0,0.0
12300.0,12750.409385048912
1300.0,5222.39979808669
6000.0,4356.11068054854
3300.0,12479.149382561704
3050.0,16225.114400343959
5390.0,4865.016557556824
16000.0,5765.722765963543
6000.0,7146.525856920902
204000.0,95416.01392319397
7700.0,10512.226985585607
6400.0,10042.084471754599
7400.0,8735.780666379844
45000.0,19824.397809635233
4900.0,20761.357307839906
94000.0,30473.886858388225
12800.0,29546.811550261573
7500.0,17767.58121203682
2700.0,15757.438391585172
15800.0,14390.981764972199
8450.0,8739.497703008217
6750.0,5763.683452827074
2630.0,0.0
14500.0,13840.855988696709
7450.0,3879.410024330311
3900.0,4389.0015625075175
3400.0,0.0
4150.0,0.0
4900.0,11146.791731675898
18000.0,101696.28480391431
3100.0,0.0
5950.0,5394.346111252347
1599.0,1531.1918030488814
13900.0,14432.118943857036
12000.0,23656.62512094173
13500.0,22061.78150102697
7186.0,12416.97506078592
250000.0,63872.33522895795
5150.0,2699.528025671265
12500.0,16105.90226106808
21000.0,29508.86084533232
10800.0,23687.141418772713
13800.0,14244.451603323523
42000.0,28713.097804238863
5800.0,8434.458708894617
5688.0,5516.02127936314
16000.0,27995.22514413515
12900.0,23566.510259279097
3900.0,0.0
4400.0,10339.71756005985
3500.0,0.0
2700.0,197.58708697740894
3800.0,1947.2412766269008
5200.0,3969.4833465240554
8600.0,12487.988715532105
7100.0,20935.03115575114
16000.0,19658.431968263176
14150.0,6289.3596156460535
16000.0,15315.721516610483
14800.0,25601.459351635403
6350.0,10656.354141468815
6700.0,7162.09362908267
4570.0,2466.3617062845733
2100.0,22407.381346049864
15700.0,18980.618130767718
7000.0,6804.571082666203
3290.0,0.0
5500.0,2941.800792376729
6000.0,2521.755077845133
5000.0,18538.68115461683
15700.0,16638.130770241067
17500.0,18609.25275881695
5300.0,18404.774129969464
2850.0,8060.530113547709
7900.0,8872.195923122015
4800.0,9690.92727441985
5900.0,6358.969371445157
16000.0,24070.50166573615
7450.0,14445.976138813781
5700.0,2006.7711033287524
5780.0,2276.9579699152746
7300.0,9470.365694487922
350.0,4075.646779402381
6899.0,15100.908078273194
42200.0,32874.68087359055
91800.0,68801.07627941003
4000.0,3253.9421432167583
8500.0,5507.371704131456
10000.0,6848.475512109295
5500.0,5698.091512205128
6500.0,14460.796035638672
13500.0,9944.264358587265
15500.0,15332.977588338912
35000.0,42324.23159199323
27890.0,24193.591274972525
18500.0,15534.867454513522
41000.0,29519.483939399575
19000.0,23707.7401889336
4200.0,20720.919667198967
5700.0,9748.668546310477
16500.0,9502.86244038428
7200.0,17274.888697471593
2900.0,2766.221732312726
5900.0,0.0
6200.0,15699.097707531077
4300.0,18470.313835754907
6700.0,23752.586380437413
3400.0,0.0
22500.0,16455.141862277284
15000.0,14191.839359129855
4200.0,762.5912925671464
6250.0,11879.399027196301
320.0,0.0
11300.0,10097.62084300401
62000.0,31292.635361822493
7000.0,12422.180279484379
8400.0,5863.970308783475
15000.0,7849.259756841231
75000.0,54435.68125903752
6950.0,8032.928476337824
6700.0,7018.07943315529
18500.0,24980.653149469683
3450.0,2148.3112573595063
5150.0,6646.530106867924
8400.0,7576.190722166233
4500.0,3879.410024330311
3500.0,0.0
46000.0,31973.289884481954
16800.0,12536.908856952985
6500.0,0.0
2600.0,0.0
6200.0,5986.291618670013
14500.0,14823.314239338513
8950.0,4849.426487317898
18500.0,31023.09279966701
5400.0,2148.54767385971
3680.0,5698.126989044922
8200.0,4415.698023867004
5700.0,52999.604703912
5600.0,2209.3314848394093
7800.0,11606.83841561163
120000.0,64262.554306495746
4200.0,1710.8792725655549
5400.0,6658.586764044918
7200.0,1813.7410233380178
3900.0,9265.151057695864
4499.0,904.9309872099902
3300.0,3489.620705434965
13000.0,24831.625547157677
3800.0,10125.606611267998
6650.0,23246.185812204607
57000.0,40052.23543956388
4700.0,1462.9597054358783
5000.0,13096.08884874166
3650.0,0.0
48000.0,33350.526058367584
14000.0,5292.817471661847
18000.0,22430.196303170687
3500.0,45.01787346792571
12000.0,16959.338419595722
12200.0,18258.32464913122
25500.0,24633.669501072534
4890.0,0.0
6100.0,12702.739603135637
13500.0,9742.806242341958
8000.0,13936.064624289174
10000.0,9283.853025445456
5000.0,8992.593530246722
18900.0,41467.540886133866
13000.0,7676.63656827703
8600.0,18085.1512775576
79000.0,65600.40294496936
84000.0,44699.17340816505
7400.0,7777.319094216949
10100.0,11696.871252418914
13900.0,17417.892072891198
12000.0,13936.064624289174
5200.0,11517.70562912451
4850.0,2387.2884246881076
25500.0,16616.07616557358
4200.0,19400.17592620966
15400.0,12168.336423108962
7990.0,8322.251521987335
2050.0,9048.883955899331
8650.0,12828.88554168626
6500.0,13733.841062627613
2900.0,0.0
6900.0,14064.74348480815
7900.0,5726.36561235274
7900.0,9748.668546310477
5200.0,2232.117428207912
8800.0,19617.45067633872
16500.0,15071.973325607309
16000.0,28532.59560627081
11400.0,32991.40992857446
6800.0,9249.82748188754
9200.0,22659.48225867783
13900.0,20472.73973040992
2150.0,22454.58144712048
6500.0,6562.9741298221725
8400.0,14861.268454432538
10800.0,10430.382883522929
27500.0,26244.710125399968
6500.0,8655.741235797199
10300.0,14821.101594065924
23500.0,32917.57294316331
45000.0,3257.71290780621
14000.0,13696.948814664745
8500.0,8767.910074407526
5600.0,7979.755731392588
8500.0,14471.26429787841
8580.0,13899.531301852567
16000.0,16330.182380374634
10100.0,15393.382982437095
6200.0,14682.125424110276
7400.0,13306.395031194355
6800.0,5757.830332047088
11500.0,12494.976240742104
13000.0,10100.900268879734
25000.0,23233.485605220674
3800.0,3071.700852811762
7200.0,18173.347496715684
5100.0,7036.127619655064
15500.0,9507.424103154357
2999.0,1425.7465109166224
4200.0,3732.7544232735163
10700.0,14506.500451200805
11650.0,12664.84608601224
18800.0,13754.22680896828
19000.0,18386.1444186427
119000.0,142627.1003405477
11000.0,15477.217104260832
206000.0,75225.94343087329
6200.0,2557.5671035823543
9500.0,47395.71908888318
9500.0,31283.921598008816
7800.0,0.0
8000.0,14682.125424110276
12500.0,8793.543383596172
43200.0,38439.09989149087
16500.0,11992.751073864809
36000.0,32508.13792016252
13700.0,16442.452709320096
4800.0,5462.599061927209
2750.0,0.0
7480.0,6848.475512109295
8400.0,16500.733115718067
8050.0,10534.045151382237
3390.0,16751.22048931768
42500.0,35378.90329316433
7800.0,13706.919194743226
4800.0,12704.781024003143
4800.0,7936.758468431592
6300.0,7469.98210144565
17800.0,11180.548437383277
10890.0,13821.544721507049
14500.0,16768.656389615993
39900.0,29908.428458753315
38000.0,33328.44125764418
19600.0,14788.806654692416
8500.0,6044.828297395554
10000.0,8936.121068082091
6000.0,65901.93752425023
6800.0,5799.603722258602
24000.0,40155.365891597976
5790.0,4359.223632140998
4.5,6739.397932160315
3000.0,5958.473846468009
3500.0,789.0751325246483
5500.0,0.0
13800.0,15250.314131662206
34000.0,28649.787699071963
3100.0,0.0
3700.0,1400.3231751664061
7500.0,6444.636868789388
9500.0,8727.5312117641
11500.0,17013.816634445564
5000.0,0.0
6600.0,6660.1401590366895
4030.0,3714.5314139487928
4750.0,2777.9738107666635
3500.0,18410.655242792614
17900.0,16692.37425889589
10750.0,15621.878544121111
8300.0,18919.307065963083
3500.0,0.0
23500.0,15593.786237950117
10900.0,9147.217861898767
11900.0,12560.334231373254
27000.0,22412.424187744426
88000.0,48625.90075236486
2200.0,11333.971973752774
22500.0,34501.51027660798
29300.0,18710.170330047516
8500.0,0.0
4150.0,1215.1925068271921
6850.0,12128.548608545378
4700.0,0.0
9500.0,5750.095308684997
18000.0,36167.802031218744
8300.0,11532.06439518906
9500.0,23211.81755857843
7500.0,11420.317074628514
5100.0,6040.858785965349
16000.0,7255.350732228471
8400.0,8795.942397350496
17500.0,35729.16419865287
3200.0,0.0
28000.0,32139.638611738894
14200.0,11082.406863965403
550.0,0.0
6000.0,9239.78046481283
13900.0,20334.89258103496
8600.0,14258.218912493208
15990.0,13617.353337529286
14700.0,14489.94673556447
7100.0,14467.672023299583
3100.0,0.0
11000.0,12831.229242462166
60000.0,31503.467246300945
30200.0,25806.568383378853
4000.0,7212.510720706185
26888.0,17449.496581068444
8300.0,13650.341783041062
10000.0,12824.497289650586
24600.0,24494.98907980203
11680.0,28405.286968885008
55.0,0.0
4500.0,0.0
14700.0,17143.886445198306
9000.0,11506.579645369126
4750.0,14376.857224910356
3100.0,7853.137020972772
1700.0,1355.4005578650176
5700.0,19003.987709367833
10500.0,4957.242238038949
2300.0,0.0
30000.0,17082.801867438444
59500.0,32022.682701537484
16900.0,10097.62084300401
5500.0,9703.239378224127
1450.0,0.0
29900.0,13659.49044084513
10000.0,10488.86704216306
7300.0,7105.030171266259
12500.0,21918.32938305584
90000.0,186971.9271662406
5000.0,0.0
1000.0,91553.60069036038
3750.0,4061.8243998594953
12500.0,24572.51383230095
25000.0,38663.244291955765
4790.0,2195.739992555631
16400.0,17734.430047454534
4500.0,15763.382804385055
7600.0,19209.357599628365
13500.0,13103.814255165951
3750.0,10891.812040087916
8000.0,27509.08020883612
16800.0,17989.834206282383
16500.0,19349.375367492314
5000.0,1929.1596041005178
3590.0,11615.044459780147
7800.0,12203.153682572982
5050.0,3687.8615921978308
7100.0,15869.809377976497
6480.0,10992.808748794829
26500.0,27628.56879929124
9000.0,27623.251038489772
6850.0,8032.928476337824
5200.0,7578.711833820766
14200.0,6213.142303655441
10000.0,30270.30528282659
4850.0,843.9432028461188
13500.0,5606.18856064737
5000.0,12061.549240114644
5900.0,7493.987401553877
20000.0,17249.559991227376
18900.0,25272.283397777996
7000.0,6930.5757684559285
6700.0,5723.323429031039
6950.0,15423.222730832538
2.28,7359.578041670346
8500.0,17292.389971192
6700.0,17381.63448286946
5150.0,4929.204314996499
15000.0,24560.827478266194
12800.0,14639.012739417532
6500.0,5365.517447518285
16900.0,32874.67183768394
4500.0,4189.446866186925
18800.0,18514.796085710444
8500.0,12885.56617869209
6000.0,4567.76103927469
35000.0,91154.61745364901
10800.0,9874.259160792502
43000.0,10615.673804822869
11900.0,17989.39455736032
6400.0,2298.2720446602725
108000.0,41165.002721527766
9300.0,5770.1798777108415
6480.0,6989.63400926549
85000.0,14188.668031538265
2030.0,6505.736302061721
3150.0,0.0
9200.0,4645.730373816597
4550.0,3969.4833465240554
35000.0,34116.782890792005
12750.0,9198.203558766163
73000.0,43587.93532317031
4000.0,14390.18584019288
8600.0,5060.123606243877
31400.0,24485.169902023958
6300.0,7550.631882487309
11200.0,22642.675167547583
7300.0,14682.125424110276
10300.0,15727.660686678948
18500.0,20071.087398009277
3970.0,2162.5137309749844
6900.0,18957.359397721793
7950.0,7036.127619655064
9000.0,9657.35120995641
5799.0,3274.262643464579
6800.0,15050.82494110923
6500.0,6358.969371445157
5800.0,6272.018633334188
64000.0,66183.3981066288
5900.0,8548.77023516701
7500.0,20366.890434304125
10990.0,11477.962864276134
10200.0,14210.087006196467
6800.0,3262.3432428564556
6400.0,17989.834206282383
5300.0,6885.997588588652
4850.0,8265.033645116098
23500.0,19895.586550430868
24000.0,27535.127195900215
