id,detail_url,original_location,title,address_raw,address_normalized,street,ward,district_detail,province_detail,address_source,validation_status,address_category,crawl_status,crawl_error
178659,https://batdongsan.vn/chinh-chu-ban-hxh-182m-duong-le-thi-bach-cat-phuong-11-quan-11-dt-415x20m-gia-chi-115-ty-r178659,"Quận 11, Hồ Chí Minh","Chính Chủ Bán HXH 182M Đường Lê Thị Bạch Cát, Phường 11, Quận 11: DT 4.15x20m, Giá Chỉ 11,5 Tỷ,","Đường Lê Thị Bạch Cát, Phường 11, Quận 11","Đường Lê Thị Bạch Cát, Phường 11, Quận 11",Đường Lê Thị Bạch Cát,Phường 11,Quận 11,Hồ Chí Minh,title,consistent,street_and_ward,success,
152347,https://batdongsan.vn/c176-nha-2-tang-hxh-san-thu-nhap-13trthang-chi-hon-3-ty-r152347,"Quận 7, Hồ Chí Minh",C176 🔥 Nhà 2 tầng HXH  – sẵn thu nhập 13tr/tháng – Chỉ hơn 3 tỷ !!!,C176 🔥 Nhà 2 tầng HXH  – sẵn thu nhập 13tr/tháng – Chỉ hơn 3 tỷ !!!,C176 🔥 Nhà 2 tầng HXH – sẵn thu nhập 13tr/tháng – Chỉ hơn 3 tỷ !!!,,,Quận 7,Hồ Chí Minh,title,consistent,alley_or_lane,success,
159657,https://batdongsan.vn/huong-lo-2-68m-hem-6m-395-tyy-r159657,"Bình Tân, Hồ Chí Minh",Hương Lộ 2 - 68m - Hẻm 6m - 3.95 tỷy,Hẻm 6m - 3.95 tỷy,Hẻm 6m - 3.95 tỷy,Hẻm 6M,,Bình Tân,Hồ Chí Minh,title,consistent,alley_or_lane,success,
183292,https://batdongsan.vn/nha-sat-mat-tien-tx22-1-xec-hem-7m-3-lau-full-noi-that-r183292,"Quận 12, Hồ Chí Minh","NHÀ SÁT MẶT TIỀN TX22, 1 XẸC HẺM 7M, 3 LẦU FULL NỘI THẤT","122/4A Thạnh Xuân 22, Quận 12 – Hẻm 1 sẹc, di chuyển thuận tiện","122/4A Thạnh Xuân 22, Quận 12 – Hẻm 1 sẹc, di chuyển thuận tiện",Hẻm 1 Sẹc,,Quận 12,Hồ Chí Minh,dedicated_address,consistent,alley_or_lane,success,
176461,https://batdongsan.vn/nha-chua-co-tren-thi-truong-bt-luong-dinh-cua-35ty-r176461,"Quận 2, Hồ Chí Minh",Nhà chưa có trên thị trường BT Lương Định Của 35ty,"280F18 Lương Định Của , Phường An Phú , Quận 2","280F18 Lương Định Của , Phường An Phú , Quận 2",,Phường An Phú,Quận 2,Hồ Chí Minh,dedicated_address,consistent,unclear,success,
129129,https://batdongsan.vn/ban-nha-mat-tien-6-tang-72x25m-gia-1699-ty-duong-tan-thoi-hiep-14-r129129,"Quận 12, Hồ Chí Minh","Bán nhà mặt tiền 6 tầng 7,2x25m giá 16,99 tỷ Đường Tân Thới Hiệp 14",mặt tiền 6 tầng 7,mặt tiền 6 tầng 7,,,Quận 12,Hồ Chí Minh,title,consistent,unclear,success,
91699,https://batdongsan.vn/hxh-6m-le-duc-tho-4x12-53-ty-p15-go-vap-r261873,"Gò Vấp, Hồ Chí Minh","Hxh 6m Lê Đức Thọ 4x12 5,3 tỷ P15 Gò Vấp","Hxh 6m Lê Đức Thọ 4x12 5,3 tỷ P15 Gò Vấp","Hxh 6m Lê Đức Thọ 4x12 5,3 tỷ P15 Gò Vấp",,,Gò Vấp,Hồ Chí Minh,title,consistent,alley_or_lane,success,
83458,https://batdongsan.vn/can-ban-nha-hem-huynh-tan-phat-phu-thuan-quan-7-38m2-r253618,"Quận 7, Hồ Chí Minh",Cần bán nhà hẻm Huỳnh Tấn Phát – Phú Thuận - Quận 7 – 38m2,hẻm Huỳnh Tấn Phát – Phú Thuận - Quận 7 – 38m2,hẻm Huỳnh Tấn Phát – Phú Thuận - Quận 7 – 38m2,,,Quận 7,Hồ Chí Minh,title,consistent,alley_or_lane,success,
155893,https://batdongsan.vn/mt-khung-15x25m-truong-thi-hoa-q12-vi-tri-vang-cho-cafe-ngan-hang-tiem-vang-r155893,"Quận 12, Hồ Chí Minh","MT KHỦNG (15x25m) – TRƯƠNG THỊ HOA, Q12 – VỊ TRÍ VÀNG CHO CAFE, NGÂN HÀNG, TIỆM VÀNG","MT KHỦNG (15x25m) – TRƯƠNG THỊ HOA, Q12 – VỊ TRÍ VÀNG CHO CAFE, NGÂN HÀNG, TIỆM VÀNG","MT KHỦNG (15x25m) – TRƯƠNG THỊ HOA, Q12 – VỊ TRÍ VÀNG CHO CAFE, NGÂN HÀNG, TIỆM VÀNG",Mt Khủng,,Quận 12,Hồ Chí Minh,title,consistent,street_only,success,
117956,https://batdongsan.vn/binh-thanh-nguyen-van-dau-hem-xe-hoi-thong-tu-tung-qua-cho-hoang-hoa-tham-ngang-4m-khu-dan-cu-r117956,"Bình Thạnh, Hồ Chí Minh","BÌNH THẠNH, NGUYỄN VĂN ĐẬU – HẺM XE HƠI THÔNG TỨ TUNG QUA CHỢ HOÀNG HOA THÁM, NGANG 4M, KHU DÂN CƯ",HẺM XE HƠI THÔNG TỨ TUNG QUA CHỢ HOÀNG HOA THÁM,HẺM XE HƠI THÔNG TỨ TUNG QUA CHỢ HOÀNG HOA THÁM,"Bình Thạnh, Nguyễn Văn Đậu",,Bình Thạnh,Hồ Chí Minh,title,consistent,alley_or_lane,success,
88558,https://batdongsan.vn/hxh-phan-van-tri-2-lau-5x17-67-ty-p5-go-vap-r258728,"Gò Vấp, Hồ Chí Minh",Hxh Phan Văn Trị 2 lầu 5x17 6.7 tỷ P5 Gò Vấp,Hxh Phan Văn Trị 2 lầu 5x17 6.7 tỷ P5 Gò Vấp,Hxh Phan Văn Trị 2 lầu 5x17 6.7 tỷ P5 Gò Vấp,,,Gò Vấp,Hồ Chí Minh,title,consistent,alley_or_lane,success,
166949,https://batdongsan.vn/duoi-3-ty-shr-gan-song-sai-gon-ban-nha-thanh-loc-ho-tro-vay-bank-toi-da-r166949,"Quận 12, Hồ Chí Minh","Dưới 3 tỷ SHR gần sông Sài Gòn, bán nhà Thạnh Lộc hỗ trợ vay Bank tối đa","Dưới 3 tỷ SHR gần sông Sài Gòn, bán nhà Thạnh Lộc hỗ trợ vay Bank tối đa","Dưới 3 tỷ SHR gần sông Sài Gòn, bán nhà Thạnh Lộc hỗ trợ vay Bank tối đa",,,Quận 12,Hồ Chí Minh,title,consistent,landmark_only,success,
183145,https://batdongsan.vn/ban-dat-tang-nha-3-lau-mat-tien-duong-khu-dan-cu-hong-long-hiep-binh-phuoc-thanh-pho-thu-duc-r183145,"Thủ Đức, Hồ Chí Minh","Bán Đất Tặng Nhà 3 Lầu Mặt Tiền Đường Khu Dân Cư Hồng Long, Hiệp Bình Phước, Thành Phố Thủ Đức","mặt tiền đường xe hơi 12m đường bàn cờ Khu dân cư hồng Long ra hiệp bình, cách quốc lộ 13 chỉ 300m, về KĐT Vạn Phúc, đại học luật, chợ Hiệp Bình, từ 3 -5 phút, bán kính 1km đầy đủ các tiện ích thích hợp gia đình ở hay nua cho thuê làm văn phòng công ty,","mặt tiền đường xe hơi 12m đường bàn cờ Khu dân cư hồng Long ra hiệp bình, cách quốc lộ 13 chỉ 300m, về KĐT Vạn Phúc, đại học luật, chợ Hiệp Bình, từ 3 -5 phút, bán kính 1km đầy đủ các tiện ích thích hợp gia đình ở hay nua cho thuê làm văn phòng công ty",,,Thủ Đức,Hồ Chí Minh,dedicated_address,consistent,project_or_residential_area,success,
143744,https://batdongsan.vn/ban-nha-mat-tien-tung-thien-vuong-4x16-chi-16-ty-9-r143744,"Quận 8, Hồ Chí Minh",Bán nhà mặt tiền Tùng Thiện Vương 4x16 chỉ 16 tỷ 9,mặt tiền Tùng Thiện Vương 4x16 chỉ 16 tỷ 9,mặt tiền Tùng Thiện Vương 4x16 chỉ 16 tỷ 9,,,Quận 8,Hồ Chí Minh,title,consistent,unclear,success,
193552,https://batdongsan.vn/nha-dep-gia-mem-5x15-hem-6m-tch10-quan-12-co-hoi-chot-nhanh-r193552,"Quận 12, Hồ Chí Minh",NHÀ ĐẸP GIÁ MỀM (5x15) – HẺM 6M TCH10 QUẬN 12 – CƠ HỘI CHỐT NHANH!,HẺM 6M TCH10 QUẬN 12 – CƠ HỘI CHỐT NHANH!,HẺM 6M TCH10 QUẬN 12 – CƠ HỘI CHỐT NHANH!,Hẻm 6M Tch10,,Quận 12,Hồ Chí Minh,title,consistent,alley_or_lane,success,
187365,https://batdongsan.vn/nha-moi-hiem-ngang-7m-gan-ga-t3-tang-full-noi-that-cao-cap-r187365,"Gò Vấp, Hồ Chí Minh","NHÀ MỚI HIẾM NGANG 7M – GẦN GA T3, TẶNG FULL NỘI THẤT CAO CẤP","NHÀ MỚI HIẾM NGANG 7M – GẦN GA T3, TẶNG FULL NỘI THẤT CAO CẤP","NHÀ MỚI HIẾM NGANG 7M – GẦN GA T3, TẶNG FULL NỘI THẤT CAO CẤP",Nhà Mới Hiếm Ngang 7M,,Gò Vấp,Hồ Chí Minh,title,consistent,street_only,success,
150381,https://batdongsan.vn/hem-xe-hoi-thong-dt-52m2-x-2tang-x-ngang-4m-quang-trung-p14-go-vap-chi-52-ty-r150381,"Gò Vấp, Hồ Chí Minh","HẺM XE HƠI THÔNG DT 52M2 x 2TẦNG x NGANG 4M, QUANG TRUNG, P.14 GÒ VẤP, CHỈ 5.2 TỶ",HẺM XE HƠI THÔNG DT 52M2 x 2TẦNG x NGANG 4M,HẺM XE HƠI THÔNG DT 52M2 x 2TẦNG x NGANG 4M,Hẻm Xe Hơi Thông,,Gò Vấp,Hồ Chí Minh,title,consistent,alley_or_lane,success,
120070,https://batdongsan.vn/ngay-ubnd-phuong-16-hem-3m-dt-39-x-11m-btct-3-tang-r120070,"Gò Vấp, Hồ Chí Minh",Ngay UBND phường 16 - Hẻm 3m - DT 3.9 x 11m - BTCT 3 Tầng,Hẻm 3m - DT 3.9 x 11m - BTCT 3 Tầng,Hẻm 3m - DT 3.9 x 11m - BTCT 3 Tầng,Hẻm 3M,Phường 16,Gò Vấp,Hồ Chí Minh,title,consistent,full_address,success,
173847,https://batdongsan.vn/ban-nha-55-thanh-my-305x9m-1-lau-2pn-2wc-gia-36-ty-r173847,"Tân Bình, Hồ Chí Minh","Bán nhà 55/ Thành Mỹ, 3.05x9m, 1 lầu , 2pn 2wc, giá 3.6 tỷ","Bán nhà 55/ Thành Mỹ, 3.05x9m, 1 lầu , 2pn 2wc, giá 3.6 tỷ","Bán nhà 55/ Thành Mỹ, 3.05x9m, 1 lầu , 2pn 2wc",,,Tân Bình,Hồ Chí Minh,title,consistent,unclear,success,
195837,https://batdongsan.vn/biet-thu-tret-lau-cuc-dep-hem-1-quan-ca-phe-osaka-68-duong-ta16-quan-12-gia-tot-r195837,"Quận 12, Hồ Chí Minh","Biệt thự trệt lầu cực đẹp – hẻm 1/ quán cà phê Osaka (68) đường TA16, Quận 12 giá tốt","hẻm 1/ quán cà phê Osaka (68) đường TA16, Quận 12 giá tốt","hẻm 1/ quán cà phê Osaka (68) đường TA16, Quận 12 giá tốt",Đường Ta16,,Quận 12,Hồ Chí Minh,title,consistent,alley_or_lane,success,
167803,https://batdongsan.vn/nha-ban-thiet-ke-dep-sang-trong-mt-duong-tran-binh-trong-p1-go-vap-46-x-26-3-tang-15-ty-r167803,"Gò Vấp, Hồ Chí Minh","Nhà bán thiết kế đẹp, sang trọng MT đường Trần Bình Trọng, P1, Gò Vấp - 4.6 X 26 - 3 Tầng - 15 tỷ",đường Trần Bình Trọng,đường Trần Bình Trọng,,,Gò Vấp,Hồ Chí Minh,title,consistent,street_only,success,
128069,https://batdongsan.vn/1-ban-nha-gan-khu-phan-xich-long-2-pn-hxh-sat-khong-qh-dan-tri-hoan-cong-r128069,"Phú Nhuận, Hồ Chí Minh",+1 BÁN NHÀ GẦN KHU PHAN XÍCH LONG - 2 PN - HXH SÁT - KHÔNG QH - DÂN TRÍ - HOÀN CÔNG,+1 BÁN NHÀ GẦN KHU PHAN XÍCH LONG - 2 PN - HXH SÁT - KHÔNG QH - DÂN TRÍ - HOÀN CÔNG,+1 BÁN NHÀ GẦN KHU PHAN XÍCH LONG - 2 PN - HXH SÁT - KHÔNG QH - DÂN TRÍ - HOÀN CÔNG,Bán Nhà Gần Khu Phan Xích Long,,Phú Nhuận,Hồ Chí Minh,title,consistent,alley_or_lane,success,
182548,https://batdongsan.vn/xuat-canh-can-ban-gap-nha-mt-duong-truong-sa-q3-dt-34m-x-116m-r182548,"Quận 3, Hồ Chí Minh","Xuất cảnh cần bán gấp nhà MT Đường Trường Sa - Q3 (DT 3,4M x 11,6M)",Đường Trường Sa - Q3 (DT 3,Đường Trường Sa - Q3 (DT 3,Đường Trường Sa,,Quận 3,Hồ Chí Minh,title,consistent,street_only,success,
98738,https://batdongsan.vn/ban-nha-rieng-go-vap-phuong-5-nguyen-thai-son-4-tang-48m2-san-dong-tien-r268918,"Gò Vấp, Hồ Chí Minh","Bán Nhà Riêng Gò Vấp, Phường 5, Nguyễn Thái Sơn, 4 Tầng, 48m2, Sẵn dòng tiền","Ngay chợ Gò Vấp, Emart, khu ĐH Văn Lang 3,ĐH Công Nghiệp 4, Cityland, Phan Văn Trị, Vincom, thông ra Dương Quảng Hàm, Phạm Văn Đồng, Phan Văn Trị, Nguyễn Văn Nghi, Lý Thường Kiệt, Lê Đức Thọ,","Ngay chợ Gò Vấp, Emart, khu ĐH Văn Lang 3,ĐH Công Nghiệp 4, Cityland, Phan Văn Trị, Vincom, thông ra Dương Quảng Hàm, Phạm Văn Đồng, Phan Văn Trị, Nguyễn Văn Nghi, Lý Thường Kiệt, Lê Đức Thọ",,Phường 5,Gò Vấp,Hồ Chí Minh,dedicated_address,consistent,landmark_only,success,
98648,https://batdongsan.vn/hxh-no-trang-long-5x8-2pn-51-ty-p7-binh-thanh-r268828,"Bình Thạnh, Hồ Chí Minh",Hxh Nơ Trang Long 5x8 2pn 5.1 tỷ P7 Bình Thạnh,Hxh Nơ Trang Long 5x8 2pn 5.1 tỷ P7 Bình Thạnh,Hxh Nơ Trang Long 5x8 2pn 5.1 tỷ P7 Bình Thạnh,,,Bình Thạnh,Hồ Chí Minh,title,consistent,alley_or_lane,success,
194257,https://batdongsan.vn/nha-5-tang-dan-xay-phan-lo-cum-cn-lai-xa-gan-nhon-dh-cong-nghiep-o-to-tranh-r194257,"Hoài Đức, Hà Nội","NHÀ 5 TẦNG, DÂN XÂY, PHÂN LÔ CỤM CN LAI XÁ, GẦN NHỔN ĐH CÔNG NGHIỆP - Ô TÔ TRÁNH","NHÀ 5 TẦNG, DÂN XÂY, PHÂN LÔ CỤM CN LAI XÁ, GẦN NHỔN ĐH CÔNG NGHIỆP - Ô TÔ TRÁNH","NHÀ 5 TẦNG, DÂN XÂY, PHÂN LÔ CỤM CN LAI XÁ, GẦN NHỔN ĐH CÔNG NGHIỆP - Ô TÔ TRÁNH",Tô Tránh,,Hoài Đức,Hà Nội,title,consistent,street_only,success,
130276,https://batdongsan.vn/ban-nha-pho-gieng-sen-le-trong-tan-7-tang-o-to-do-cua-50m-155-ty-r130276,"Hà Đông, Hà Nội","BÁN NHÀ PHỐ GIẾNG SEN LÊ TRỌNG TẤN, 7 TẦNG, Ô TÔ ĐỖ CỬA, 50m, 15.5 tỷ",PHỐ GIẾNG SEN LÊ TRỌNG TẤN,PHỐ GIẾNG SEN LÊ TRỌNG TẤN,"Bán Nhà Phố Giếng Sen Lê Trọng Tấn,",,Hà Đông,Hà Nội,title,consistent,street_only,success,
194787,https://batdongsan.vn/ban-nha-thanh-am-long-bienoto-do-conglo-gocthang-may42m-nhinh-9-ty-r194787,"Long Biên, Hà Nội","BÁN NHÀ THANH AM LONG BIÊN,OTO ĐỖ CỔNG,LÔ GÓC,THANG MÁY,42M NHỈNH 9 TỶ","BÁN NHÀ THANH AM LONG BIÊN,OTO ĐỖ CỔNG,LÔ GÓC,THANG MÁY,42M NHỈNH 9 TỶ","BÁN NHÀ THANH AM LONG BIÊN,OTO ĐỖ CỔNG,LÔ GÓC,THANG MÁY,42M NHỈNH 9 TỶ","Bán Nhà Thanh Am Long Biên,Oto Đỗ Cổng,Lô Góc,Thang Máy,42M Nhỉnh",,Long Biên,Hà Nội,title,consistent,street_only,success,
145851,https://batdongsan.vn/cuc-pham-pho-tran-quang-dieu-43m2-7t-thang-may-mt5m-o-to-ngay-vuon-hoa-1-6-r145851,"Đống Đa, Hà Nội",Cực phẩm phố Trần Quang Diệu 43m2 7T thang máy MT5m ô tô ngay Vườn Hoa 1-6,phố Trần Quang Diệu 43m2 7T thang máy MT5m ô tô ngay Vườn Hoa 1-6,phố Trần Quang Diệu 43m2 7T thang máy MT5m ô tô ngay Vườn Hoa 1-6,,,Đống Đa,Hà Nội,title,consistent,street_only,success,
174854,https://batdongsan.vn/ban-nha-mat-pho-dong-ngac-85m-5-tang-11m-mat-tien-thang-may-kinh-doanh-gia-21-ty-r174854,"Bắc Từ Liêm, Hà Nội","BÁN NHÀ MẶT PHỐ ĐÔNG NGẠC, 85M, 5 TẦNG, 11M MẶT TIỀN, THANG MÁY, KINH DOANH, GIÁ 21 TỶ.",PHỐ ĐÔNG NGẠC,PHỐ ĐÔNG NGẠC,"Bán Nhà Mặt Phố Đông Ngạc, 85M,",,Bắc Từ Liêm,Hà Nội,title,consistent,street_only,success,
163322,https://batdongsan.vn/sieu-pham-khuong-ha-o-to-tranh-kinh-doanh-43m2-5-tang-1389-ty-r163322,"Thanh Xuân, Hà Nội","SIÊU PHẨM KHƯƠNG HẠ – Ô TÔ TRÁNH, KINH DOANH, 43M2 , 5 TẦNG, 13.89 TỶ","SIÊU PHẨM KHƯƠNG HẠ – Ô TÔ TRÁNH, KINH DOANH, 43M2 , 5 TẦNG, 13.89 TỶ","SIÊU PHẨM KHƯƠNG HẠ – Ô TÔ TRÁNH, KINH DOANH, 43M2 , 5 TẦNG, 13.89 TỶ","Tô Tránh, Kinh Doanh, 43M2",,Thanh Xuân,Hà Nội,title,consistent,street_only,success,
178125,https://batdongsan.vn/tn-vp-nguyen-khang-73m-9-tang-mat-tien-45m-35-ty-o-to-kinh-doanh-0986073333-r178125,"Cầu Giấy, Hà Nội",TN VP Nguyễn Khang 73m 9 tầng mặt tiền 4.5m 35 Tỷ ô tô kinh doanh 0986073333,mặt tiền 4.5m 35 Tỷ ô tô kinh doanh 0986073333,mặt tiền 4.5m 35 Tỷ ô tô kinh doanh 0986073333,Mặt Tiền 4,,Cầu Giấy,Hà Nội,title,consistent,street_only,success,
148927,https://batdongsan.vn/minh-can-ban-nha-o-quang-trung-ha-dong-ha-noi-5-tang-30m2-nhinh-5ty-r148927,"Hà Đông, Hà Nội",MÌNH CẦN BÁN NHÀ Ở QUANG TRUNG-HÀ ĐỒNG-HÀ NỘI-5 Tầng-30m2-Nhỉnh 5Tỷ,gần nhà ga tàu điện trên cao cách BX Yên Nghĩa 100M,gần nhà ga tàu điện trên cao cách BX Yên Nghĩa 100M,Quang Trung-Hà Đồng-Hà Nội-5,,Hà Đông,Hà Nội,dedicated_address,consistent,street_only,success,
107198,https://batdongsan.vn/ban-nha-lo-duc-hai-ba-trung-45m-4tang-2ngu-46ty-nha-moi-dep-hien-dai-r277392,"Hai Bà Trưng, Hà Nội","Bán Nhà Lò Đúc Hai Bà Trưng 45m 4Tầng 2Ngủ 4,6Tỷ Nhà Mới Đẹp Hiện Đại .","Bán Nhà Lò Đúc Hai Bà Trưng 45m 4Tầng 2Ngủ 4,6Tỷ Nhà Mới Đẹp Hiện Đại .","Bán Nhà Lò Đúc Hai Bà Trưng 45m 4Tầng 2Ngủ 4,6Tỷ Nhà Mới Đẹp Hiện Đại .",,,Hai Bà Trưng,Hà Nội,title,consistent,unclear,success,
189560,https://batdongsan.vn/co-nhue-hot-nha-pho-dep-ngo-rong-nhu-pho-quy-hoach-view-ho-tuong-lai-r189560,"Bắc Từ Liêm, Hà Nội",[CỔ NHUẾ] HOT! NHÀ PHỐ ĐẸP - NGÕ RỘNG NHƯ PHỐ - QUY HOẠCH VIEW HỒ TƯƠNG LAI!,PHỐ ĐẸP - NGÕ RỘNG NHƯ PHỐ - QUY HOẠCH VIEW HỒ TƯƠNG LAI!,PHỐ ĐẸP - NGÕ RỘNG NHƯ PHỐ - QUY HOẠCH VIEW HỒ TƯƠNG LAI!,Phố Đẹp,,Bắc Từ Liêm,Hà Nội,title,consistent,alley_or_lane,success,
93523,https://batdongsan.vn/ban-nha-quan-cau-giay-gia-re-2023-r263698,"Cầu Giấy, Hà Nội",bán nhà quận cầu giấy giá rẻ 2023,bán nhà quận cầu giấy giá rẻ 2023,bán nhà quận cầu giấy giá rẻ 2023,,,Quận Cầu Giấy,Hà Nội,description,consistent,unclear,success,
155073,https://batdongsan.vn/ban-nha-nguyen-an-ninh-15m-ra-pho-vua-o-vua-kinh-doanh-60m2-gia-13-ty-r155073,"Hoàng Mai, Hà Nội",BÁN NHÀ NGUYỄN AN NINH – 15M RA PHỐ – VỪA Ở VỪA KINH DOANH – 60M²– GIÁ 13 TỶ,PHỐ – VỪA Ở VỪA KINH DOANH – 60M²– GIÁ 13 TỶ,PHỐ – VỪA Ở VỪA KINH DOANH – 60M²– GIÁ 13 TỶ,Bán Nhà Nguyễn An Ninh,,Hoàng Mai,Hà Nội,title,consistent,street_only,success,
143100,https://batdongsan.vn/dep-thattt-nghia-tan-cau-giay-5470m-2pn-noi-that-xin-so-38-ty-r143100,"Cầu Giấy, Hà Nội","💥ĐẸP THẬT💥TT Nghĩa Tân, Cầu Giấy 54/70m 2PN Nội thất xịn sò, 3.8 Tỷ","💥ĐẸP THẬT💥TT Nghĩa Tân, Cầu Giấy 54/70m 2PN Nội thất xịn sò, 3.8 Tỷ","💥ĐẸP THẬT💥TT Nghĩa Tân, Cầu Giấy 54/70m 2PN Nội thất xịn sò, 3.8 Tỷ",💥Đẹp Thật💥Tt,,Cầu Giấy,Hà Nội,title,consistent,house_number_and_street,success,
170331,https://batdongsan.vn/ban-nha-dep-ngoc-thuy-long-bien-ngo-thong-view-vuon-hoa-gan-pho-co-hang-xom-than-thien-r170331,"Long Biên, Hà Nội",BÁN NHÀ ĐẸP NGỌC THỤY - LONG BIÊN- NGÕ THÔNG - VIEW VƯỜN HOA - GẦN PHỐ CỔ- HÀNG XÓM THÂN THIỆN,NGÕ THÔNG - VIEW VƯỜN HOA - GẦN PHỐ CỔ- HÀNG XÓM THÂN THIỆN,NGÕ THÔNG - VIEW VƯỜN HOA - GẦN PHỐ CỔ- HÀNG XÓM THÂN THIỆN,Ngõ Thông,,Long Biên,Hà Nội,title,consistent,alley_or_lane,success,
119519,https://batdongsan.vn/ban-nha-do-duc-duc-nam-tu-liem-ngo-nong-30m-ra-pho-an-sinh-khu-vuc-tot-r119519,"Nam Từ Liêm, Hà Nội",BÁN NHÀ ĐÕ ĐỨC DỤC NAM TỪ LIÊM NGÕ NÔNG 30M RA PHỐ AN SINH KHU VỰC TỐT,NGÕ NÔNG 30M RA PHỐ AN SINH KHU VỰC TỐT,NGÕ NÔNG 30M RA PHỐ AN SINH KHU VỰC TỐT,Bán Nhà Đõ Đức Dục Nam Từ Liêm Ngõ Nông 30M Ra Phố An Sinh Khu Vực Tốt,,Nam Từ Liêm,Hà Nội,title,consistent,alley_or_lane,success,
95330,https://batdongsan.vn/ban-nha-mat-ngo-91-nguyen-chi-thanh-dong-da-40m-4-tang-gia-12-ty-r265505,"Đống Đa, Hà Nội","Bán nhà mặt ngõ 91 Nguyễn Chi Thanh, Đống Đa 40m, 4 tầng. Giá: 12 tỷ",ngõ 91 Nguyễn Chi Thanh,ngõ 91 Nguyễn Chi Thanh,,,Đống Đa,Hà Nội,title,consistent,alley_or_lane,success,
156318,https://batdongsan.vn/ban-nha-pho-nguyen-an-ninh-mat-ngo-rong-o-to-vao-nha-5-tang-50m2-gia-tot-r156318,"Hai Bà Trưng, Hà Nội","Bán nhà phố Nguyến An Ninh mặt ngõ rộng, ô tô vào nhà, 5 tầng, 50m2, giá tốt",phố Nguyến An Ninh mặt ngõ rộng,phố Nguyến An Ninh mặt ngõ rộng,,,Hai Bà Trưng,Hà Nội,title,consistent,alley_or_lane,success,
101016,https://batdongsan.vn/ban-nha-ngo-73-hoang-ngan-phuong-nhan-chinh-tang-1-de-o-to-mat-tien-5m-gia-77-ty-r271199,"Thanh Xuân, Hà Nội","Bán nhà ngõ 73 Hoàng Ngân, phường Nhân Chính, tầng 1 để ô tô, mặt tiền 5m giá 7.7 tỷ","ngõ 73 Hoàng Ngân, phường Nhân Chính","ngõ 73 Hoàng Ngân, phường Nhân Chính",Ngõ 73 Hoàng Ngân,,Thanh Xuân,Hà Nội,title,consistent,full_address,success,
138070,https://batdongsan.vn/hiem-nha-hoe-nhai-ba-dinh-35m2-2-tang-gia-3ty-nha-dep-vai-buoc-ra-pho-ho-khau-pho-co-nha-dep-r138070,"Ba Đình, Hà Nội","HIẾM NHÀ HÒE NHAI, BA ĐÌNH. 35M2 2 TẦNG GIÁ 3TỶ- NHÀ ĐẸP VÀI BƯỚC RA PHỐ - HỘ KHẨU PHỐ CỔ-NHÀ ĐẸP","Phố Hoè Nhai là phố nối thông Quán Thánh- Nguyễn Trường Tộ - Hàng Than, cửa ngõ Hoàn Kiếm -","Phố Hoè Nhai là phố nối thông Quán Thánh- Nguyễn Trường Tộ - Hàng Than, cửa ngõ Hoàn Kiếm","Hiếm Nhà Hòe Nhai, Ba Đình. 35M2",,Ba Đình,Hà Nội,dedicated_address,consistent,alley_or_lane,success,
156847,https://batdongsan.vn/ban-nha-5-tang-pho-giai-phong-hoang-mai-8-ty-hon-so-do-chinh-chu-r156847,"Hoàng Mai, Hà Nội",BÁN NHÀ 5 TẦNG PHỐ GIẢI PHÓNG - HOÀNG MAI - 8 TỶ HƠN - SỔ ĐỎ CHÍNH CHỦ,PHỐ GIẢI PHÓNG - HOÀNG MAI - 8 TỶ HƠN - SỔ ĐỎ CHÍNH CHỦ,PHỐ GIẢI PHÓNG - HOÀNG MAI - 8 TỶ HƠN - SỔ ĐỎ CHÍNH CHỦ,Phố Giải Phóng,,Hoàng Mai,Hà Nội,title,consistent,street_only,success,
144032,https://batdongsan.vn/ban-nha-moi-lo-goc-dinh-cong-ngo-thong-cach-pho-chi-10m-r144032,"Hoàng Mai, Hà Nội",BÁN NHÀ MỚI LÔ GÓC ĐỊNH CÔNG - NGÕ THÔNG - CÁCH PHỐ CHỈ 10M,NGÕ THÔNG - CÁCH PHỐ CHỈ 10M,NGÕ THÔNG - CÁCH PHỐ CHỈ 10M,Ngõ Thông,,Hoàng Mai,Hà Nội,title,consistent,alley_or_lane,success,
165078,https://batdongsan.vn/le-trong-tan-ngo-oto-thang-tap-50m-ra-pho-76m2-3-tang-mat-tien-38m-gia-268-ty-r165078,"Thanh Xuân, Hà Nội",LÊ TRỌNG TẤN - NGÕ OTO THẲNG TẮP 50m RA PHỐ - 76m2 3 tầng mặt tiền 3.8m Giá 26.8 tỷ,NGÕ OTO THẲNG TẮP 50m RA PHỐ - 76m2 3 tầng mặt tiền 3.8m Giá 26.8 tỷ,NGÕ OTO THẲNG TẮP 50m RA PHỐ - 76m2 3 tầng mặt tiền 3.8m Giá 26.8 tỷ,Ngõ Oto Thẳng Tắp 50M Ra Phố,,Thanh Xuân,Hà Nội,title,consistent,alley_or_lane,success,
119250,https://batdongsan.vn/nha-dep-pho-khuong-ha-thanh-xuan-5-tang-full-noi-that-ngo-rong-5m-o-to-vao-thoai-mai-nhinh-8-r119250,"Thanh Xuân, Hà Nội","Nhà Đẹp Phố Khương Hạ, Thanh Xuân, 5 Tầng Full Nội Thất, Ngõ Rộng 5m, Ô Tô Vào Thoải Mái, Nhỉnh 8",Phố Khương Hạ,Phố Khương Hạ,Phố Khương Hạ Nhà Đẹp Phố Khương Hạ,,Thanh Xuân,Hà Nội,title,consistent,street_only,success,
80180,https://batdongsan.vn/ban-nha-truong-dinh-35m2-x-5-tang-mt-4mchi-355-tr-r250326,"Hoàng Mai, Hà Nội","Bán nhà Trương Định 35m2 x 5 tầng ,MT 4m,chỉ 3.55 tr","đắc địa nằm trên KV phát triển, nhiều tiện ích, kết nối giao thông thuận tiện,an ninh tuyệt vời","đắc địa nằm trên KV phát triển, nhiều tiện ích, kết nối giao thông thuận tiện,an ninh tuyệt vời",,,Hoàng Mai,Hà Nội,dedicated_address,consistent,unclear,success,
154551,https://batdongsan.vn/sieu-pham-ngoc-thuy-dong-tien-1-tynam-6-tang-thang-may-thiet-ke-cho-tay-o-ngo-o-to-thong-r154551,"Long Biên, Hà Nội",SIÊU PHẨM NGỌC THỤY – DÒNG TIỀN 1 TỶ/NĂM – 6 TẦNG THANG MÁY – THIẾT KẾ CHO TÂY Ở – NGÕ Ô TÔ THÔNG,"Ngọc Thụy, Long Biên, Hà Nội","Ngọc Thụy, Long Biên, Hà Nội",Ngõ Ô Tô Thông,,Long Biên,Hà Nội,dedicated_address,consistent,street_only,success,
164987,https://batdongsan.vn/co-hoi-so-huu-kho-gan-17-ha-tan-thoi-nhat-8-q12-hcm-dong-tien-15-tyth-chi-389-ty-r164987,"Quận 12, Hồ Chí Minh","Cơ hội Sở Hữu Kho  Gần 1,7 ha Tân Thới Nhất 8, Q12, HCM - Dòng Tiền 1.5 Tỷ/th Chỉ 389 Tỷ","Cơ hội Sở Hữu Kho  Gần 1,7 ha Tân Thới Nhất 8, Q12, HCM - Dòng Tiền 1.5 Tỷ/th Chỉ 389 Tỷ","Cơ hội Sở Hữu Kho Gần 1,7 ha Tân Thới Nhất 8, Q12, HCM - Dòng Tiền 1.5 Tỷ/th Chỉ 389 Tỷ","Q12, Hcm",,Quận 12,Hồ Chí Minh,title,consistent,street_only,success,
156519,https://batdongsan.vn/ban-nha-mat-tien-duong-kinh-doanh-nguyen-van-cong-go-vap-chinh-chu-1-doi-ban-chia-tai-san-73m2-r156519,"Gò Vấp, Hồ Chí Minh",BÁN NHÀ MẶT TIỀN ĐƯỜNG KINH DOANH NGUYỄN VĂN CÔNG GÒ VẤP  CHÍNH CHỦ 1 ĐỜI BÁN CHIA TÀI SẢN - 73M2(,MẶT TIỀN ĐƯỜNG KINH DOANH NGUYỄN VĂN CÔNG GÒ VẤP  CHÍNH CHỦ 1 ĐỜI BÁN CHIA TÀI SẢN - 73M2(,MẶT TIỀN ĐƯỜNG KINH DOANH NGUYỄN VĂN CÔNG GÒ VẤP CHÍNH CHỦ 1 ĐỜI BÁN CHIA TÀI SẢN - 73M2(,Đời Bán Chia Tài Sản,,Gò Vấp,Hồ Chí Minh,title,consistent,street_only,success,
112561,https://batdongsan.vn/nha-moi-vao-o-ngay-ngang-to-8m-3pn-r282755,"Bình Thạnh, Hồ Chí Minh",Nhà Mới Vào Ở Ngay - Ngang To 8m - 3pn,Nhà Mới Vào Ở Ngay - Ngang To 8m - 3pn,Nhà Mới Vào Ở Ngay - Ngang To 8m - 3pn,,,Bình Thạnh,Hồ Chí Minh,title,consistent,landmark_only,success,
103882,https://batdongsan.vn/p15-tan-binh-hxh-7-cho-1-can-ra-mat-tien-45m2-gia-hon-3-ty-r274076,"Tân Bình, Hồ Chí Minh",P15 - Tân Bình – HXH 7 chỗ - 1 căn ra mặt tiền – 45m2 – giá hơn 3 tỷ.,"Cách Mặt tiền Cống Lở 1 căn, oto vô tận cửa","Cách Mặt tiền Cống Lở 1 căn, oto vô tận cửa",Mặt Tiền Cống Lở 1 Căn,,Tân Bình,Hồ Chí Minh,dedicated_address,consistent,street_only,success,
136173,https://batdongsan.vn/nha-pho-dao-tong-nguyen-55-ty-4-tang-duong-xe-hoi-r136173,"Nhà Bè, Hồ Chí Minh","Nhà phố Đào Tông Nguyên, 5.5 tỷ, 4 tầng, đường xe hơi",phố Đào Tông Nguyên,phố Đào Tông Nguyên,,,Nhà Bè,Hồ Chí Minh,title,consistent,street_only,success,
101622,https://batdongsan.vn/cach-mat-tien-duong-huynh-tan-phat-70m-4-tang-2-mat-tien-duong-6m-tt-nha-be-r271808,"Nhà Bè, Hồ Chí Minh",Cách mặt tiền đường Huỳnh tấn phát 70m - 4 tầng- 2 mặt tiền đường 6m – TT Nhà Bè,mặt tiền đường Huỳnh tấn phát 70m - 4 tầng- 2 mặt tiền đường 6m – TT Nhà Bè,mặt tiền đường Huỳnh tấn phát 70m - 4 tầng- 2 mặt tiền đường 6m – TT Nhà Bè,Mặt Tiền Đường Huỳnh Tấn Phát 70M,,Nhà Bè,Hồ Chí Minh,title,consistent,street_only,success,
86070,https://batdongsan.vn/sieu-re-chi-72trmv-gap-ban-nha-hxh-d5-p25-binh-thanh-130m2-nhinh-9-ty-r256238,"Bình Thạnh, Hồ Chí Minh","SIÊU Rẻ chỉ 72tr.Mv Gấp bán nhà HXH D5 P25 Bình Thạnh 130m2, nhỉnh 9 tỷ","SIÊU Rẻ chỉ 72tr.Mv Gấp bán nhà HXH D5 P25 Bình Thạnh 130m2, nhỉnh 9 tỷ","SIÊU Rẻ chỉ 72tr.Mv Gấp bán nhà HXH D5 P25 Bình Thạnh 130m2, nhỉnh 9 tỷ",Hxh D5 P25,,Bình Thạnh,Hồ Chí Minh,title,consistent,alley_or_lane,success,
106604,https://batdongsan.vn/nha-moi-3-tang-hem-xe-hoi-noi-that-day-du-nhinh-5-ty-r276798,"Gò Vấp, Hồ Chí Minh",NHÀ MỚI 3 TẦNG – HẺM XE HƠI – NỘI THẤT ĐẦY ĐỦ - NHỈNH 5 TỶ,HẺM XE HƠI – NỘI THẤT ĐẦY ĐỦ - NHỈNH 5 TỶ,HẺM XE HƠI – NỘI THẤT ĐẦY ĐỦ - NHỈNH 5 TỶ,Nhà Mới,,Gò Vấp,Hồ Chí Minh,title,consistent,alley_or_lane,success,
184236,https://batdongsan.vn/chi-95-ty-nha-3-tang-42x13m-51m2-hxh-5m-nguyen-dinh-khoi-p4-r184236,"Tân Bình, Hồ Chí Minh","Chỉ 9.5 tỷ, Nhà 3 tầng, 4.2x13m, 51m2, HXH 5m, Nguyễn Đình Khơi, P4","Chỉ 9.5 tỷ, Nhà 3 tầng, 4.2x13m, 51m2, HXH 5m, Nguyễn Đình Khơi, P4","Chỉ 9.5 tỷ, Nhà 3 tầng, 4.2x13m, 51m2, HXH 5m, Nguyễn Đình Khơi, P4",,,Tân Bình,Hồ Chí Minh,title,consistent,alley_or_lane,success,
93567,https://batdongsan.vn/nha-dep-gia-tot-r263742,"Thủ Đức, Hồ Chí Minh",Nhà Đẹp giá tốt,Nhà Đẹp giá tốt,Nhà Đẹp giá tốt,,,Thủ Đức,Hồ Chí Minh,title,consistent,unclear,success,
87994,https://batdongsan.vn/hxh-7-cho-4x15-499-ty-quang-trung-p11-go-vap-r258163,"Gò Vấp, Hồ Chí Minh","Hxh 7 chổ 4x15 4,99 tỷ Quang Trung P11 Gò Vấp","Hxh 7 chổ 4x15 4,99 tỷ Quang Trung P11 Gò Vấp","Hxh 7 chổ 4x15 4,99 tỷ Quang Trung P11 Gò Vấp",,,Gò Vấp,Hồ Chí Minh,title,consistent,alley_or_lane,success,
112210,https://batdongsan.vn/ban-nha-le-van-sy-hxh-4x85m-nha-2-tang-moi-dep-4x-ty-r282404,"Phú Nhuận, Hồ Chí Minh","Bán Nhà Lê Văn Sỹ, HXH, 4x8,5m, nhà 2 tầng mới đẹp, 4.x Tỷ","Bán Nhà Lê Văn Sỹ, HXH, 4x8,5m, nhà 2 tầng mới đẹp, 4.x Tỷ","Bán Nhà Lê Văn Sỹ, HXH, 4x8,5m, nhà 2 tầng mới đẹp, 4.x Tỷ",,,Phú Nhuận,Hồ Chí Minh,title,consistent,alley_or_lane,success,
117141,https://batdongsan.vn/quan-8-au-duong-lan-88m2-hem-xe-tai-ne-7-cho-vo-nha-hem-thong-kinh-doanh-khong-qh-khong-r117141,"Quận 8, Hồ Chí Minh","QUẬN 8, ÂU DƯƠNG LÂN - 88M2 HẺM XE TẢI NÉ - 7 CHỔ VÔ NHÀ - HẺM THÔNG, KINH DOANH - KHÔNG QH KHÔNG","Cực đỉnh Phường 2, thông ra Tạ Quang Bửu, BXH, chợ, Trường học các cấp","Cực đỉnh Phường 2, thông ra Tạ Quang Bửu, BXH, chợ, Trường học các cấp",Hẻm Xe Tải Né,Phường 2,Quận 8,Hồ Chí Minh,dedicated_address,consistent,street_and_ward,success,
92021,https://batdongsan.vn/nha-hem-xe-hoi-da-giam-100tr-gia-chao-moi-3-ty-r262196,"Quận 9, Hồ Chí Minh",NHÀ HẺM XE HƠI ĐÃ GIẢM 100TR GIÁ CHÀO MỚI 3 TỶ,HẺM XE HƠI ĐÃ GIẢM 100TR GIÁ CHÀO MỚI 3 TỶ,HẺM XE HƠI ĐÃ GIẢM 100TR GIÁ CHÀO MỚI 3 TỶ,Hẻm Xe Hơi Đã Giảm 100Tr,,Quận 9,Hồ Chí Minh,title,consistent,alley_or_lane,success,
185352,https://batdongsan.vn/nha-dep-phap-ly-chuan-1-tret-3-lau-o-ngay-gia-chi-71-ty-r185352,"Bình Tân, Hồ Chí Minh","🏡Nhà Đẹp - Pháp Lý Chuẩn - 1 Trệt 3 Lầu, Ở Ngay – Giá Chỉ 7.1 Tỷ🏡","🏡Nhà Đẹp - Pháp Lý Chuẩn - 1 Trệt 3 Lầu, Ở Ngay – Giá Chỉ 7.1 Tỷ🏡","🏡Nhà Đẹp - Pháp Lý Chuẩn - 1 Trệt 3 Lầu, Ở Ngay – Giá Chỉ 7.1 Tỷ🏡",,,Bình Tân,Hồ Chí Minh,title,consistent,landmark_only,success,
125716,https://batdongsan.vn/ban-nha-hxh-tanhuong-5x25m-vuong-van-nhinh-50trm2-gan-cho-tan-huong-r125716,"Tân Phú, Hồ Chí Minh",Bán nha HXH TânHương 5x25m - vuông vắn - nhỉnh 50tr/m2 gấn chợ Tân Hương,"Sầm uất ngay chợ Tân Hương, Nguyễn Suý, gần trường ĐH Công Thương,","Sầm uất ngay chợ Tân Hương, Nguyễn Suý, gần trường ĐH Công Thương",,,Tân Phú,Hồ Chí Minh,dedicated_address,consistent,landmark_only,success,
155256,https://batdongsan.vn/sieu-pham-giua-long-phu-nhuan-nha-4-tang-nguyen-dinh-chieu-chi-nhinh-5ty-r155256,"Phú Nhuận, Hồ Chí Minh",🔥🎁SIÊU PHẨM GIỮA LÒNG PHÚ NHUẬN – NHÀ 4 TẦNG NGUYỄN ĐÌNH CHIỂU - CHỈ NHỈNH 5️⃣TỶ🚀🎁,🔥🎁SIÊU PHẨM GIỮA LÒNG PHÚ NHUẬN – NHÀ 4 TẦNG NGUYỄN ĐÌNH CHIỂU - CHỈ NHỈNH 5️⃣TỶ🚀🎁,🔥🎁SIÊU PHẨM GIỮA LÒNG PHÚ NHUẬN – NHÀ 4 TẦNG NGUYỄN ĐÌNH CHIỂU - CHỈ NHỈNH 5️⃣TỶ🚀🎁,Chỉ Nhỉnh 5️⃣Tỷ🚀🎁,,Phú Nhuận,Hồ Chí Minh,title,consistent,street_only,success,
137396,https://batdongsan.vn/ban-nha-mat-tien-46-le-khoi-phu-thanh-tan-phu-6-x-9-2-tang-gia-chi-79-ty-r137396,"Tân Phú, Hồ Chí Minh","Bán nhà Mặt tiền 46 Lê Khôi, Phú Thạnh Tân Phú, 6 x 9, 2 tầng giá chỉ 7,9 tỷ",Mặt tiền 46 Lê Khôi,Mặt tiền 46 Lê Khôi,,,Tân Phú,Hồ Chí Minh,title,consistent,unclear,success,
191945,https://batdongsan.vn/chinh-chu-can-ban-gap-nha-1-hem-gan-truong-hoc-gan-cho-r191945,"Quận 8, Hồ Chí Minh","Chính chủ cần bán gấp nhà 1 hẻm gần trường học, gần chợ",hẻm gần trường học,hẻm gần trường học,,,Quận 8,Hồ Chí Minh,title,consistent,alley_or_lane,success,
91228,https://batdongsan.vn/hang-nong-chua-qua-dau-tu-nha-hxh-duong-ao-doi-binh-tri-dong-a-binh-tan-r261402,"Bình Tân, Hồ Chí Minh","Hàng nóng chưa qua đầu tư, nhà hxh, đường Ao Đôi, Bình Trị Đông A, Bình Tân.",đường Ao Đôi,đường Ao Đôi,,,Bình Tân,Hồ Chí Minh,title,consistent,street_only,success,
120688,https://batdongsan.vn/mtkd-nguyen-huu-tien-dt-4x20m-4-tang-vi-tri-kd-vang-r120688,"Tân Phú, Hồ Chí Minh","MTKD Nguyễn Hữu Tiến DT 4x20m, 4 tầng. Vị trí KD Vàng!","MTKD Nguyễn Hữu Tiến DT 4x20m, 4 tầng. Vị trí KD Vàng!","MTKD Nguyễn Hữu Tiến DT 4x20m, 4 tầng. Vị trí KD Vàng!",,,Tân Phú,Hồ Chí Minh,title,consistent,unclear,success,
140774,https://batdongsan.vn/ban-nha-mat-pho-cong-quynh-quan-1-199-ty-76m2-4-tang-8-pn-so-hong-r140774,"Quận 1, Hồ Chí Minh","BÁN NHÀ MẶT PHỐ CỐNG QUỲNH - QUẬN 1 - 19,9 TỶ - 76M2 - 4 TẦNG - 8 PN - SỔ HỒNG",PHỐ CỐNG QUỲNH - QUẬN 1 - 19,PHỐ CỐNG QUỲNH - QUẬN 1 - 19,Phố Cống Quỳnh,,Quận 1,Hồ Chí Minh,title,consistent,street_only,success,
157644,https://batdongsan.vn/mat-tien-vip-tan-binh-duong-nhua-12m-120m2-2-mat-hem-chi-hon-13-ty-r157644,"Tân Bình, Hồ Chí Minh",MẶT TIỀN VIP TÂN BÌNH – ĐƯỜNG NHỰA 12M – 120M2 – 2 MẶT HẺM – CHỈ HƠN 13 TỶ,MẶT TIỀN VIP TÂN BÌNH – ĐƯỜNG NHỰA 12M – 120M2 – 2 MẶT HẺM – CHỈ HƠN 13 TỶ,MẶT TIỀN VIP TÂN BÌNH – ĐƯỜNG NHỰA 12M – 120M2 – 2 MẶT HẺM – CHỈ HƠN 13 TỶ,Đường Nhựa 12M,,Tân Bình,Hồ Chí Minh,title,consistent,alley_or_lane,success,
180424,https://batdongsan.vn/ban-nha-mat-pho-gan-truong-hoc-5-tang-4x16m-duong-24m-ta-quang-buu-quan-8-chi-17-ty-r180424,"Quận 8, Hồ Chí Minh","BÁN NHÀ MẶT PHỐ GẦN TRƯỜNG HỌC, 5 TẦNG (4x16M) - ĐƯỜNG 24M- TẠ QUANG BỬU, QUẬN 8 - CHỈ 17 TỶ",PHỐ GẦN TRƯỜNG HỌC,PHỐ GẦN TRƯỜNG HỌC,"Bán Nhà Mặt Phố Gần Trường Học,",,Quận 8,Hồ Chí Minh,title,consistent,street_only,success,
111112,https://batdongsan.vn/nha-dep-duong-so-thong-le-van-viet-55m2-2-tang-khu-phan-lo-dep-cho-thue-o-to-dau-r281306,"Quận 9, Hồ Chí Minh","Nhà đẹp đường số thông Lê Văn Việt, 55m2 , 2 tầng, khu phân lô đẹp , cho thuê , ô tô đậu",đường số thông Lê Văn Việt,đường số thông Lê Văn Việt,,,Quận 9,Hồ Chí Minh,title,consistent,street_only,success,
170865,https://batdongsan.vn/ban-biet-thu-phu-my-hung-tan-my-quan-7-chinh-chu-0901611116-r170865,"Quận 7, Hồ Chí Minh",BÁN BIỆT THỰ PHÚ MỸ HƯNG - TÂN MỸ QUẬN 7 - CHÍNH CHỦ: 0901611116,BÁN BIỆT THỰ PHÚ MỸ HƯNG - TÂN MỸ QUẬN 7 - CHÍNH CHỦ: 0901611116,BÁN BIỆT THỰ PHÚ MỸ HƯNG - TÂN MỸ QUẬN 7 - CHÍNH CHỦ: 0901611116,Bán Biệt Thự Phú Mỹ Hưng,,Quận 7,Hồ Chí Minh,description,consistent,street_only,success,
80379,https://batdongsan.vn/ban-nha-hem-duong-bong-sao-phuong-1-quan-8-r250526,"Quận 8, Hồ Chí Minh","Bán nhà hẻm đường Bông Sao, phường 1, Quận 8","hẻm đường Bông Sao, phường 1, Quận 8","hẻm đường Bông Sao, phường 1, Quận 8",Hẻm Đường Bông Sao,Phường 1,Quận 8,Hồ Chí Minh,title,consistent,full_address,success,
88987,https://batdongsan.vn/go-vap-quang-trung-phuong-11-84m2-ngang-hon-5m-4-tang-chi-79-ty-r259157,"Gò Vấp, Hồ Chí Minh","Gò Vấp, Quang Trung Phường 11, 84m2, ngang hơn 5m, 4 tầng chỉ 7.9 tỷ","đường Quang Trung, Phường 11, Gò Vấp","đường Quang Trung, Phường 11, Gò Vấp",Đường Quang Trung,Phường 11,Gò Vấp,Hồ Chí Minh,dedicated_address,consistent,street_and_ward,success,
169439,https://batdongsan.vn/ban-nha-hoai-thanh-dien-tich-khung-188m2-ngang-7m-chi-9-ty-9-r169439,"Quận 8, Hồ Chí Minh",Bán nhà Hoài Thanh diện tích khủng 188m2 ngang 7m chỉ 9 tỷ 9,Bán nhà Hoài Thanh diện tích khủng 188m2 ngang 7m chỉ 9 tỷ 9,Bán nhà Hoài Thanh diện tích khủng 188m2 ngang 7m chỉ 9 tỷ 9,,,Quận 8,Hồ Chí Minh,title,consistent,unclear,success,
158946,https://batdongsan.vn/44x16-ban-nha-3-tang-hem-12m-hoang-hoa-tham-p12-tan-binh-nhinh-11-ty-r158946,"Tân Bình, Hồ Chí Minh","4.4x16, BÁN NHÀ 3 TẦNG, HẺM 12m, HOÀNG HOA THÁM, P12, TÂN BÌNH, NHỈNH 11 TỶ",HẺM 12m,HẺM 12m,Hẻm 12M 4,,Tân Bình,Hồ Chí Minh,title,consistent,alley_or_lane,success,
153301,https://batdongsan.vn/ban-nha-cn-110m2-hem-xe-tai-6m-duong-luu-chi-hieu-tan-phu-r153301,"Tân Phú, Hồ Chí Minh","Bán nhà CN 110m2, Hẻm xe tải 6m Đường Lưu Chí Hiếu, Tân Phú","Đường Lưu Chí Hiếu, Phường Tây Thạnh, Quận Tân Phú","Đường Lưu Chí Hiếu, Phường Tây Thạnh, Quận Tân Phú",Đường Lưu Chí Hiếu,Phường Tây Thạnh,Tân Phú,Hồ Chí Minh,dedicated_address,consistent,street_and_ward,success,
173917,https://batdongsan.vn/manh-dat-chat-hon-nuoc-cat-vi-tri-trung-tam-giam-thang-500-trieu-khong-vong-vo-r173917,"Thủ Đức, Hồ Chí Minh",Mảnh đất ‘chất hơn nước cất’ – Vị trí trung tâm – Giảm thẳng 500 triệu không vòng vo!,Mảnh đất ‘chất hơn nước cất’ – Vị trí trung tâm – Giảm thẳng 500 triệu không vòng vo!,Mảnh đất ‘chất hơn nước cất’ – Vị trí trung tâm – Giảm thẳng 500 triệu không vòng vo!,,,Thủ Đức,Hồ Chí Minh,title,consistent,unclear,success,
186041,https://batdongsan.vn/ban-nha-2-tang-42-x-12m-hiep-thanh-q12-shr-gia-chi-nhinh-2-ty-r186041,"Quận 12, Hồ Chí Minh","BÁN NHÀ 2 TẦNG 4,2 X 12M  HIỆP THÀNH – Q12 – SHR – GIÁ CHỈ NHỈNH 2 TỶ","Gần đường Nguyễn Thị Búp, P","Gần đường Nguyễn Thị Búp, P",Đường Nguyễn Thị Búp,,Quận 12,Hồ Chí Minh,dedicated_address,consistent,street_only,success,
152053,https://batdongsan.vn/nha-48m2-1-lau-dep-36-dang-nhu-lam-tt-nha-be-gia-3599-ty-r152053,"Nhà Bè, Hồ Chí Minh",NHÀ 48M2 1 LẦU ĐẸP – 36 ĐẶNG NHỮ LÂM- TT NHÀ BÈ – GIÁ 3.599 TỶ,"Hẻm 1 xẹc, cách Đặng Nhữ Lâm 100m,","Hẻm 1 xẹc, cách Đặng Nhữ Lâm 100m",Hẻm 1 Xẹc,,Nhà Bè,Hồ Chí Minh,dedicated_address,consistent,alley_or_lane,success,
124115,https://batdongsan.vn/3-tang-kha-van-can-3pn-2wc-btct-gia-19-ty-r124115,"Thủ Đức, Hồ Chí Minh","3 Tầng Kha Vạn Cân - 3PN 2WC , BTCT, Giá 1,9 Tỷ","Ngay trung tâm Thủ Đức, gần gần ĐH Cảnh Sát , CĐ Kỹ Thuật, các tuyến đường","Ngay trung tâm Thủ Đức, gần gần ĐH Cảnh Sát , CĐ Kỹ Thuật, các tuyến đường",Đường 3 Tầng Kha Vạn Cân,,Thủ Đức,Hồ Chí Minh,dedicated_address,consistent,street_only,success,
87077,https://batdongsan.vn/ban-nha-tang-loc-gia-re-165t-2pn-2wc-r257245,"Tân Phú, Hồ Chí Minh","Bán Nhà Tặng Lộc Giá Rẻ 1,65T 2PN 2WC","hẻm 710 Luỹ Bán Bích, phường Tân Thành, quận Tân Phú","hẻm 710 Luỹ Bán Bích, phường Tân Thành, quận Tân Phú",Hẻm 710 Luỹ Bán Bích,Phường Tân Thành,Tân Phú,Hồ Chí Minh,dedicated_address,consistent,full_address,success,
174409,https://batdongsan.vn/khu-trung-tam-quan-4-nha-dep-4-tang-duong-hoang-dieu-thong-ra-ton-dan-vinh-hoi-khanh-hoi-r174409,"Quận 4, Hồ Chí Minh","KHU TRUNG TÂM QUẬN 4- NHÀ ĐẸP 4 TẦNG- ĐƯỜNG HOÀNG DIỆU- THÔNG RA TÔN ĐẢN- VĨNH HỘI - KHÁNH HỘI.,","Thuận tiện đi lại, gần chợ, gần hồ bơi, thích hợp mua ở or kinh doanh","Thuận tiện đi lại, gần chợ, gần hồ bơi, thích hợp mua ở or kinh doanh",Đường Hoàng Diệu,,Quận 4,Hồ Chí Minh,dedicated_address,consistent,street_only,success,
114010,https://batdongsan.vn/giam-12-ty-ban-nha-lac-long-quan-tan-binh-dt-56m2-moi-gia-4-ty-nhinh-r284204,"Tân Bình, Hồ Chí Minh","GIẢM 1,2 TỶ Bán nhà Lạc Long Quân Tân Bình, DT 56m2 Mới giá 4 tỷ nhỉnh","GIẢM 1,2 TỶ Bán nhà Lạc Long Quân Tân Bình, DT 56m2 Mới giá 4 tỷ nhỉnh","GIẢM 1,2 TỶ Bán nhà Lạc Long Quân Tân Bình",,,Tân Bình,Hồ Chí Minh,title,consistent,unclear,success,
194840,https://batdongsan.vn/ban-nha-rieng-mat-pho-lien-khu-5-6-dt80m2-tl-chinh-chu-r194840,"Bình Tân, Hồ Chí Minh",Bán nhà riêng mặt phố Liên Khu 5-6 dt:80m2 tl chính chủ,phố Liên Khu 5-6 dt,phố Liên Khu 5-6 dt,Phố Liên Khu 5,,Bình Tân,Hồ Chí Minh,title,consistent,street_only,success,
147191,https://batdongsan.vn/nha-dang-cap-xe-hoi-ngu-nha-50m2-luen-ke-phu-my-hung-r147191,"Nhà Bè, Hồ Chí Minh","Nhà đẳng cấp - XE HƠI NGỦ NHÀ 50m2, luền kề Phú Mỹ Hưng","Nhà đẳng cấp - XE HƠI NGỦ NHÀ 50m2, luền kề Phú Mỹ Hưng","Nhà đẳng cấp - XE HƠI NGỦ NHÀ 50m2, luền kề Phú Mỹ Hưng",Xe Hơi Ngủ Nhà,,Nhà Bè,Hồ Chí Minh,title,consistent,street_only,success,
129032,https://batdongsan.vn/ban-nha-hxh-pham-van-chieu-go-vap-48m2-2-pn-gia-nhinh-5-ty-r129032,"Gò Vấp, Hồ Chí Minh","Bán nhà HXH Phạm Văn Chiêu, Gò Vấp, 48m2, 2 PN, giá nhỉnh 5 tỷ.","Hẻm xe hơi Phạm Văn Chiêu, Phường 9, Quận Gò Vấp","Hẻm xe hơi Phạm Văn Chiêu, Phường 9, Quận Gò Vấp",Hẻm Xe Hơi Phạm Văn Chiêu,Phường 9,Gò Vấp,Hồ Chí Minh,dedicated_address,consistent,full_address,success,
125603,https://batdongsan.vn/ban-nha-mat-tien-5-tang-5x12m-gia-125-ty-duong-hiep-thanh-43-r125603,"Quận 12, Hồ Chí Minh","Bán nhà mặt tiền 5 tầng 5x12m giá 12,5 tỷ Đường Hiệp Thành 43","Mặt tiền đường 40m thuật tiện di chuyển kết nối Nguyễn ảnh Thủ  , Nguyễn Thị Búp Phường Vip Hiệp Thành","Mặt tiền đường 40m thuật tiện di chuyển kết nối Nguyễn ảnh Thủ , Nguyễn Thị Búp Phường Vip Hiệp Thành",,,Quận 12,Hồ Chí Minh,dedicated_address,consistent,street_and_ward,success,
157307,https://batdongsan.vn/ban-nha-130m2-2-tang-3pn-2wc-tan-phu-thu-duc-44-ty-r157307,"Thủ Đức, Hồ Chí Minh","Bán nhà 130m², 2 tầng, 3PN, 2WC, Tân Phú, Thủ Đức - 4.4 tỷ","Bán nhà 130m², 2 tầng, 3PN, 2WC, Tân Phú, Thủ Đức - 4.4 tỷ","Bán nhà 130m², 2 tầng, 3PN, 2WC, Tân Phú, Thủ Đức - 4.4 tỷ","3Pn, 2Wc,",,Thủ Đức,Hồ Chí Minh,title,consistent,street_only,success,
126084,https://batdongsan.vn/ban-nha-hxh-thong-ptaythanh-qtanphu-53m2-3t-3pn-nha-moi-gia-chi-5tyxx-r126084,"Tân Phú, Hồ Chí Minh",Bán nhà HXH thông P.TâyThạnh Q.TânPhú 53m2 3T 3PN nhà mới giá chỉ 5tỷxx,Bán nhà HXH thông P.TâyThạnh Q.TânPhú 53m2 3T 3PN nhà mới giá chỉ 5tỷxx,Bán nhà HXH thông Phường TâyThạnh Quận TânPhú 53m2 3T 3PN nhà mới giá chỉ 5tỷxx,3T 3Pn,,Tân Phú,Hồ Chí Minh,title,consistent,full_address,success,
146407,https://batdongsan.vn/ban-nha-ngay-himlam-ke-benh-vien-tan-hung-quan-7-hxh-dt-160m2-chi-9-ty-r146407,"Quận 7, Hồ Chí Minh","BÁN NHÀ NGAY HIMLAM, KÊ BỆNH VIỆN TÂN HƯNG QUẬN 7, HXH, DT 160M2, CHỈ 9 TỶ","BÁN NHÀ NGAY HIMLAM, KÊ BỆNH VIỆN TÂN HƯNG QUẬN 7, HXH, DT 160M2, CHỈ 9 TỶ","BÁN NHÀ NGAY HIMLAM, KÊ BỆNH VIỆN TÂN HƯNG QUẬN 7, HXH","Bán Nhà Ngay Himlam, Kê Bệnh Viện Tân Hưng Quận",,Quận 7,Hồ Chí Minh,description,consistent,alley_or_lane,success,
185763,https://batdongsan.vn/ban-nha-hem-xe-tai-khuong-viet-phu-trung-tan-phu-gan-q11-96m2-4-tang-gia-chi-123-r185763,"Tân Phú, Hồ Chí Minh","BÁN NHÀ HẺM XE TẢI – KHUÔNG VIỆT, PHÚ TRUNG, TÂN PHÚ – GẦN Q11 – 96M² – 4 TẦNG – GIÁ CHỈ 12.3",HẺM XE TẢI – KHUÔNG VIỆT,HẺM XE TẢI – KHUÔNG VIỆT,Bán Nhà Hẻm Xe Tải,,Tân Phú,Hồ Chí Minh,title,consistent,alley_or_lane,success,
108777,https://batdongsan.vn/bao-gia-cua-thep-chong-chay-dat-chuan-ei-60p-90p-120p-r278971,"Thủ Đức, Hồ Chí Minh",Báo giá cửa thép chống cháy đạt chuẩn | EI 60p 90p 120p,Báo giá cửa thép chống cháy đạt chuẩn | EI 60p 90p 120p,Báo giá cửa thép chống cháy đạt chuẩn | EI 60p 90p 120p,,,Thủ Đức,Hồ Chí Minh,title,consistent,unclear,success,
192678,https://batdongsan.vn/ban-nha-mat-tien-hiep-thanh-17-quan-12-10x40m-thu-nhap-50trth-r192678,"Quận 12, Hồ Chí Minh",🔥 BÁN NHÀ MẶT TIỀN HIỆP THÀNH 17 – QUẬN 12 🔥 10x40m THU NHẬP 50TR/TH,"Mặt tiền đường Hiệp Thành 17, khu","Mặt tiền đường Hiệp Thành 17, khu",Mặt Tiền Đường Hiệp Thành 17,,Quận 12,Hồ Chí Minh,dedicated_address,consistent,street_only,success,
147721,https://batdongsan.vn/quan-5-khu-kinh-doanh-mua-ban-dong-duc-phu-tung-xe41x18-pham-huu-chi-xiu-19ty-r147721,"Quận 5, Hồ Chí Minh","* QUẬN 5 _Khu Kinh Doanh Mua Bán Đông Đúc Phụ Tùng Xe(4.1x18 )Phạm Hữu Chí, Xíu 19Tỷ","Nằm đoạn giữa Dương Tử Giang và Đỗ Ngọc Thạnh kinh doanh sầm uất,",Nằm đoạn giữa Dương Tử Giang và Đỗ Ngọc Thạnh kinh doanh sầm uất,,,Quận 5,Hồ Chí Minh,dedicated_address,consistent,unclear,success,
142274,https://batdongsan.vn/ban-nha-chinh-chu-cao-lo-quan-8-tphcm-r142274,"Quận 8, Hồ Chí Minh","BÁN NHÀ CHÍNH CHỦ - CAO LỖ, QUẬN 8, TP.HCM","Cao Lỗ, Quận 8, TP","Cao Lỗ, Quận 8, TP","Cao Lỗ, Quận",,Quận 8,Hồ Chí Minh,dedicated_address,consistent,street_only,success,
177952,https://batdongsan.vn/ban-nha-duong-ba-trac-quan-8-r177952,"Quận 8, Hồ Chí Minh",Bán nhà Dương Bá Trạc – Quận 8,Bán nhà Dương Bá Trạc – Quận 8,Bán nhà Dương Bá Trạc – Quận 8,,,Quận 8 Quận 8,Hồ Chí Minh,description,consistent,unclear,success,
95623,https://batdongsan.vn/ban-nha-1tret-2lau-hem-xe-hoi-p-linh-tay-thu-duc-dt-131-m2-gia-12-ty-r265798,"Thủ Đức, Hồ Chí Minh","Bán nhà 1Trệt 2Lầu, hẻm xe hơi, P. Linh Tây Thủ Đức, dt 131 m2 giá 12 tỷ","Cách đường chính số 9 100m, khoảng 700m là ra Phạm Văn Đồng, Kha Vạn Cân","Cách đường chính số 9 100m, khoảng 700m là ra Phạm Văn Đồng, Kha Vạn Cân",Đường Chính Số 9 100M,P. Linh Tây Thủ Đức,Thủ Đức,Hồ Chí Minh,dedicated_address,consistent,street_and_ward,success,
166668,https://batdongsan.vn/vi-tri-dep-tai-duong-nguyen-duy-cung-phuong-12-quan-go-vap-r166668,"Gò Vấp, Hồ Chí Minh","vị trí đẹp tại đường Nguyễn Duy Cung, phường 12, quận Gò Vấp.","đường Nguyễn Duy Cung, phường 12, quận Gò Vấp.","đường Nguyễn Duy Cung, phường 12, quận Gò Vấp.",Đường Nguyễn Duy Cung,Phường 12,Quận Gò Vấp,Hồ Chí Minh,title,consistent,street_and_ward,success,
171946,https://batdongsan.vn/nguyen-hong-dao-khu-bau-cat-hem-4m-xe-hoi-thong-3-tang-btct-chi-5x-ty-r171946,"Tân Bình, Hồ Chí Minh",NGUYỄN HỒNG ĐÀO – KHU BÀU CÁT – HẺM 4M XE HƠI THÔNG – 3 TẦNG BTCT – CHỈ 5.X TỶ,HẺM 4M XE HƠI THÔNG – 3 TẦNG BTCT – CHỈ 5.X TỶ,HẺM 4M XE HƠI THÔNG – 3 TẦNG BTCT – CHỈ 5.X TỶ,Nguyễn Hồng Đào,,Tân Bình,Hồ Chí Minh,title,consistent,alley_or_lane,success,
183384,https://batdongsan.vn/nha-2-lau-hem-xe-hoi-ngo-chi-quoc-binh-chieu-thu-duc-r183384,"Thủ Đức, Hồ Chí Minh","🔥 NHÀ 2 LẦU – HẺM XE HƠI NGÔ CHÍ QUỐC, BÌNH CHIỂU, THỦ ĐỨC 🔥",HẺM XE HƠI NGÔ CHÍ QUỐC,HẺM XE HƠI NGÔ CHÍ QUỐC,Hẻm Xe Hơi Ngô Chí Quốc,,Thủ Đức,Hồ Chí Minh,title,consistent,alley_or_lane,success,
166580,https://batdongsan.vn/ban-nha-72m2-4-tang-4pn-linh-trung-thu-duc-735-ty-r166580,"Thủ Đức, Hồ Chí Minh","Bán nhà 72m², 4 tầng, 4PN, Linh Trung, Thủ Đức, 7.35  tỷ","Bán nhà 72m², 4 tầng, 4PN, Linh Trung, Thủ Đức, 7.35  tỷ","Bán nhà 72m², 4 tầng, 4PN, Linh Trung, Thủ Đức, 7.35 tỷ",,,Thủ Đức,Hồ Chí Minh,title,consistent,unclear,success,
94061,https://batdongsan.vn/ban-nha-4-tang-mat-tien-6m-duong-vinh-vien-quan-10-gia-36-ty-0902934079-r264236,"Quận 10, Hồ Chí Minh","Bán Nhà 4 Tầng – Mặt Tiền 6m Đường Vĩnh Viễn Quận 10, Giá: 3.6 Tỷ - 0902934079",Mặt Tiền 6m Đường Vĩnh Viễn Quận 10,Mặt Tiền 6m Đường Vĩnh Viễn Quận 10,Mặt Tiền 6M Đường Vĩnh Viễn,,Quận 10,Hồ Chí Minh,title,consistent,house_number_and_street,success,
189865,https://batdongsan.vn/ban-nha-rieng-chinh-chu-tran-dinh-xu-quan-1-gia-225-ty-r189865,"Quận 1, Hồ Chí Minh","Bán Nhà Riêng Chính Chủ  TRẦN ĐÌNH XU, QUẬN 1 – GIÁ 2.25 TỶ","Bán Nhà Riêng Chính Chủ  TRẦN ĐÌNH XU, QUẬN 1 – GIÁ 2.25 TỶ","Bán Nhà Riêng Chính Chủ TRẦN ĐÌNH XU, QUẬN 1 – GIÁ 2.25 TỶ","Trần Đình Xu, Quận",,Quận 1,Hồ Chí Minh,description,consistent,street_only,success,
96340,https://batdongsan.vn/ban-nha-dep-huynh-khuong-an-go-vap-4-tang-btct-moi-gia-chi-57-ty-r266517,"Gò Vấp, Hồ Chí Minh","Bán nhà đẹp Huỳnh Khương An Gò Vấp, 4 tâng BTCT mới giá chỉ 5,7 tỷ.","Bán nhà đẹp Huỳnh Khương An Gò Vấp, 4 tâng BTCT mới giá chỉ 5,7 tỷ.","Bán nhà đẹp Huỳnh Khương An Gò Vấp, 4 tâng BTCT mới giá chỉ 5,7 tỷ.",,,Gò Vấp,Hồ Chí Minh,title,consistent,unclear,success,
182508,https://batdongsan.vn/ban-dat-tang-nha-c4-741m2-ngang-462m-hxt-dau-cua-tsn-tp-r182508,"Tân Phú, Hồ Chí Minh","BÁN ĐẤT TẶNG NHÀ C4 74.1m2 NGANG 4.62m HXT ĐẬU CỬA TSN, TP","BÁN ĐẤT TẶNG NHÀ C4 74.1m2 NGANG 4.62m HXT ĐẬU CỬA TSN, TP","BÁN ĐẤT TẶNG NHÀ C4 74.1m2 NGANG 4.62m HXT ĐẬU CỬA TSN, TP",Bán Đất Tặng Nhà C4,,Tân Phú,Hồ Chí Minh,title,consistent,street_only,success,
156507,https://batdongsan.vn/ban-nha-dien-bien-phu-quan-3-hem-rong-4m-gia-385-ty-r156507,"Quận 3, Hồ Chí Minh","Bán nhà Điện Biên Phủ, Quận 3, hẻm rộng 4m, Giá 3.85 tỷ",hẻm 4 m,hẻm 4 m,Hẻm 4 M Bán Nhà Điện Biên Phủ,,Quận 3,Hồ Chí Minh,dedicated_address,consistent,alley_or_lane,success,
154215,https://batdongsan.vn/c132-ban-dat-mat-tien-nguyen-thi-thap-quan-7-kinh-doanh-dinh-gia-chi-27-ty-r154215,"Quận 7, Hồ Chí Minh",C132 🔥 BÁN ĐẤT MẶT TIỀN NGUYỄN THỊ THẬP - QUẬN 7 - KINH DOANH ĐỈNH - GIÁ CHỈ 27 TỶ 🔥,MẶT TIỀN NGUYỄN THỊ THẬP - QUẬN 7 - KINH DOANH ĐỈNH - GIÁ CHỈ 27 TỶ 🔥,MẶT TIỀN NGUYỄN THỊ THẬP - QUẬN 7 - KINH DOANH ĐỈNH - GIÁ CHỈ 27 TỶ 🔥,Mặt Tiền Nguyễn Thị Thập,,Quận 7,Hồ Chí Minh,title,consistent,street_only,success,
175434,https://batdongsan.vn/ban-nha-hxh-quay-dau-cach-mang-thang-8-p15-q10-103m2-5-tang-ngang-61m-r175434,"Quận 10, Hồ Chí Minh","Bán nhà HXH quay đầu Cách Mạng Tháng 8, P15. Q10, 103m2, 5 tầng, ngang 6,1m","Bán nhà HXH quay đầu Cách Mạng Tháng 8, P15. Q10, 103m2, 5 tầng, ngang 6,1m","Bán nhà HXH quay đầu Cách Mạng Tháng 8, P15. Q10, 103m2, 5 tầng, ngang 6,1m","P15. Q10,",,Quận 10,Hồ Chí Minh,title,consistent,alley_or_lane,success,
86722,https://batdongsan.vn/ngang-85m-ban-nha-hem-496-duong-quang-ham-210m2-chi-12-ty-tl-r256890,"Gò Vấp, Hồ Chí Minh","NGANG 8.5M, Bán nhà hẻm 496 Dương Quảng Hàm, 210M2, chỉ 12 tỷ TL",hẻm 496 Dương Quảng Hàm,hẻm 496 Dương Quảng Hàm,Hẻm 496 Dương Quảng Hàm Ngang 8,,Gò Vấp,Hồ Chí Minh,title,consistent,alley_or_lane,success,
125383,https://batdongsan.vn/hem-nhua-8m-otnn-quan-10-khu-bac-hai-cu-xa-tu-do-cv-le-thi-rieng-4-lau-nha-dep-o-r125383,"Quận 10, Hồ Chí Minh",HẺM NHỰA 8M- ÔTNN -  QUẬN 10 - KHU BẮC HẢI - CƯ XÁ TỰ DO - CV LÊ THỊ RIÊNG - 4 LẦU NHÀ ĐẸP - Ở,HẺM NHỰA 8M- ÔTNN -  QUẬN 10 - KHU BẮC HẢI - CƯ XÁ TỰ DO - CV LÊ THỊ RIÊNG - 4 LẦU NHÀ ĐẸP - Ở,HẺM NHỰA 8M- ÔTNN - QUẬN 10 - KHU BẮC HẢI - CƯ XÁ TỰ DO - CV LÊ THỊ RIÊNG - 4 LẦU NHÀ ĐẸP - Ở,Hẻm Nhựa 8M,,Quận 10,Hồ Chí Minh,title,consistent,alley_or_lane,success,
92268,https://batdongsan.vn/can-ban-nha-duong-nguyen-van-bua-xa-pvh-gia-550tr-r262443,"Bình Chánh, Hồ Chí Minh",Cần bán nhà đường Nguyễn Văn Bứa xã PVH giá 550tr,đường Nguyễn Văn Bứa xã PVH giá 550tr,đường Nguyễn Văn Bứa xã PVH giá 550tr,Đường Nguyễn Văn Bứa,Xã Pvh,Bình Chánh,Hồ Chí Minh,title,consistent,street_and_ward,success,
177465,https://batdongsan.vn/hxh-thoai-ngoc-hau-tan-phu-gan-ubnd-quan-53x16m-3t-4pn-chi-6-ty-r177465,"Tân Phú, Hồ Chí Minh","HXH Thoại Ngọc Hầu, Tân Phú gần UBND Quận, 5.3x16m, 3T, 4PN chỉ 6 tỷ...","HXH Thoại Ngọc Hầu, Tân Phú gần UBND Quận, 5.3x16m, 3T, 4PN chỉ 6 tỷ...","HXH Thoại Ngọc Hầu, Tân Phú gần UBND Quận, 5.3x16m, 3T, 4PN chỉ 6 tỷ...","3T, 4Pn",,Tân Phú,Hồ Chí Minh,description,consistent,alley_or_lane,success,
185089,https://batdongsan.vn/ban-nha-dep-duong-quang-ham-p6-go-vap-5-tang-gara-thang-may-54m2-92-ty-tl-r185089,"Gò Vấp, Hồ Chí Minh","BÁN NHÀ ĐẸP DƯƠNG QUẢNG HÀM P6 GÒ VẤP,  5 TẦNG GARA THANG MÁY,  54M2, 9.2 TỶ TL","BÁN NHÀ ĐẸP DƯƠNG QUẢNG HÀM P6 GÒ VẤP,  5 TẦNG GARA THANG MÁY,  54M2, 9.2 TỶ TL","BÁN NHÀ ĐẸP DƯƠNG QUẢNG HÀM P6 GÒ VẤP, 5 TẦNG GARA THANG MÁY, 54M2, 9.2 TỶ TL","Bán Nhà Đẹp Dương Quảng Hàm P6 Gò Vấp,",,Gò Vấp,Hồ Chí Minh,title,consistent,street_only,success,
105063,https://batdongsan.vn/ban-can-nha-tam-huyet-dinh-phong-phu-899-ty-phuong-tang-nhon-phu-b-quan-9-r275257,"Quận 9, Hồ Chí Minh","bán căn nhà tâm huyết Đình Phong Phú, 8.99 tỷ, phường Tăng Nhơn Phú B Quận 9","bán căn nhà tâm huyết Đình Phong Phú, 8.99 tỷ, phường Tăng Nhơn Phú B Quận 9","bán căn nhà tâm huyết Đình Phong Phú, 8.99 tỷ, phường Tăng Nhơn Phú B Quận 9",,Phường Tăng Nhơn Phú B,Quận 9,Hồ Chí Minh,description,consistent,unclear,success,
148336,https://batdongsan.vn/ban-nha-mt-kd-duong-so-6-bhhb-binh-tan-97m2-3-tang-dep-lung-linh-gia-re-r148336,"Bình Tân, Hồ Chí Minh","Bán nhà MT KD Đường số 6, BHHB, Bình Tân, 97m2, 3 tầng, đẹp lung linh, giá rẻ","Đường thông tứ tung ra đường Liên Khu 5-6, Liên Khu 4-5","Đường thông tứ tung ra đường Liên Khu 5-6, Liên Khu 4-5",Mt Kd,,Bình Tân,Hồ Chí Minh,dedicated_address,consistent,street_only,success,
145677,https://batdongsan.vn/nha-ban-view-cau-quan-1-mat-tien-duong-hoang-dieu-vi-tri-kinh-doanh-sam-uat-r145677,"Quận 4, Hồ Chí Minh",NHÀ BÁN VIEW CẦU QUẬN 1- MẶT TIỀN ĐƯỜNG HOÀNG DIỆU- VỊ TRÍ KINH DOANH SẦM UÁT.,MẶT TIỀN ĐƯỜNG HOÀNG DIỆU- VỊ TRÍ KINH DOANH SẦM UÁT.,MẶT TIỀN ĐƯỜNG HOÀNG DIỆU- VỊ TRÍ KINH DOANH SẦM UÁT.,Mặt Tiền Đường Hoàng Diệu,,Quận 1,Hồ Chí Minh,title,partially_consistent,street_only,success,
140145,https://batdongsan.vn/ban-nhanh-toa-nha-dep-chdv-moi-100-sieu-vi-tri-khu-vuc-trung-tam-quan-10-r140145,"Quận 10, Hồ Chí Minh",*** BÁN NHANH -Toà nhà đẹp CHDV mới 100% - siêu vị trí khu vực trung tâm Quận 10,"5XX Sư Vạn Hạnh, Phường 10, Quận 10","5XX Sư Vạn Hạnh, Phường 10, Quận 10",Bán Nhanh,Phường 10,Quận 10 Quận 10,Hồ Chí Minh,dedicated_address,consistent,street_and_ward,success,
111542,https://batdongsan.vn/ban-nha-quan-10-duoi-8-ty-duong-to-hien-thanh-4-tang-3x11m-5-ty-6-r281736,"Quận 10, Hồ Chí Minh","BÁN NHÀ QUẬN 10 dưới 8 tỷ, ĐƯỜNG TÔ HIẾN THÀNH, 4 TẦNG, 3X11m, 5 tỷ 6","Nằm ngay trung tâm Sài Gòn, gần Chợ, Trường học các cấp, Uỷ ban nhân dân Quận Hẻm trước nhà 3m, cách 3 căn ra hẻm xe hơi, cách mặt tiền 50m","Nằm ngay trung tâm Sài Gòn, gần Chợ, Trường học các cấp, Uỷ ban nhân dân Quận Hẻm trước nhà 3m, cách 3 căn ra hẻm xe hơi, cách mặt tiền 50m",Hẻm Trước Nhà 3M,,Quận 10,Hồ Chí Minh,dedicated_address,consistent,alley_or_lane,success,
144485,https://batdongsan.vn/san-pham-gia-re-nhat-khu-vuc-hbc-sau-gigamall-chi-50trm2-ful-tho-r144485,"Thủ Đức, Hồ Chí Minh",Sản Phảm Giá Rẻ Nhất Khu Vực HBC Sau Gigamall Chỉ 50tr/m2 Ful Thổ,"Đường số 22, Phường Hiệp Bình Chánh, TP Thủ Đức","Đường số 22, Phường Hiệp Bình Chánh, TP Thủ Đức",Đường Số 22,Phường Hiệp Bình Chánh,Thủ Đức,Hồ Chí Minh,dedicated_address,consistent,street_and_ward,success,
162255,https://batdongsan.vn/ban-nha-mat-tien-nguyen-trong-tuyen-nguyen-van-troi-41x18m-2-tang-hdt-22tr-145-ty-r162255,"Phú Nhuận, Hồ Chí Minh","Bán nhà Mặt tiền Nguyễn Trọng Tuyển - Nguyễn Văn Trỗi, 4,1x18m, 2 Tầng, HĐT 22tr, 14,5 tỷ.",Mặt tiền Nguyễn Trọng Tuyển - Nguyễn Văn Trỗi,Mặt tiền Nguyễn Trọng Tuyển - Nguyễn Văn Trỗi,Mặt Tiền Nguyễn Trọng Tuyển,,Phú Nhuận,Hồ Chí Minh,title,consistent,street_only,success,
85757,https://batdongsan.vn/ban-gap-nha-dep-363m2-18-ty-au-duong-lan-quan-8-r255925,"Quận 8, Hồ Chí Minh","BÁN GẤP NHÀ ĐẸP 36.3M2 1.8 TỶ, ÂU DƯƠNG LÂN QUẬN 8","BÁN GẤP NHÀ ĐẸP 36.3M2 1.8 TỶ, ÂU DƯƠNG LÂN QUẬN 8","BÁN GẤP NHÀ ĐẸP 36.3M2 1.8 TỶ, ÂU DƯƠNG LÂN QUẬN 8","Tỷ, Âu Dương Lân Quận",,Quận 8,Hồ Chí Minh,description,consistent,street_only,success,
95902,https://batdongsan.vn/go-vap-le-van-tho-cv-lang-hoa-nha-full-noi-that-kv-4x85m-chi-285-ty-r266077,"Gò Vấp, Hồ Chí Minh","GÒ VẤP, LÊ VĂN THỌ, CV LÀNG HOA, NHÀ FULL NỘI THẤT, KV 4x8.5m, CHỈ 2.85 TỶ","GÒ VẤP, LÊ VĂN THỌ, CV LÀNG HOA, NHÀ FULL NỘI THẤT, KV 4x8.5m, CHỈ 2.85 TỶ","GÒ VẤP, LÊ VĂN THỌ, CV LÀNG HOA, NHÀ FULL NỘI THẤT, KV 4x8.5m, CHỈ 2.85 TỶ","Gò Vấp, Lê Văn Thọ, Cv Làng Hoa, Nhà Full Nội Thất, Kv",,Gò Vấp,Hồ Chí Minh,title,consistent,street_only,success,
121503,https://batdongsan.vn/ban-nha-hoang-bat-dat-phuong-15-tan-binh-dt-51m2-5-x-103-x-2-tang-chi-403-ty-tl-r121503,"Tân Bình, Hồ Chí Minh","Bán nhà Hoàng Bật Đạt, phường 15, Tân Bình, DT 51m2 (5 x 10.3) x 2 tầng, Chỉ 4.03 tỷ TL","Bán nhà Hoàng Bật Đạt, phường 15, Tân Bình, DT 51m2 (5 x 10.3) x 2 tầng, Chỉ 4.03 tỷ TL","Bán nhà Hoàng Bật Đạt, phường 15, Tân Bình",,Phường 15,Tân Bình,Hồ Chí Minh,description,consistent,unclear,success,
84550,https://batdongsan.vn/ban-gap-nha-dep-363m2-17-ty-au-duong-lan-quan-8-r254712,"Quận 8, Hồ Chí Minh","BÁN GẤP NHÀ ĐẸP 36.3M2 1.7 TỶ, ÂU DƯƠNG LÂN QUẬN 8","BÁN GẤP NHÀ ĐẸP 36.3M2 1.7 TỶ, ÂU DƯƠNG LÂN QUẬN 8","BÁN GẤP NHÀ ĐẸP 36.3M2 1.7 TỶ, ÂU DƯƠNG LÂN QUẬN 8","Tỷ, Âu Dương Lân Quận",,Quận 8,Hồ Chí Minh,description,consistent,street_only,success,
166532,https://batdongsan.vn/nha-74m2-gan-le-duc-tho-le-van-tho-pham-van-chieu-quan-go-vap-r166532,"Gò Vấp, Hồ Chí Minh","NHÀ 74M2  GẦN LÊ ĐỨC THỌ, LÊ VAN THỌ, PHẠM VAN CHIÊU , QUẬN GÒ VẤP.","NHÀ 74M2  GẦN LÊ ĐỨC THỌ, LÊ VAN THỌ, PHẠM VAN CHIÊU , QUẬN GÒ VẤP.","NHÀ 74M2 GẦN LÊ ĐỨC THỌ, LÊ VAN THỌ, PHẠM VAN CHIÊU , QUẬN GÒ VẤP.","Nhà 74M2 Gần Lê Đức Thọ, Lê Van Thọ, Phạm Van Chiêu",,Quận Gò Vấp,Hồ Chí Minh,description,consistent,street_only,success,
152378,https://batdongsan.vn/nha-moi-4-tang-10pn-5x20-kdc-nam-long-ha-huy-giap-q12-gia-88-ty-r152378,"Quận 12, Hồ Chí Minh","NHÀ MỚI 4 TẦNG, 10PN (5x20) KDC NAM LONG HÀ HUY GIÁP, Q12 GIÁ 8.8 TỶ","NHÀ MỚI 4 TẦNG, 10PN (5x20) KDC NAM LONG HÀ HUY GIÁP, Q12 GIÁ 8.8 TỶ","NHÀ MỚI 4 TẦNG, 10PN (5x20) KDC NAM LONG HÀ HUY GIÁP, Q12 GIÁ 8.8 TỶ",Nhà Mới,,Quận 12,Hồ Chí Minh,title,consistent,project_or_residential_area,success,
105913,https://batdongsan.vn/nha-dep-hem-o-to-5m-5-phut-toi-cv-phu-lam-200m-ra-tinh-lo-10-r276107,"Bình Tân, Hồ Chí Minh","Nhà Đẹp , Hẻm ô tô 5m , 5 Phút tới CV Phú Lâm - 200m Ra Tỉnh Lộ 10",Hẻm ô tô 5m,Hẻm ô tô 5m,Hẻm Ô Tô 5M Nhà Đẹp,,Bình Tân,Hồ Chí Minh,title,consistent,alley_or_lane,success,
87836,https://batdongsan.vn/can-ban-gap-can-nha-quan-binh-tan-gia-tot-nhat-thi-truong-r258005,"Bình Tân, Hồ Chí Minh","CẦN BÁN GẤP CĂN NHÀ - QUẬN BÌNH TÂN, GIÁ TỐT NHẤT THỊ TRƯỜNG","21/4/16 đường số 14, khu phố 12, phường Bình Hưng Hòa A, quận Bình Tân, Thành phố Hồ Chí Minh","21/4/16 đường số 14, khu phố 12, phường Bình Hưng Hòa A, quận Bình Tân, Thành phố Hồ Chí Minh",Đường Số 14,Phường Bình Hưng Hòa A,Quận Bình Tân,Hồ Chí Minh,dedicated_address,consistent,full_address,success,
100842,https://batdongsan.vn/ban-gap-nha-q1-ngay-ham-nghi-nhinh-5-ty-r271025,"Quận 1, Hồ Chí Minh",Bán gấp Nhà Q1 ngay hàm nghi nhỉnh 5 tỷ,Bán gấp Nhà Q1 ngay hàm nghi nhỉnh 5 tỷ,Bán gấp Nhà Q1 ngay hàm nghi nhỉnh 5 tỷ,,,Quận 1,Hồ Chí Minh,title,consistent,landmark_only,success,
85158,https://batdongsan.vn/giam-500tr-tang-noi-that-3-tang-quan-3-dtsd-51m2-nhinh-3-ty-cong-chung-1p30s-r255323,"Quận 3, Hồ Chí Minh","Giảm 500tr, Tặng Nội Thất, 3 Tầng Quận 3, DTSD 51m2 nhỉnh 3 tỷ, Công Chứng 1p30s","Giảm 500tr, Tặng Nội Thất, 3 Tầng Quận 3, DTSD 51m2 nhỉnh 3 tỷ, Công Chứng 1p30s","Giảm 500tr, Tặng Nội Thất, 3 Tầng Quận 3, DTSD 51m2 nhỉnh 3 tỷ, Công Chứng 1p30s",,,Quận 3,Hồ Chí Minh,title,consistent,unclear,success,
177284,https://batdongsan.vn/ban-gap-nha-hem-xe-hoi-tt-nha-be-170m2-nhinh-6-ty-r177284,"Nhà Bè, Hồ Chí Minh",BÁN GẤP-NHÀ HẺM XE HƠI- TT NHÀ BÈ-170M2- NHỈNH 6 TỶ,HẺM XE HƠI- TT NHÀ BÈ-170M2- NHỈNH 6 TỶ,HẺM XE HƠI- TT NHÀ BÈ-170M2- NHỈNH 6 TỶ,Hẻm Xe Hơi,,Nhà Bè,Hồ Chí Minh,title,consistent,alley_or_lane,success,
133649,https://batdongsan.vn/hem-6m-1-truc-gan-mat-tien-le-van-tho-90m2-dong-tien-60trthang-chi-hon-8-ty-r133649,"Gò Vấp, Hồ Chí Minh",HẺM 6M 1 TRỤC GẦN MẶT TIỀN LÊ VĂN THỌ 90M2 DÒNG TIỀN 60TR/THÁNG CHỈ HƠN 8 TỶ,"hẻm nhựa 6M 1 trục thẳng tắp gần mặt tiền đường, cách công viên Làng Hoa 300m, ra sân bay chỉ 15p","hẻm nhựa 6M 1 trục thẳng tắp gần mặt tiền đường, cách công viên Làng Hoa 300m, ra sân bay chỉ 15p",Hẻm 6M,,Gò Vấp,Hồ Chí Minh,dedicated_address,consistent,alley_or_lane,success,
119249,https://batdongsan.vn/tan-binh-hiem-co-kho-tim-nha-hai-mat-tien-kinh-doanh-dinh-cho-hoang-hoa-tham-p13-tan-binh-r119249,"Tân Bình, Hồ Chí Minh","[TÂN BÌNH] HIẾM CÓ KHÓ TÌM, NHÀ HAI MẶT TIỀN KINH DOANH ĐỈNH CHỢ HOÀNG HOA THÁM P.13 TÂN BÌNH,",MẶT TIỀN KINH DOANH ĐỈNH CHỢ HOÀNG HOA THÁM P.13 TÂN BÌNH,MẶT TIỀN KINH DOANH ĐỈNH CHỢ HOÀNG HOA THÁM Phường 13 TÂN BÌNH,,,Tân Bình,Hồ Chí Minh,title,consistent,unclear,success,
107322,https://batdongsan.vn/nha-rong-3-tang-hem-o-to-do-cua-gan-chung-cu-son-ky-38-ty-r277516,"Tân Phú, Hồ Chí Minh","Nhà rộng 3 tầng, hẻm ô tô đỗ cửa. Gần chung cư Sơn Kỳ, 3.8 tỷ",hẻm ô tô đỗ cửa. Gần chung cư Sơn Kỳ,hẻm ô tô đỗ cửa. Gần chung cư Sơn Kỳ,Hẻm Ô Tô Đỗ Cửa,,Tân Phú,Hồ Chí Minh,title,consistent,project_or_residential_area,success,
111163,https://batdongsan.vn/can-duy-nhat-mat-tien-nguyen-binh-khiem-p-dakao-quan-1-dt-8-x-20m-ctxd-1-ham-7-tang-44-ty-r281357,"Quận 1, Hồ Chí Minh","Căn duy nhất. Mặt tiền Nguyễn Bỉnh Khiêm, P. ĐaKao, Quận 1. DT: 8 x 20m. CTXD: 1 hầm 7 tầng. 44 tỷ","Mặt tiền Nguyễn Bỉnh Khiêm, P. ĐaKao, Quận 1. DT","Mặt tiền Nguyễn Bỉnh Khiêm, Phường ĐaKao, Quận 1. DT",Mặt Tiền Nguyễn Bỉnh Khiêm,P. Đakao,Quận 1,Hồ Chí Minh,title,consistent,street_and_ward,success,
93492,https://batdongsan.vn/0703903486-r263667,"Bình Thạnh, Hồ Chí Minh",0703903486,Hẻm xe hơi 8m đường Nguyễn Cửu Vân P17 quận Bình thạnh,Hẻm xe hơi 8m đường Nguyễn Cửu Vân P17 quận Bình thạnh,,,Bình Thạnh,Hồ Chí Minh,dedicated_address,consistent,alley_or_lane,success,
164233,https://batdongsan.vn/ban-nha-rieng-cn-44m2-hem-xe-hoi-thong-duong-tran-van-on-tan-phu-r164233,"Tân Phú, Hồ Chí Minh","Bán nhà riêng CN 44m2, Hẻm xe hơi thông Đường Trần Văn Ơn, Tân Phú","Đường Trần Văn Ơn, Phường Tân Sơn Nhì, Quận Tân Phú","Đường Trần Văn Ơn, Phường Tân Sơn Nhì, Quận Tân Phú",Đường Trần Văn Ơn,Phường Tân Sơn Nhì,Tân Phú,Hồ Chí Minh,dedicated_address,consistent,street_and_ward,success,
120716,https://batdongsan.vn/nha-moi-37m2-chi-3ty850-3pn-3wc-pham-van-donggo-vap-r120716,"Gò Vấp, Hồ Chí Minh","Nhà mới 37m2 chỉ 3ty850 - 3pn 3wc, Phạm Văn Đồng,Gò Vấp","Nằm gần Trường học các cấp, gần chợ, Bệnh viện, Uỷ Ban Quận","Nằm gần Trường học các cấp, gần chợ, Bệnh viện, Uỷ Ban Quận",,,Gò Vấp,Hồ Chí Minh,dedicated_address,consistent,landmark_only,success,
91632,https://batdongsan.vn/ban-nha-3-tang-btct-hxh-khu-pho-am-thuc-van-kiep-binh-thanh-r261806,"Bình Thạnh, Hồ Chí Minh","Bán nhà 3 tầng BTCT, HXH khu phố ẩm thực Vạn Kiếp, Bình Thạnh","Vạn Kiếp , phường 3, Bình Thạnh, ( 3,3x5,3m) giá 3,9 tỷ còn thương lượng với chủ","Vạn Kiếp , phường 3, Bình Thạnh, ( 3,3x5,3m) giá 3,9 tỷ còn thương lượng với chủ",Phố Ẩm Thực Vạn Kiếp,Phường 3,Bình Thạnh,Hồ Chí Minh,dedicated_address,consistent,street_and_ward,success,
181425,https://batdongsan.vn/nha-pho-thang-may-dang-cap-4-tang-full-noi-that-ngay-nga-tu-ga-quan-12-r181425,"Quận 12, Hồ Chí Minh",NHÀ PHỐ THANG MÁY - ĐẲNG CẤP - 4 TẦNG - FULL NỘI THẤT NGAY NGÃ TƯ GA - QUẬN 12,PHỐ THANG MÁY - ĐẲNG CẤP - 4 TẦNG - FULL NỘI THẤT NGAY NGÃ TƯ GA - QUẬN 12,PHỐ THANG MÁY - ĐẲNG CẤP - 4 TẦNG - FULL NỘI THẤT NGAY NGÃ TƯ GA - QUẬN 12,Phố Thang Máy,,Quận 12,Hồ Chí Minh,title,consistent,street_only,success,
196051,https://batdongsan.vn/chinh-chu-can-sang-mat-bang-sang-tiem-dien-thoai-cho-dai-hai-hoc-mon-tphcm-r196051,"Hóc Môn, Hồ Chí Minh",CHÍNH CHỦ CẦN SANG MẶT BẰNG / SANG TIỆM ĐIỆN THOẠI – CHỢ ĐẠI HẢI - HÓC MÔN - TPHCM,"Chợ Đại Hải – Đường Phan Văn Hớn, Xã Xuân Thới Thượng, Huyện Hóc Môn","Chợ Đại Hải – Đường Phan Văn Hớn, Xã Xuân Thới Thượng, Huyện Hóc Môn",Đường Phan Văn Hớn,Xã Xuân Thới Thượng,Hóc Môn,Hồ Chí Minh,dedicated_address,consistent,street_and_ward,success,
105045,https://batdongsan.vn/ban-can-nha-dang-cho-thue-thu-nhap-75-trieu-thang-tpthu-duc-r275239,"Quận 9, Hồ Chí Minh","bán căn nhà đang cho thuê Thu nhập 75 triệu / tháng . TP,Thủ Đức","bán căn nhà đang cho thuê Thu nhập 75 triệu / tháng . TP,Thủ Đức","bán căn nhà đang cho thuê Thu nhập 75 triệu / tháng . TP,Thủ Đức",,,Quận 9,Hồ Chí Minh,title,consistent,unclear,success,
176540,https://batdongsan.vn/building-mat-tien-vo-tan-tan-p6-quan-3-tai-san-dang-cap-cho-nha-dau-tu-r176540,"Quận 3, Hồ Chí Minh","Building mặt tiền Võ Tần Tần, P.6, Quận 3 – Tài sản đẳng cấp cho nhà đầu tư",mặt tiền Võ Tần Tần,mặt tiền Võ Tần Tần,,,Quận 3,Hồ Chí Minh,title,consistent,unclear,success,
122416,https://batdongsan.vn/ban-nha-quan-7duong-nguyen-van-quyhem-thong1-tang3-phong-ngugia-55-ty-r122416,"Quận 7, Hồ Chí Minh","BÁN NHÀ QUẬN 7,ĐƯỜNG NGUYỄN VĂN QUỲ,HẺM THÔNG,1 TẦNG,3 PHÒNG NGỦ,GIÁ 5.5 TỶ",ĐƯỜNG NGUYỄN VĂN QUỲ,ĐƯỜNG NGUYỄN VĂN QUỲ,Đường Nguyễn Văn Quỳ Bán Nhà,,Quận 7,Hồ Chí Minh,title,consistent,street_only,success,
185030,https://batdongsan.vn/ban-nha-3-tang-nghia-phat-vuong-vuc-hem-3m-hon-2-ty-r185030,"Tân Bình, Hồ Chí Minh","Bán nhà 3 tầng Nghĩa Phát, vuông vức hẻm 3m, hơn 2 tỷ",hẻm 3m,hẻm 3m,Hẻm 3M Bán Nhà 3 Tầng Nghĩa Phát,,Tân Bình,Hồ Chí Minh,title,consistent,alley_or_lane,success,
187821,https://batdongsan.vn/ban-nha-3-tang-gan-mat-tien-pham-the-hien-p5-q8-r187821,"Quận 8, Hồ Chí Minh",Bán nhà 3 tầng gần mặt tiền Phạm Thế Hiển P5 Q8,"Hẻm trước nhà 3m, cách Phạm Thế Hiển 20m, cách Bông Sao 30m","Hẻm trước nhà 3m, cách Phạm Thế Hiển 20m, cách Bông Sao 30m",Hẻm Trước Nhà 3M,,Quận 8,Hồ Chí Minh,dedicated_address,consistent,alley_or_lane,success,
120819,https://batdongsan.vn/cuc-ngon-nha-moi-nguyen-van-nghi-p7-go-vap-2-tang-r120819,"Gò Vấp, Hồ Chí Minh",CỰC NGON NHÀ MỚI NGUYỄN VĂN NGHI P7 GÒ VẤP - 2 TẦNG,"Nằm trên trục đường Nguyễn Văn Nghi, giáp Bình Thạnh Phú Nhuận, cách chợ Gò Vấp và Trường Đại học Công Nghiệp 300m - cách sân bay 1km","Nằm trên trục đường Nguyễn Văn Nghi, giáp Bình Thạnh Phú Nhuận, cách chợ Gò Vấp và Trường Đại học Công Nghiệp 300m - cách sân bay 1km",Đường Nguyễn Văn Nghi,,Gò Vấp,Hồ Chí Minh,dedicated_address,consistent,street_only,success,
121772,https://batdongsan.vn/mat-tien-kinh-doanh-ngay-go-xoai-lo-tu-52m2-3-tang-4pn-gia-chi-515-ty-r121772,"Bình Tân, Hồ Chí Minh",MẶT TIỀN KINH DOANH NGAY GÒ XOÀI - LÔ TƯ - 52M2 - 3 TẦNG 4PN - GIÁ CHỈ 5.15 TỶ,MẶT TIỀN KINH DOANH NGAY GÒ XOÀI - LÔ TƯ - 52M2 - 3 TẦNG 4PN - GIÁ CHỈ 5.15 TỶ,MẶT TIỀN KINH DOANH NGAY GÒ XOÀI - LÔ TƯ - 52M2 - 3 TẦNG 4PN - GIÁ CHỈ 5.15 TỶ,Mặt Tiền Kinh Doanh Ngay Gò Xoài,,Bình Tân,Hồ Chí Minh,title,consistent,street_only,success,
134890,https://batdongsan.vn/gap-ban-can-goc-75x35-2mt-duong-thi-muoi-q12-gia-16-ty-gan-bv-quan-12-r134890,"Quận 12, Hồ Chí Minh","GẤP BÁN CĂN GÓC (7.5x35) 2MT DƯƠNG THỊ MƯỜI, Q12 GIÁ 16 TỶ (GẦN BV QUẬN 12)","GẤP BÁN CĂN GÓC (7.5x35) 2MT DƯƠNG THỊ MƯỜI, Q12 GIÁ 16 TỶ (GẦN BV QUẬN 12)","GẤP BÁN CĂN GÓC (7.5x35) 2MT DƯƠNG THỊ MƯỜI, Q12 GIÁ 16 TỶ (GẦN BV QUẬN 12)","2Mt Dương Thị Mười, Q12 Giá",,Quận 12,Hồ Chí Minh,description,consistent,street_only,success,
89162,https://batdongsan.vn/ban-biet-thu-rong-230m2-p-tan-phu-quan-9-cu-gia-125-ty-r259332,"Quận 9, Hồ Chí Minh","Bán biệt thự rộng 230m2, P. Tân Phú Quận 9 cũ , giá 12,5 tỷ","Bán biệt thự rộng 230m2, P. Tân Phú Quận 9 cũ , giá 12,5 tỷ","Bán biệt thự rộng 230m2, Phường Tân Phú Quận 9 cũ",,P. Tân Phú,Quận 9 Cũ,Hồ Chí Minh,description,consistent,unclear,success,
109943,https://batdongsan.vn/ban-nha-mat-tien-duong-so-44-tan-tao-r280137,"Bình Tân, Hồ Chí Minh",Bán nhà mặt tiền đường số 44 Tân Tạo,mặt tiền đường số 44 Tân Tạo,mặt tiền đường số 44 Tân Tạo,,,Bình Tân,Hồ Chí Minh,title,consistent,street_only,success,
93445,https://batdongsan.vn/chu-ket-von-sang-lai-can-hxh-8m-duong-nguyen-cuu-van-p17-binh-thanh-4x18m-gia-75-ty-r263620,"Bình Thạnh, Hồ Chí Minh","Chủ kẹt vốn sang lại căn HXH 8m, đường Nguyễn Cửu Vân, P17 Bình Thạnh, 4x18m giá 7,5 tỷ",Hẻm xe hơi 8m đường Nguyễn Cửu Vân P17 quận Bình thạnh,Hẻm xe hơi 8m đường Nguyễn Cửu Vân P17 quận Bình thạnh,,,Bình Thạnh,Hồ Chí Minh,dedicated_address,consistent,alley_or_lane,success,
105273,https://batdongsan.vn/ban-nha-rieng-tai-trung-my-tay-quan-12-tp-hcm-64-m2-gia-595-ty-r275467,"Quận 12, Hồ Chí Minh","Bán nhà riêng tại Trung Mỹ Tây, Quận 12, Tp HCM, 64 m2, giá 5,95 tỷ","Bán nhà riêng tại Trung Mỹ Tây, Quận 12, Tp HCM, 64 m2, giá 5,95 tỷ","Bán nhà riêng tại Trung Mỹ Tây, Quận 12, Hồ Chí Minh, 64 m2",,,Quận 12,Hồ Chí Minh,description,consistent,unclear,success,
153120,https://batdongsan.vn/ban-nha-mat-tien-hem-huynh-tan-phat-quan-7-dt-6x20m-gia-chi-nhinh-6-ty-r153120,"Quận 7, Hồ Chí Minh","Bán nhà mặt tiền hẻm Huỳnh Tấn Phát, Quận 7 – DT 6x20m, giá chỉ nhỉnh 6 tỷ","Hẻm rộng, sạch đẹp – cách mặt tiền đường Huỳnh Tấn Phát chỉ vài bước chân","Hẻm rộng, sạch đẹp – cách mặt tiền đường Huỳnh Tấn Phát chỉ vài bước chân",Hẻm Rộng,,Quận 7,Hồ Chí Minh,dedicated_address,consistent,alley_or_lane,success,
85484,https://batdongsan.vn/hem-7m-xe-hoi-ngu-trong-nha-4-tang-btct-5pn-so-vuong-a4-75m2-chi-67-ty-r255649,"Bình Tân, Hồ Chí Minh","HẺM 7M - XE HƠI NGỦ TRONG NHÀ - 4 TẦNG BTCT - 5PN - SỔ VUÔNG A4 - 75M2 - CHỈ 6,7 TỶ.",HẺM 7M - XE HƠI NGỦ TRONG NHÀ - 4 TẦNG BTCT - 5PN - SỔ VUÔNG A4 - 75M2 - CHỈ 6,HẺM 7M - XE HƠI NGỦ TRONG NHÀ - 4 TẦNG BTCT - 5PN - SỔ VUÔNG A4 - 75M2 - CHỈ 6,Hẻm 7M,,Bình Tân,Hồ Chí Minh,title,consistent,alley_or_lane,success,
180039,https://batdongsan.vn/ban-nha-mat-tien-xo-viet-nghe-tinh-ngay-ung-van-khiem-6x51m-cap-4-1-doi-chu-60-ty-r180039,"Bình Thạnh, Hồ Chí Minh","Bán nhà Mặt tiền Xô Viết Nghệ Tĩnh - ngay Ung Văn Khiêm, 6x51m, Cấp 4, 1 đời chủ, 60 tỷ.",Mặt tiền Xô Viết Nghệ Tĩnh - ngay Ung Văn Khiêm,Mặt tiền Xô Viết Nghệ Tĩnh - ngay Ung Văn Khiêm,Mặt Tiền Xô Viết Nghệ Tĩnh,,Bình Thạnh,Hồ Chí Minh,title,consistent,street_only,success,
80570,https://batdongsan.vn/hiem-mat-tien-phan-van-tri-37x18-phuong-7-go-vap-r250719,"Gò Vấp, Hồ Chí Minh",Hiếm Mặt tiền Phan Văn Trị 3.7x18 Phường 7 Gò Vấp,Mặt tiền Phan Văn Trị 3.7x18 Phường 7 Gò Vấp,Mặt tiền Phan Văn Trị 3.7x18 Phường 7 Gò Vấp,Mặt Tiền Phan Văn Trị 3,,Gò Vấp,Hồ Chí Minh,title,consistent,street_and_ward,success,
185833,https://batdongsan.vn/nha-dep-moi-xay-an-duong-vuong-p-an-lac-dt-52m2-2-lau-4pn-5wc-thang-may-gia-88-ty-r185833,"Bình Tân, Hồ Chí Minh","Nhà đẹp mới xây // An Dương Vương, p An Lạc dt 52m2 2 lầu 4pn 5wc , thang máy giá 8,8 tỷ","Nhà đẹp mới xây // An Dương Vương, p An Lạc dt 52m2 2 lầu 4pn 5wc , thang máy giá 8,8 tỷ","Nhà đẹp mới xây // An Dương Vương, p An Lạc dt 52m2 2 lầu 4pn 5wc , thang máy giá 8,8 tỷ",,,Bình Tân,Hồ Chí Minh,title,consistent,unclear,success,
110150,https://batdongsan.vn/tan-thoi-nhat-q12-ngang-7m-dai-97m-39-ty-2-tang-r280344,"Quận 12, Hồ Chí Minh","TÂN THỚI NHẤT – Q12 – NGANG 7m – DÀI 9,7m – 3,9 TỶ- 2 TẦNG","TÂN THỚI NHẤT – Q12 – NGANG 7m – DÀI 9,7m – 3,9 TỶ- 2 TẦNG","TÂN THỚI NHẤT – Q12 – NGANG 7m – DÀI 9,7m – 3,9 TỶ- 2 TẦNG",Tân Thới Nhất,,Quận 12,Hồ Chí Minh,title,consistent,street_only,success,
88759,https://batdongsan.vn/nha-6-tang-thiet-ke-penhouse-thang-may-mat-tien-kinh-doanh-tan-thoi-nhat-q-12-chi-18-ty-8-r258929,"Quận 12, Hồ Chí Minh",Nhà 6 tầng thiết kế Penhouse-Thang máy-Mặt tiền Kinh Doanh-Tân Thới Nhất-Q. 12-Chỉ 18 tỷ 8,Mặt tiền Kinh Doanh-Tân Thới Nhất-Q. 12-Chỉ 18 tỷ 8,Mặt tiền Kinh Doanh-Tân Thới Nhất-Quận 12-Chỉ 18 tỷ 8,Mặt Tiền Kinh Doanh,,Q. 12,Hồ Chí Minh,title,consistent,street_only,success,
112267,https://batdongsan.vn/ban-nha-go-vap-vi-tri-kinh-doanh-qt-phuong-11-96m2-3-tang-chi-10-ty-r282461,"Gò Vấp, Hồ Chí Minh","Bán nhà Gò Vấp, vị trí kinh doanh QT Phường 11, 96m2, 3 tầng chỉ 10 tỷ","sát chợ Hạnh Thông Tây, gần trường học các cấp, bênh viện, Ủy ban, các dịch vụ tiện ích khác","sát chợ Hạnh Thông Tây, gần trường học các cấp, bênh viện, Ủy ban, các dịch vụ tiện ích khác",,Phường 11,Gò Vấp,Hồ Chí Minh,dedicated_address,consistent,landmark_only,success,
156213,https://batdongsan.vn/ban-nha-83m2-mat-tien-hoang-xuan-hoanh-12m-q-tan-phu-79-ty-r156213,"Tân Phú, Hồ Chí Minh","Bán Nhà 83m² Mặt tiền Hoàng Xuân Hoành 12m, Q. Tân Phú, 7.9 tỷ","Hoàng Xuân Hoành, Phường Hiệp Tân, Quận Tân Phú","Hoàng Xuân Hoành, Phường Hiệp Tân, Quận Tân Phú",Mặt Tiền Hoàng Xuân Hoành 12M,Phường Hiệp Tân,Q. Tân Phú,Hồ Chí Minh,dedicated_address,consistent,street_and_ward,success,
103192,https://batdongsan.vn/chinh-chu-ban-lo-dat-224m2-560tr-tai-giong-cat-tan-phu-trung-cu-chi-r273384,"Củ Chi, Hồ Chí Minh","CHÍNH CHỦ BÁN LỖ ĐẤT 224m2 560tr TẠI GIỒNG CÁT , TÂN PHÚ TRUNG , CỦ CHI","CHÍNH CHỦ BÁN LỖ ĐẤT 224m2 560tr TẠI GIỒNG CÁT , TÂN PHÚ TRUNG , CỦ CHI","CHÍNH CHỦ BÁN LỖ ĐẤT 224m2 560tr TẠI GIỒNG CÁT , TÂN PHÚ TRUNG , CỦ CHI",Tại Giồng Cát,,Củ Chi,Hồ Chí Minh,title,consistent,street_only,success,
85814,https://batdongsan.vn/ket-tien-ban-gap-no-trang-long-p7-binh-thanh-40m2-r255982,"Bình Thạnh, Hồ Chí Minh",Kẹt tiền bán gấp – Nơ Trang Long – P7 – Bình Thạnh – 40m2,Kẹt tiền bán gấp – Nơ Trang Long – P7 – Bình Thạnh – 40m2,Kẹt tiền bán gấp – Nơ Trang Long – P7 – Bình Thạnh – 40m2,,,Bình Thạnh,Hồ Chí Minh,title,consistent,unclear,success,
121966,https://batdongsan.vn/hiem-hot-tan-binh-tran-van-quang-25m2-3-tang-giam-con-255-ty-r121966,"Tân Bình, Hồ Chí Minh",HIẾM - HOT - TÂN BÌNH- TRẦN VĂN QUANG- 25M2- 3 TẦNG- GIẢM CÒN 2.55 TỶ,HIẾM - HOT - TÂN BÌNH- TRẦN VĂN QUANG- 25M2- 3 TẦNG- GIẢM CÒN 2.55 TỶ,HIẾM - HOT - TÂN BÌNH- TRẦN VĂN QUANG- 25M2- 3 TẦNG- GIẢM CÒN 2.55 TỶ,Tân Bình- Trần Văn Quang- 25M2-,,Tân Bình,Hồ Chí Minh,title,consistent,street_only,success,
162863,https://batdongsan.vn/ban-nha-mat-tien-kinh-doanh-duong-ta-quang-buu-sat-ben-xe-quan-8-gia-chi-nhinh-10-ty-goi-r162863,"Quận 8, Hồ Chí Minh",BÁN NHÀ MẶT TIỀN KINH DOANH ĐƯỜNG TẠ QUANG BỬU – SÁT BẾN XE QUẬN 8 – GIÁ CHỈ NHỈNH 10 TỶ. GỌI,MẶT TIỀN KINH DOANH ĐƯỜNG TẠ QUANG BỬU – SÁT BẾN XE QUẬN 8 – GIÁ CHỈ NHỈNH 10 TỶ. GỌI,MẶT TIỀN KINH DOANH ĐƯỜNG TẠ QUANG BỬU – SÁT BẾN XE QUẬN 8 – GIÁ CHỈ NHỈNH 10 TỶ. GỌI,Sát Bến Xe Quận,,Quận 8,Hồ Chí Minh,title,consistent,street_only,success,
170691,https://batdongsan.vn/chi-1-ty-hon-binh-thanh-hem-8m-so-hong-rieng-r170691,"Bình Thạnh, Hồ Chí Minh",CHỈ 1 TỶ HƠN - BÌNH THẠNH - HẺM 8M - SỔ HỒNG RIÊNG 🥹,HẺM 8M - SỔ HỒNG RIÊNG 🥹,HẺM 8M - SỔ HỒNG RIÊNG 🥹,Hẻm 8M,,Bình Thạnh,Hồ Chí Minh,title,consistent,alley_or_lane,success,
152333,https://batdongsan.vn/ban-nha-70m2-3-tang-5pn-4wc-q9-66-ty-so-hong-r152333,"Quận 9, Hồ Chí Minh","Bán nhà 70m2, 3 tầng, 5PN, 4WC, Q.9, 6.6 tỷ, sổ hồng","Bán nhà 70m2, 3 tầng, 5PN, 4WC, Q.9, 6.6 tỷ, sổ hồng","Bán nhà 70m2, 3 tầng, 5PN, 4WC, Quận 9, 6.6 tỷ, sổ hồng","5Pn, 4Wc, Q.9,",,Quận 9,Hồ Chí Minh,title,consistent,street_only,success,
122678,https://batdongsan.vn/cho-thue-nha-dep-khu-ban-co-le-dai-hanh-kinh-doanh-khu-vuc-phuoc-tan-nha-trang-r122678,"Quận 1, Hồ Chí Minh",CHO THUÊ NHÀ ĐẸP KHU BÀN CỜ LÊ ĐẠI HÀNH KINH DOANH KHU VỰC PHƯỚC TÂN NHA TRANG,CHO THUÊ NHÀ ĐẸP KHU BÀN CỜ LÊ ĐẠI HÀNH KINH DOANH KHU VỰC PHƯỚC TÂN NHA TRANG,CHO THUÊ NHÀ ĐẸP KHU BÀN CỜ LÊ ĐẠI HÀNH KINH DOANH KHU VỰC PHƯỚC TÂN NHA TRANG,Cho Thuê Nhà Đẹp Khu Bàn Cờ Lê Đại Hành Kinh Doanh Khu Vực Phước Tân Nha Trang,,Quận 1,Hồ Chí Minh,title,consistent,street_only,success,
130425,https://batdongsan.vn/ban-nha-mat-tien-1-tret-1-lung-3-lau-4x20m-gia-849-ty-duong-tran-thi-he-r130425,"Quận 12, Hồ Chí Minh","Bán nhà mặt tiền 1 trệt 1 lửng 3 lầu 4x20m giá 8,49 tỷ Đường Trần Thị Hè",mặt tiền 1 trệt 1 lửng 3 lầu 4x20m giá 8,mặt tiền 1 trệt 1 lửng 3 lầu 4x20m giá 8,,,Quận 12,Hồ Chí Minh,title,consistent,unclear,success,
173519,https://batdongsan.vn/p15-tan-binh-khu-dong-bo-dan-tri-62m2-4x155-5tang-4pn-hxt-8m-chi-71-ty-r173519,"Tân Bình, Hồ Chí Minh",🏚️ P.15 TÂN BÌNH - KHU ĐỒNG BỘ - DÂN TRÍ - 62m² ( 4x15.5 ) 5TẦNG - 4PN - HXT 8M - CHỈ 7.1 TỶ,"sát mặt đường, gần chợ Tân Trụ, đường Nguyễn Sỹ Sách, Trường Chinh","sát mặt đường, gần chợ Tân Trụ, đường Nguyễn Sỹ Sách, Trường Chinh",Đường Nguyễn Sỹ Sách,,Tân Bình,Hồ Chí Minh,dedicated_address,consistent,street_only,success,
191294,https://batdongsan.vn/nha-dep-gia-cuc-re-p-trung-my-tay-q12-tret-lau-dep-moi-phap-ly-chuan-chinh-r191294,"Quận 12, Hồ Chí Minh","NHÀ ĐẸP GIÁ CỰC RẺ P. TRUNG MỸ TÂY, Q12 – TRỆT LẦU ĐẸP MỚI – PHÁP LÝ CHUẨN CHỈNH!","NHÀ ĐẸP GIÁ CỰC RẺ P. TRUNG MỸ TÂY, Q12 – TRỆT LẦU ĐẸP MỚI – PHÁP LÝ CHUẨN CHỈNH!","NHÀ ĐẸP GIÁ CỰC RẺ Phường TRUNG MỸ TÂY, Q12 – TRỆT LẦU ĐẸP MỚI – PHÁP LÝ CHUẨN CHỈNH!",Nhà Đẹp Giá Cực Rẻ,P. Trung Mỹ Tây,Quận 12,Hồ Chí Minh,title,consistent,street_and_ward,success,
146576,https://batdongsan.vn/sieu-pham-bau-cat-hem-xe-hoi-50m-ra-mat-tien-47m2-4-tang-full-noi-that-gia-chi-58-ty-r146576,"Tân Bình, Hồ Chí Minh","SIÊU PHẨM BÀU CÁT, HẺM XE HƠI 50M RA MẶT TIỀN, 47M2, 4 TẦNG FULL NỘI THẤT GIÁ CHỈ 5.8 TỶ",HẺM XE HƠI 50M RA MẶT TIỀN,HẺM XE HƠI 50M RA MẶT TIỀN,,,Tân Bình,Hồ Chí Minh,title,consistent,alley_or_lane,success,
124805,https://batdongsan.vn/ban-nha-mt-kd-pham-dang-gian-binh-hung-hoa-b-binh-tan-100m2-sieu-re-chi-65-ty-r124805,"Bình Tân, Hồ Chí Minh","Bán nhà MT KD Phạm Đăng Giản, Bình Hưng Hoà B, Bình Tân, 100m2, siêu rẻ, chỉ 6,5 tỷ.","Bán nhà MT KD Phạm Đăng Giản, Bình Hưng Hoà B, Bình Tân, 100m2, siêu rẻ, chỉ 6,5 tỷ.","Bán nhà MT KD Phạm Đăng Giản, Bình Hưng Hoà B, Bình Tân, 100m2, siêu rẻ, chỉ 6,5 tỷ.",Mt Kd,,Bình Tân,Hồ Chí Minh,title,consistent,street_only,success,
96475,https://batdongsan.vn/hxh-nguyen-xi-3-lau-45x10-61-ty-p13-binh-thanh-r266653,"Bình Thạnh, Hồ Chí Minh","Hxh Nguyễn Xí 3 lầu 4,5x10 6.1 tỷ P13 Bình Thạnh","Hxh Nguyễn Xí 3 lầu 4,5x10 6.1 tỷ P13 Bình Thạnh","Hxh Nguyễn Xí 3 lầu 4,5x10 6.1 tỷ P13 Bình Thạnh",,,Bình Thạnh,Hồ Chí Minh,title,consistent,alley_or_lane,success,
130302,https://batdongsan.vn/ban-sh-nhap-y-2012-sanh-rong-56789-dang-cap-dan-choi-gia-ban-chi-1-ty-0898333313-bao-luan-r130302,"Tân Bình, Hồ Chí Minh","Bán SH nhập Ý 2012 Sảnh Rổng 56789, Đẳng cấp dân chơi giá bán chỉ 1 tỷ, 0898333313 Bảo Luân","Bán SH nhập Ý 2012 Sảnh Rổng 56789, Đẳng cấp dân chơi giá bán chỉ 1 tỷ, 0898333313 Bảo Luân","Bán SH nhập Ý 2012 Sảnh Rổng 56789, Đẳng cấp dân chơi giá bán chỉ 1 tỷ, 0898333313 Bảo Luân",,,Tân Bình,Hồ Chí Minh,title,consistent,unclear,success,
187952,https://batdongsan.vn/nha-dep-khu-vip-bau-cat-truong-chinh-tan-binh-4-tang-btct-chi-89-r187952,"Tân Bình, Hồ Chí Minh","NHÀ ĐẸP KHU VIP BÀU CÁT – TRƯỜNG CHINH, TÂN BÌNH – 4 TẦNG BTCT – CHỈ 8.9","NHÀ ĐẸP KHU VIP BÀU CÁT – TRƯỜNG CHINH, TÂN BÌNH – 4 TẦNG BTCT – CHỈ 8.9","NHÀ ĐẸP KHU VIP BÀU CÁT – TRƯỜNG CHINH, TÂN BÌNH – 4 TẦNG BTCT – CHỈ 8.9",Nhà Đẹp Khu Vip Bàu Cát,,Tân Bình,Hồ Chí Minh,title,consistent,street_only,success,
183951,https://batdongsan.vn/ban-nha-can-goc-4-tang-45x20m-2-mat-hem-o-to-bong-sao-quan-8-nhinh-6-ty-dong-tien-7trthang-r183951,"Quận 8, Hồ Chí Minh","BÁN NHÀ CĂN GÓC 4 TẦNG (4.5X20M), 2 MẶT HẺM Ô TÔ BÔNG SAO, QUẬN 8, NHỈNH 6 TỶ. DÒNG TIỀN 7TR/THÁNG","Căn góc 2 mặt tiền thoáng, hẻm ô tô thông ra đường","Căn góc 2 mặt tiền thoáng, hẻm ô tô thông ra đường",Mặt Tiền Thoáng,,Quận 8,Hồ Chí Minh,dedicated_address,consistent,alley_or_lane,success,
152730,https://batdongsan.vn/ban-nha-phu-thuan-q7-44m2-4x11m-57-ty-r152730,"Quận 7, Hồ Chí Minh","🏠 Bán nhà Phú Thuận, Q.7, 44m² (4x11m), 5.7 tỷ 🏠","🏠 Bán nhà Phú Thuận, Q.7, 44m² (4x11m), 5.7 tỷ 🏠","🏠 Bán nhà Phú Thuận, Quận 7, 44m² (4x11m), 5.7 tỷ 🏠",,,Quận 7,Hồ Chí Minh,title,consistent,unclear,success,
122277,https://batdongsan.vn/can-ban-gap-nha-quan-go-vap-xe-hoi-dau-cua-so-vuong-a4-nho-xinh-lung-linh-nhinh-4-ty-r122277,"Gò Vấp, Hồ Chí Minh","CẦN BÁN GẤP NHÀ QUẬN GÒ VẤP XE HƠI ĐẬU CỬA - SỔ VUÔNG A4, NHỎ XINH LUNG LINH. NHỈNH 4 TỶ","CẦN BÁN GẤP NHÀ QUẬN GÒ VẤP XE HƠI ĐẬU CỬA - SỔ VUÔNG A4, NHỎ XINH LUNG LINH. NHỈNH 4 TỶ","CẦN BÁN GẤP NHÀ QUẬN GÒ VẤP XE HƠI ĐẬU CỬA - SỔ VUÔNG A4, NHỎ XINH LUNG LINH. NHỈNH 4 TỶ","Sổ Vuông A4, Nhỏ Xinh Lung Linh. Nhỉnh",,Gò Vấp,Hồ Chí Minh,description,consistent,street_only,success,
193406,https://batdongsan.vn/ban-nha-3-tang-tran-quang-dieu-46m2-44x10-7pn-7wc-hdt-25tr-chi-64-ty-r193406,"Quận 3, Hồ Chí Minh",🏢BÁN NHÀ 3 TẦNG TRẦN QUANG DIỆU 46M2 (4.4X10) 7PN 7WC - HĐT 25tr - Chỉ 6.4 Tỷ,🏢BÁN NHÀ 3 TẦNG TRẦN QUANG DIỆU 46M2 (4.4X10) 7PN 7WC - HĐT 25tr - Chỉ 6.4 Tỷ,🏢BÁN NHÀ 3 TẦNG TRẦN QUANG DIỆU 46M2 (4.4X10) 7PN 7WC - HĐT 25tr - Chỉ 6.4 Tỷ,🏢Bán Nhà,,Quận 3,Hồ Chí Minh,title,consistent,street_only,success,
194769,https://batdongsan.vn/gia-21-ty-mat-tien-duong-so-gan-gigamall-nha-tret-3-lau-17-phong-khai-thac-dong-tien-r194769,"Thủ Đức, Hồ Chí Minh",GIÁ 21 TỶ – MẶT TIỀN ĐƯỜNG SỐ – GẦN GIGAMALL – NHÀ TRỆT 3 LẦU – 17 PHÒNG KHAI THÁC DÒNG TIỀN,"Mặt tiền đường số 20, chỉ 2 phút tới Gigamall &","Mặt tiền đường số 20, chỉ 2 phút tới Gigamall &",Mặt Tiền Đường Số 20,,Thủ Đức,Hồ Chí Minh,dedicated_address,consistent,street_only,success,
186314,https://batdongsan.vn/ban-nha-le-van-sy-5-tang-62m2-33x18-hem-o-to-6m-chi-126-ty-r186314,"Quận 3, Hồ Chí Minh","🏡BÁN NHÀ LÊ VĂN SỸ 5 TẦNG 62M2, 3.3x18, HẺM Ô TÔ 6M - CHỈ 12.6 TỶ",HẺM Ô TÔ 6M - CHỈ 12.6 TỶ,HẺM Ô TÔ 6M - CHỈ 12.6 TỶ,Hẻm Ô Tô 6M,,Quận 3,Hồ Chí Minh,title,consistent,alley_or_lane,success,
148797,https://batdongsan.vn/ban-nha-mat-tien-binh-tri-dong-le-van-quoi-hl2-18x41m-cap-4-so-vuong-gia-69-ty-r148797,"Bình Tân, Hồ Chí Minh","Bán Nhà Mặt tiền Bình Trị Đông - Lê Văn Quới, HL2, 18x41m, Cấp 4, sổ Vuông, giá 69 tỷ.",Mặt tiền Bình Trị Đông - Lê Văn Quới,Mặt tiền Bình Trị Đông - Lê Văn Quới,Mặt Tiền Bình Trị Đông,,Bình Tân,Hồ Chí Minh,title,consistent,street_only,success,
159388,https://batdongsan.vn/chi-72-ty-tl-82m2-nha-5-tang3pn-gan-cong-vien-lang-hoa-phan-huy-ich-go-vap-r159388,"Gò Vấp, Hồ Chí Minh","Chỉ 7.2 Tỷ TL! 82M² – Nhà 5 Tầng/3PN – Gần Công Viên Làng Hoa, Phan Huy Ích Gò Vấp!","Chỉ 7.2 Tỷ TL! 82M² – Nhà 5 Tầng/3PN – Gần Công Viên Làng Hoa, Phan Huy Ích Gò Vấp!","Chỉ 7.2 Tỷ TL! 82M² – Nhà 5 Tầng/3PN – Gần Công Viên Làng Hoa, Phan Huy Ích Gò Vấp!",Tl! 82M²,,Gò Vấp,Hồ Chí Minh,title,consistent,street_only,success,
127414,https://batdongsan.vn/ban-nha-nguyen-thi-tan-quan-8-51m2-ngang-36m-chi-535-ty-r127414,"Quận 8, Hồ Chí Minh","Bán nhà Nguyễn Thị Tần, Quận 8, 51m2, ngang 3.6m, chỉ 5.35 tỷ","Bán nhà Nguyễn Thị Tần, Quận 8, 51m2, ngang 3.6m, chỉ 5.35 tỷ","Bán nhà Nguyễn Thị Tần, Quận 8, 51m2, ngang 3.6m, chỉ 5.35 tỷ",,,Quận 8,Hồ Chí Minh,description,consistent,unclear,success,
131461,https://batdongsan.vn/ban-nha-2-tang-nguyen-van-khoi-hem-31m-p9-go-vap-nhinh-3-ty-r131461,"Gò Vấp, Hồ Chí Minh","BÁN NHÀ 2 TẦNG NGUYỄN VĂN KHỔI, HẺM 3.1M, P9 GÒ VẤP, NHỈNH 3 TỶ",HẺM 3.1M,HẺM 3.1M,Hẻm 3,,Gò Vấp,Hồ Chí Minh,title,consistent,alley_or_lane,success,
105784,https://batdongsan.vn/ban-nha-duong-so-10-p-linh-trung-tp-thu-duc-dt-524m2-gia-39-ty-r275978,"Thủ Đức, Hồ Chí Minh","Bán nhà, Đường số 10, P. Linh Trung Tp Thủ Đức, dt 52.4m² Giá 3,9 Tỷ","Đường số 10, P. Linh Trung Tp Thủ Đức","Đường số 10, Phường Linh Trung Tp Thủ Đức",Đường Số 10,P. Linh Trung,Thủ Đức,Hồ Chí Minh,title,consistent,street_and_ward,success,
84792,https://batdongsan.vn/ban-gap-nha-30m2-16-ty-bong-sao-quan-8-r254955,"Quận 8, Hồ Chí Minh","BÁN GẤP NHÀ 30M2 1.6 TỶ BÔNG SAO, QUẬN 8","BÁN GẤP NHÀ 30M2 1.6 TỶ BÔNG SAO, QUẬN 8","BÁN GẤP NHÀ 30M2 1.6 TỶ BÔNG SAO, QUẬN 8","Tỷ Bông Sao, Quận",,Quận 8,Hồ Chí Minh,description,consistent,street_only,success,
111681,https://batdongsan.vn/ban-gap-toa-building-mt-cao-thang-dt-26-x-46m-2-ham-10-tang-hdt-18-tythang-500-ty-tl-r281875,"Quận 3, Hồ Chí Minh",Bán gấp toà building MT Cao Thắng - DT: 26 x 46m - 2 hầm + 10 tầng - HĐT 1.8 tỷ/tháng - 500 tỷ TL,Bán gấp toà building MT Cao Thắng - DT: 26 x 46m - 2 hầm + 10 tầng - HĐT 1.8 tỷ/tháng - 500 tỷ TL,Bán gấp toà building MT Cao Thắng - DT: 26 x 46m - 2 hầm + 10 tầng - HĐT 1.8 tỷ/tháng - 500 tỷ TL,,,Quận 3,Hồ Chí Minh,title,consistent,unclear,success,
111715,https://batdongsan.vn/hem-xe-tai-nha-cuc-dep-thiet-ke-hien-dai-ngay-cho-thach-da-chu-hop-tac-can-ban-nhanh-tang-het-noi-that-r281909,"Gò Vấp, Hồ Chí Minh",HẺM XE TẢI - NHÀ CỰC ĐẸP THIẾT KẾ HIỆN ĐẠI - NGAY CHỢ THẠCH ĐÀ - CHỦ HỢP TÁC CẦN BÁN NHANH TẶNG HẾT...,HẺM XE TẢI - NHÀ CỰC ĐẸP THIẾT KẾ HIỆN ĐẠI - NGAY CHỢ THẠCH ĐÀ - CHỦ HỢP TÁC CẦN BÁN NHANH TẶNG HẾT NỘI THẤT.,HẺM XE TẢI - NHÀ CỰC ĐẸP THIẾT KẾ HIỆN ĐẠI - NGAY CHỢ THẠCH ĐÀ - CHỦ HỢP TÁC CẦN BÁN NHANH TẶNG HẾT NỘI THẤT.,Hẻm Xe Tải,,Gò Vấp,Hồ Chí Minh,title,consistent,alley_or_lane,success,
114712,https://batdongsan.vn/gia-cua-nhua-composite-cua-nhua-abs-va-cua-nhua-dai-loan-r284906,"Thủ Đức, Hồ Chí Minh",Giá cửa nhựa Composite cửa nhựa ABS và cửa nhựa Đài Loan,Giá cửa nhựa Composite cửa nhựa ABS và cửa nhựa Đài Loan,Giá cửa nhựa Composite cửa nhựa ABS và cửa nhựa Đài Loan,,,Thủ Đức,Hồ Chí Minh,title,consistent,unclear,success,
150429,https://batdongsan.vn/ban-nha-nguyen-van-cong-4x11-3-tang-nhinh-4-ti-r150429,"Gò Vấp, Hồ Chí Minh","Bán Nhà Nguyễn Văn Công (4x11), 3 Tầng Nhỉnh 4 Tỉ","Bán Nhà Nguyễn Văn Công (4x11), 3 Tầng Nhỉnh 4 Tỉ","Bán Nhà Nguyễn Văn Công (4x11), 3 Tầng Nhỉnh 4 Tỉ",,,Gò Vấp,Hồ Chí Minh,title,consistent,unclear,success,
128169,https://batdongsan.vn/sieu-hiem-quan-5-hem-xe-hoi-nguyen-trai-ngay-nga-4-tran-binh-trong-r128169,"Quận 5, Hồ Chí Minh",***SIÊU HIẾM QUẬN 5_HẺM XE HƠI NGUYỄN TRÃI NGAY NGÃ 4 TRẦN BÌNH TRỌNG,HẺM XE HƠI NGUYỄN TRÃI NGAY NGÃ 4 TRẦN BÌNH TRỌNG,HẺM XE HƠI NGUYỄN TRÃI NGAY NGÃ 4 TRẦN BÌNH TRỌNG,***Siêu Hiếm Quận 5_Hẻm Xe Hơi Nguyễn Trãi Ngay Ngã,,Quận 5,Hồ Chí Minh,title,consistent,alley_or_lane,success,
156560,https://batdongsan.vn/hem-xe-hoi-tan-ky-tan-quy-son-ky-sat-dh-cong-thuong-2-tang-75m2-chi-539-ty-tl-r156560,"Tân Phú, Hồ Chí Minh",HẺM XE HƠI TÂN KỲ TÂN QUÝ - SƠN KỲ - SÁT ĐH CÔNG THƯƠNG - 2 TẦNG 75M2 CHỈ 5.39 TỶ TL,HẺM XE HƠI TÂN KỲ TÂN QUÝ - SƠN KỲ - SÁT ĐH CÔNG THƯƠNG - 2 TẦNG 75M2 CHỈ 5.39 TỶ TL,HẺM XE HƠI TÂN KỲ TÂN QUÝ - SƠN KỲ - SÁT ĐH CÔNG THƯƠNG - 2 TẦNG 75M2 CHỈ 5.39 TỶ TL,Hẻm Xe Hơi Tân Kỳ Tân Quý,,Tân Phú,Hồ Chí Minh,title,consistent,alley_or_lane,success,
98127,https://batdongsan.vn/huong-lo-3-binh-tan-ngay-aeon-tan-phu-ngang-5m-nhinh-4-ty-r268306,"Bình Tân, Hồ Chí Minh",Hương Lộ 3. Bình Tân. Ngay AEON Tân Phú. Ngang 5m. Nhỉnh 4 Tỷ.,Hương Lộ 3. Bình Tân. Ngay AEON Tân Phú. Ngang 5m. Nhỉnh 4 Tỷ.,Hương Lộ 3. Bình Tân. Ngay AEON Tân Phú. Ngang 5m. Nhỉnh 4 Tỷ.,,,Bình Tân,Hồ Chí Minh,title,consistent,landmark_only,success,
117295,https://batdongsan.vn/quan-4-p18-hang-hiem-hang-dau-tu-lau-lau-moi-co-mot-can-70m2-chi-45-ty-khu-nguoi-o-hien-huu-r117295,"Quận 4, Hồ Chí Minh","Quận 4, p18 Hàng hiếm, hàng đầu tư lâu lâu mới có một căn, 70m2 chỉ 4.5 tỷ, khu người ở hiện hữu","Quận 4, p18 Hàng hiếm, hàng đầu tư lâu lâu mới có một căn, 70m2 chỉ 4.5 tỷ, khu người ở hiện hữu","Quận 4, p18 Hàng hiếm, hàng đầu tư lâu lâu mới có một căn, 70m2 chỉ 4.5 tỷ, khu người ở hiện hữu",,,Quận 4,Hồ Chí Minh,description,consistent,unclear,success,
120988,https://batdongsan.vn/nhinh-11ty-nha-dep-lo-goc-quan-nhatngang-hiem-72x10m-4tam-6pn-da-hc-r120988,"Quận 1, Hồ Chí Minh","**Nhỉnh 11Tỷ-Nhà Đẹp Lô Góc Quận Nhất,Ngang Hiếm 7.2X10m, 4Tấm 6PN Đã HC","**Nhỉnh 11Tỷ-Nhà Đẹp Lô Góc Quận Nhất,Ngang Hiếm 7.2X10m, 4Tấm 6PN Đã HC","**Nhỉnh 11Tỷ-Nhà Đẹp Lô Góc Quận Nhất,Ngang Hiếm 7.2X10m, 4Tấm 6PN Đã HC",,,Quận Nhất,Hồ Chí Minh,description,suspicious,unclear,success,
104003,https://batdongsan.vn/ban-nha-1tret-3lau-ngay-vincom-thu-duc-p-linh-chieu-dt-1157-m2-gia-125-ty-r274197,"Thủ Đức, Hồ Chí Minh","Bán nhà 1trệt 3lầu, Ngay Vincom Thủ Đức, P. Linh Chiểu, dt 115,7 m² Giá 12,5 Tỷ","Bán nhà 1trệt 3lầu, Ngay Vincom Thủ Đức, P. Linh Chiểu, dt 115,7 m² Giá 12,5 Tỷ","Bán nhà 1trệt 3lầu, Ngay Vincom Thủ Đức, Phường Linh Chiểu",,P. Linh Chiểu,Thủ Đức,Hồ Chí Minh,title,consistent,landmark_only,success,
119896,https://batdongsan.vn/ban-nha-gia-re-quan-8-2pn-2-tang-duoi-3-ty-tung-thien-vuong-phuong-13-r119896,"Quận 8, Hồ Chí Minh",Bán nhà giá rẻ Quận 8 2pn 2 tầng  dưới 3 tỷ Tùng Thiên Vương  phường 13,Bán nhà giá rẻ Quận 8 2pn 2 tầng  dưới 3 tỷ Tùng Thiên Vương  phường 13,Bán nhà giá rẻ Quận 8 2pn 2 tầng dưới 3 tỷ Tùng Thiên Vương phường 13,,Phường 13 Bán Nhà,Quận 8,Hồ Chí Minh,description,consistent,unclear,success,
159626,https://batdongsan.vn/ban-nha-120m2-8x15m-mtkd-duong-do-thua-luong-quan-tan-phu-r159626,"Tân Phú, Hồ Chí Minh","Bán nhà 120m2 (8x15)m - MTKD Đường Đỗ Thừa Luông, Quận Tân Phú","Đỗ Thừa Luông, Tân Quý, Tân Phú – mặt tiền kinh doanh sầm uất, gần Lê Sát, chợ Tân Hương","Đỗ Thừa Luông, Tân Quý, Tân Phú – mặt tiền kinh doanh sầm uất, gần Lê Sát, chợ Tân Hương",Mặt Tiền Kinh Doanh Sầm Uất,,Tân Phú,Hồ Chí Minh,dedicated_address,consistent,street_only,success,
147729,https://batdongsan.vn/gia-chi-45-ty-tl-36m2-2tang3pn-hem-xe-hoi-p1-go-vap-r147729,"Gò Vấp, Hồ Chí Minh","Gíá chỉ 4.5 TỶ TL! 36M², 2Tầng/3Pn, HẺM XE HƠI-P1 Gò Vấp!",HẺM XE HƠI-P1 Gò Vấp!,HẺM XE HƠI-P1 Gò Vấp!,Hẻm Xe Hơi,,Gò Vấp,Hồ Chí Minh,title,consistent,alley_or_lane,success,
114277,https://batdongsan.vn/ban-nha-hxh-thong-duong-dat-moi-dt-4x135m-lung-1-lau-gia-45-ty-tl-lien-he-ngay-r284471,"Bình Tân, Hồ Chí Minh","Bán nhà HXH thông đường ĐẤT MỚI, DT: 4x13.5m, lửng 1 lầu, giá: 4.5 tỷ TL Liên Hệ Ngay","Khu dân cư an ninh, dân trí cao, văn minh, sạch sẽ","Khu dân cư an ninh, dân trí cao, văn minh, sạch sẽ",Đường Đất Mới,,Bình Tân,Hồ Chí Minh,dedicated_address,consistent,project_or_residential_area,success,
143275,https://batdongsan.vn/ban-nha-dai-13m-hem-3m-thong-vai-buoc-ra-mat-tien-chi-32-ty-r143275,"Tân Phú, Hồ Chí Minh","BÁN NHÀ DÀI 13M - HẺM 3M THÔNG- VÀI BƯỚC RA MẶT TIỀN - CHỈ 3,2 TỶ",HẺM 3M THÔNG- VÀI BƯỚC RA MẶT TIỀN - CHỈ 3,HẺM 3M THÔNG- VÀI BƯỚC RA MẶT TIỀN - CHỈ 3,Hẻm 3M Thông,,Tân Phú,Hồ Chí Minh,title,consistent,alley_or_lane,success,
189644,https://batdongsan.vn/xuong-318m2-mat-tien-8m-dong-tien-15trthang-gia-chi-82-ty-co-hoi-hiem-co-cho-nha-dau-r189644,"Bình Chánh, Hồ Chí Minh","🏭 XƯỞNG 318M² – MẶT TIỀN 8M – DÒNG TIỀN 15TR/THÁNG – GIÁ CHỈ 8.2 TỶ !
Cơ hội hiếm có cho nhà đầu","MẶT TIỀN 8M – DÒNG TIỀN 15TR/THÁNG – GIÁ CHỈ 8.2 TỶ !
Cơ hội hiếm có cho nhà đầu",MẶT TIỀN 8M – DÒNG TIỀN 15TR/THÁNG – GIÁ CHỈ 8.2 TỶ ! Cơ hội hiếm có cho nhà đầu,Xưởng 318M²,,Bình Chánh,Hồ Chí Minh,title,consistent,street_only,success,
110973,https://batdongsan.vn/ban-nha-mat-tien-duong-so-1-metrol-an-phu-19-ty-74mx156m-3-tang-q2-tien-ich-r281167,"Quận 2, Hồ Chí Minh","Bán nhà mặt tiền đường số 1, metrol An Phú, 19 tỷ, 7.4mx15.6m, 3 tầng, Q2, tiện ích",mặt tiền đường số 1,mặt tiền đường số 1,,,Quận 2,Hồ Chí Minh,title,consistent,street_only,success,
149191,https://batdongsan.vn/ban-nha-duong-an-binh-quan-5-140m2-lo-goc-no-hau-2-lau-chi-11-ty-9-r149191,"Quận 5, Hồ Chí Minh","Bán nhà đường An Bình, Quận 5, 140m2, Lô gốc Nở hậu 2 Lầu chỉ 11 Tỷ 9","đường An Bình, Quận 5","đường An Bình, Quận 5",Đường An Bình,,Quận 5,Hồ Chí Minh,title,consistent,street_only,success,
96074,https://batdongsan.vn/nha-sieu-to-1-tret-1-lau-duong-so-8-linh-xuan-thu-duc-hxh-117-m24pn-chi-nhinh-5-ty-r266249,"Thủ Đức, Hồ Chí Minh","Nhà siêu to 1 trệt, 1 lầu đường số 8 Linh Xuân Thủ Đức, HXH, 117 m2,4PN, chỉ nhỉnh 5 tỷ",đường số 8 Linh Xuân Thủ Đức,đường số 8 Linh Xuân Thủ Đức,,,Thủ Đức,Hồ Chí Minh,title,consistent,street_only,success,
150726,https://batdongsan.vn/145m2-6-tang-huynh-tan-phat-binh-thuanq7tphcmcan-ho-sieu-tophap-r150726,"Quận 7, Hồ Chí Minh","145m2, 6 tầng, Huỳnh Tấn Phát, Bình Thuận,Q7,TPHCM,Căn hộ siêu toPhap","145m2, 6 tầng, Huỳnh Tấn Phát, Bình Thuận,Q7,TPHCM,Căn hộ siêu toPhap","145m2, 6 tầng, Huỳnh Tấn Phát, Bình Thuận,Q7,Hồ Chí Minh,Căn hộ siêu toPhap",,,Quận 7,Hồ Chí Minh,title,consistent,project_or_residential_area,success,
146365,https://batdongsan.vn/nha-phan-lo-o-to-3-tang-ngang-5m-gan-nga-tu-hiep-binh-phuoc-gia-10x-ty-r146365,"Thủ Đức, Hồ Chí Minh","Nhà Phân Lô Ô Tô, 3 Tầng ngang 5M - Gần Ngã Tư Hiệp Bình Phước, Giá 10.x T/ỷ","Nhà Phân Lô Ô Tô, 3 Tầng ngang 5M - Gần Ngã Tư Hiệp Bình Phước, Giá 10.x T/ỷ","Nhà Phân Lô Ô Tô, 3 Tầng ngang 5M - Gần Ngã Tư Hiệp Bình Phước",,,Thủ Đức,Hồ Chí Minh,title,consistent,landmark_only,success,
172942,https://batdongsan.vn/nha-nho-tien-o-ngay-gan-mat-tien-phan-van-tri-r172942,"Bình Thạnh, Hồ Chí Minh",🏡 NHÀ NHỎ TIỀN – Ở NGAY – GẦN MẶT TIỀN PHAN VĂN TRỊ,MẶT TIỀN PHAN VĂN TRỊ,MẶT TIỀN PHAN VĂN TRỊ,Mặt Tiền Phan Văn Trị,,Bình Thạnh,Hồ Chí Minh,title,consistent,street_only,success,
110807,https://batdongsan.vn/nha-hxh-xvnt-phuong-21-quan-binh-thanh-19m2x25t-sat-quan-1-2ty-hon-r281001,"Bình Thạnh, Hồ Chí Minh","✨Nhà HXH X.V.N.T, phường 21, quận Bình Thạnh-19m2x2,5T-Sát Quận 1- 2tỷ hơn✨","✨Nhà HXH X.V.N.T, phường 21, quận Bình Thạnh-19m2x2,5T-Sát Quận 1- 2tỷ hơn✨","✨Nhà HXH X.V.N.T, phường 21, quận Bình Thạnh-19m2x2,5T-Sát Quận 1- 2tỷ hơn✨","Hxh X.V.N.T,",Phường 21,Quận Bình Thạnh,Hồ Chí Minh,description,consistent,full_address,success,
166014,https://batdongsan.vn/sieu-pham-hiem-gap-phuong-5-quan-8-nha-duc-2-tang-gia-chi-33-ty-lien-tinh-5-hem-r166014,"Quận 8, Hồ Chí Minh","🏠 SIÊU PHẨM HIẾM GẶP – PHƯỜNG 5, QUẬN 8 - NHÀ ĐÚC 2 TẦNG – GIÁ CHỈ 3.3 TỶ - LIÊN TỈNH 5 – HẺM","Hẻm trước nhà 3m, chỉ vài bước ra hẻm 6m – thông thoáng, sạch sẽ 🔹 Pháp lý: Sổ hồng riêng, sang tên","Hẻm trước nhà 3m, chỉ vài bước ra hẻm 6m – thông thoáng, sạch sẽ 🔹 Pháp lý: Sổ hồng riêng, sang tên",Hẻm Trước Nhà 3M,Phường 5,Quận 8,Hồ Chí Minh,dedicated_address,consistent,full_address,success,
192841,https://batdongsan.vn/ban-nha-2-tang-huynh-tan-phat-nha-be-445m2-5585-chi-26-ti-r192841,"Nhà Bè, Hồ Chí Minh","Bán nhà 2 tầng Huỳnh Tấn Phát Nhà Bè– 44.5m² – 5.5*8.5 – chỉ 2,6 Tỉ","Bán nhà 2 tầng Huỳnh Tấn Phát Nhà Bè– 44.5m² – 5.5*8.5 – chỉ 2,6 Tỉ","Bán nhà 2 tầng Huỳnh Tấn Phát Nhà Bè– 44.5m² – 5.5*8.5 – chỉ 2,6 Tỉ",,,Nhà Bè,Hồ Chí Minh,title,consistent,unclear,success,
156099,https://batdongsan.vn/bt27-biet-thu-moi-xay-ngang-khung-8m-x-15m-chi-7x-ty-khu-vuc-ten-lua-binh-tan-r156099,"Bình Tân, Hồ Chí Minh","BT27- BIỆT THỰ MỚI XÂY – NGANG KHỦNG 8M x 15M– CHỈ 7,X TỶ – KHU VỰC TÊN LỬA, BÌNH TÂN","Đường Lê Đình Cẩn, phường Tân Tạo, quận Bình Tân💰 Giá chào: 7","Đường Lê Đình Cẩn, phường Tân Tạo, quận Bình Tân💰 Giá chào: 7",Đường Lê Đình Cẩn,Phường Tân Tạo,Bình Tân,Hồ Chí Minh,dedicated_address,consistent,street_and_ward,success,
169916,https://batdongsan.vn/cmt8-76m2-ngang-khung-54m-gan-nga-tu-7-hien-chi-9x-ty-r169916,"Tân Bình, Hồ Chí Minh",CMT8 – 76M2 – NGANG KHỦNG 5.4M – GẦN NGÃ TƯ 7 HIỀN – CHỈ 9.X TỶ,CMT8 – 76M2 – NGANG KHỦNG 5.4M – GẦN NGÃ TƯ 7 HIỀN – CHỈ 9.X TỶ,CMT8 – 76M2 – NGANG KHỦNG 5.4M – GẦN NGÃ TƯ 7 HIỀN – CHỈ 9.X TỶ,Ngang Khủng 5.4M,,Tân Bình,Hồ Chí Minh,title,consistent,street_only,success,
95303,https://batdongsan.vn/ban-nha-mt-vo-van-tan-2-chieu-kinh-doanh-sam-uat-doanh-thu-cao-54-x-15-hd-100tr-r265478,"Quận 3, Hồ Chí Minh","Bán nhà MT Võ Văn Tần 2 chiều, kinh doanh sầm uất doanh thu cao 5,4 x 15, HĐ 100Tr","Bán nhà MT Võ Văn Tần 2 chiều, kinh doanh sầm uất doanh thu cao 5,4 x 15, HĐ 100Tr","Bán nhà MT Võ Văn Tần 2 chiều, kinh doanh sầm uất doanh thu cao 5,4 x 15, HĐ 100Tr",,,Quận 3,Hồ Chí Minh,title,consistent,unclear,success,
178986,https://batdongsan.vn/ban-nha-2-mat-tien-vinh-vien-gan-nguyen-tri-phuong-43x13m-5-tang-5pn-182-ty-r178986,"Quận 10, Hồ Chí Minh","Bán nhà 2 mặt tiền Vĩnh Viễn - gần Nguyễn Tri Phương, 4,3x13m, 5 Tầng - 5PN, 18,2 tỷ",mặt tiền Vĩnh Viễn - gần Nguyễn Tri Phương,mặt tiền Vĩnh Viễn - gần Nguyễn Tri Phương,Mặt Tiền Vĩnh Viễn,,Quận 10,Hồ Chí Minh,title,consistent,street_only,success,
122323,https://batdongsan.vn/thanh-nha-moi-noi-that-cao-cap-lech-tang-hien-dai-cong-suat-cho-thue-50trthang-mat-tien-kinh-r122323,"Quận 7, Hồ Chí Minh",Thanh-NHÀ MỚI NỘI THẤT CAO CẤP- LỆCH TẦNG HIỀN ĐẠI CÔNG SUẤT CHO THUÊ 50TR/THÁNG-MẶT TIỀN KINH,MẶT TIỀN KINH,MẶT TIỀN KINH,Mặt Tiền Kinh Thanh,,Quận 7,Hồ Chí Minh,title,consistent,street_only,success,
172129,https://batdongsan.vn/ban-nha-bui-minh-truc-can-goc-2-mat-tien-hem-o-to-4-tang-45x20m-nhinh-6-ty-r172129,"Quận 8, Hồ Chí Minh","Bán nhà Bùi Minh Trực, căn góc 2 mặt tiền hẻm ô tô, 4 tầng (4.5x20m), nhỉnh 6 tỷ","Căn góc 2 mặt tiền thoáng, hẻm ô tô thông ra đường Bùi Minh Trực, Phạm Thế Hiển, Tạ Quang Bửu, Cao Lỗ,","Căn góc 2 mặt tiền thoáng, hẻm ô tô thông ra đường Bùi Minh Trực, Phạm Thế Hiển, Tạ Quang Bửu, Cao Lỗ",Mặt Tiền Thoáng,,Quận 8,Hồ Chí Minh,dedicated_address,consistent,alley_or_lane,success,
189389,https://batdongsan.vn/vi-tri-vang-ban-nha-2-tang-40m2-so-hong-hem-doc-lap-tan-phu-chi-58-ty-goi-r189389,"Tân Phú, Hồ Chí Minh","Vị trí vàng! Bán nhà 2 tầng 40m2 sổ hồng hẻm Độc Lập, Tân Phú. Chỉ 5.8 tỷ. Gọi!",hẻm Độc Lập,hẻm Độc Lập,Hẻm Độc Lập,,Tân Phú,Hồ Chí Minh,title,consistent,alley_or_lane,success,
186127,https://batdongsan.vn/mat-tien-kinh-doanh-khu-tan-thanh-tan-phu-dt-80m2-a4-5-tang-r186127,"Tân Phú, Hồ Chí Minh","Mặt Tiền Kinh Doanh Khu Tân Thành, Tân Phú - DT 80m2, A4, 5 Tầng",Mặt Tiền Kinh Doanh Khu Tân Thành,Mặt Tiền Kinh Doanh Khu Tân Thành,,,Tân Phú,Hồ Chí Minh,title,consistent,unclear,success,
101730,https://batdongsan.vn/ngop-tho-ban-nha-mat-tien-3-phong-ngu-o-binh-chanh-da-co-so-r271918,"Bình Chánh, Hồ Chí Minh",Ngộp thở bán nhà mặt tiền 3 phòng ngủ ở Bình Chánh đã có sổ,mặt tiền 3 phòng ngủ ở Bình Chánh đã có sổ,mặt tiền 3 phòng ngủ ở Bình Chánh đã có sổ,,,Bình Chánh,Hồ Chí Minh,title,consistent,unclear,success,
111438,https://batdongsan.vn/ban-nha-mat-tien-duong-so-3-doi-dien-truong-hoc-r281632,"Bình Tân, Hồ Chí Minh",Bán nhà mặt tiền đường số 3 đối diện trường học,mặt tiền đường số 3 đối diện trường học,mặt tiền đường số 3 đối diện trường học,,,Bình Tân,Hồ Chí Minh,title,consistent,street_only,success,
117525,https://batdongsan.vn/chinh-chu-ngop-bank-ban-gap-mt-kinh-doanhchdv-hiep-thanh-13-quan-12-10x25-gia-tot-13t-r117525,"Quận 12, Hồ Chí Minh",CHÍNH CHỦ NGỘP BANK BÁN GẤP MT KINH DOANH+CHDV HIỆP THÀNH 13 QUẬN 12 (10x25) GIÁ TỐT 13T,CHÍNH CHỦ NGỘP BANK BÁN GẤP MT KINH DOANH+CHDV HIỆP THÀNH 13 QUẬN 12 (10x25) GIÁ TỐT 13T,CHÍNH CHỦ NGỘP BANK BÁN GẤP MT KINH DOANH+CHDV HIỆP THÀNH 13 QUẬN 12 (10x25) GIÁ TỐT 13T,Giá Tốt 13T,,Quận 12,Hồ Chí Minh,description,consistent,street_only,success,
168980,https://batdongsan.vn/ban-nha-hem-xe-hoi-thong-nhinh-4-ty-phuong-12-quan-binh-thanh-r168980,"Bình Thạnh, Hồ Chí Minh",BÁN NHÀ HẺM XE HƠI THÔNG  NHỈNH 4 TỶ PHƯỜNG 12 QUẬN BÌNH THẠNH,"Hẻm 304  Bùi Đình Túy, Phường 12 ,Bình Thạnh","Hẻm 304 Bùi Đình Túy, Phường 12 ,Bình Thạnh",Hẻm 304  Bùi Đình Túy,Phường 12,Bình Thạnh,Hồ Chí Minh,dedicated_address,consistent,full_address,success,
173398,https://batdongsan.vn/nha-pho-tan-co-dien-duc-4-tam-42x125-kpl-dong-bo-nha-cao-tang-dan-tri-cao-r173398,"Gò Vấp, Hồ Chí Minh","NHÀ PHỐ TÂN CỔ ĐIỂN ĐÚC 4 TẤM - 4,2x12,5 - KPL ĐỒNG BỘ - NHÀ CAO TẦNG DÂN TRÍ CAO",PHỐ TÂN CỔ ĐIỂN ĐÚC 4 TẤM - 4,PHỐ TÂN CỔ ĐIỂN ĐÚC 4 TẤM - 4,Phố Tân Cổ Điển Đúc 4 Tấm,,Gò Vấp,Hồ Chí Minh,title,consistent,street_only,success,
105243,https://batdongsan.vn/nha-1-tret-2-lau-gara-oto-5-phong-ngu-6-wc-1-phong-karaoke-r275437,"Quận 9, Hồ Chí Minh","Nhà 1 trệt, 2 lầu, gara oto, 5 phòng ngủ + 6 WC ,1 phòng karaoke","Nhà 1 trệt, 2 lầu, gara oto, 5 phòng ngủ + 6 WC ,1 phòng karaoke","Nhà 1 trệt, 2 lầu, gara oto, 5 phòng ngủ + 6 WC ,1 phòng karaoke",,,Quận 9,Hồ Chí Minh,title,consistent,unclear,success,
192177,https://batdongsan.vn/mat-tien-hiem-tan-phu-4x15-60m2-3-tang-kien-co-gia-nhinh-7ty-r192177,"Tân Phú, Hồ Chí Minh",MẶT TIỀN HIẾM - TÂN PHÚ – 4X15 – 60M² – 3 TẦNG KIÊN CỐ – GIÁ NHỈNH 7TỶ,"Nằm sát trục đường Nguyễn Sơn, Phường Phú Thạnh, Quận Tân Phú – tuyến đường kinh doanh sầm uất, khu dân cư đông đúc, phù hợp vừa ở","Nằm sát trục đường Nguyễn Sơn, Phường Phú Thạnh, Quận Tân Phú – tuyến đường kinh doanh sầm uất, khu dân cư đông đúc, phù hợp vừa ở",Đường Nguyễn Sơn,Phường Phú Thạnh,Tân Phú,Hồ Chí Minh,dedicated_address,consistent,project_or_residential_area,success,
139540,https://batdongsan.vn/mat-tien-4-tang-btct-dt-100m2-4x25-9pn-duong-10m-quan-8-chi-65-ty-r139540,"Quận 8, Hồ Chí Minh","MẶT TIỀN 4 TẦNG BTCT DT 100M2 (4X25) 9PN ĐƯỜNG 10M QUẬN 8 CHỈ 6,5 TỶ",MẶT TIỀN 4 TẦNG BTCT DT 100M2 (4X25) 9PN ĐƯỜNG 10M QUẬN 8 CHỈ 6,MẶT TIỀN 4 TẦNG BTCT DT 100M2 (4X25) 9PN ĐƯỜNG 10M QUẬN 8 CHỈ 6,Mặt Tiền 4 Tầng Btct,,Quận 8,Hồ Chí Minh,title,consistent,street_only,success,
125574,https://batdongsan.vn/ban-nha-cap-4-mat-tien-55m-duong-tl743-phuong-binh-chieu-thu-duc-12-ty-r125574,"Thủ Đức, Hồ Chí Minh","Bán nhà cấp 4 mặt tiền 5.5m đường TL743, Phường Bình Chiểu, Thủ Đức,  12 tỷ.",Nhà mặt đường,Nhà mặt đường,Đường Bán Nhà Cấp 4 Mặt Tiền 5,Phường Bình Chiểu,Thủ Đức,Hồ Chí Minh,dedicated_address,consistent,street_and_ward,success,
155046,https://batdongsan.vn/ban-nha-cach-mat-tien-50m2-thanh-xuan-25-phuong-thanh-xuan-q12-duong-nhua-10m2-sach-se-so-r155046,"Quận 12, Hồ Chí Minh","+ Bán nhà cách mặt tiền 50m2, thạnh xuân 25, phường thạnh xuân q12, đường nhựa 10m2, sạch sẽ, sổ",mặt tiền 50m2,mặt tiền 50m2,Mặt Tiền 50M2,Phường Thạnh Xuân Q12,Quận 12,Hồ Chí Minh,title,consistent,street_and_ward,success,
184582,https://batdongsan.vn/ban-nha-can-goc-dt-dat-1231m2-5x25m-4-tang-nguyen-thi-tan-quan-8-gia-chi-12-ty-r184582,"Quận 8, Hồ Chí Minh","Bán nhà căn góc - DT đất 123,1m2 (5x25m) - 4 tầng - Nguyễn Thị Tần, quận 8 giá chỉ 12 tỷ","Bán nhà căn góc - DT đất 123,1m2 (5x25m) - 4 tầng - Nguyễn Thị Tần, quận 8 giá chỉ 12 tỷ","Bán nhà căn góc - DT đất 123,1m2 (5x25m) - 4 tầng - Nguyễn Thị Tần, quận 8 giá chỉ 12 tỷ",,,Quận 8,Hồ Chí Minh,description,consistent,unclear,success,
185511,https://batdongsan.vn/gan-nha-ga-t3-nha-dep-72m2-4-tang-o-to-ngu-trong-nha-6x-ty-tl-r185511,"Gò Vấp, Hồ Chí Minh",Gần nhà ga T3! Nhà Đẹp 72M² 4 Tầng Ô TÔ NGỦ TRONG NHÀ – 6.x Tỷ TL!,Gần nhà ga T3! Nhà Đẹp 72M² 4 Tầng Ô TÔ NGỦ TRONG NHÀ – 6.x Tỷ TL!,Gần nhà ga T3! Nhà Đẹp 72M² 4 Tầng Ô TÔ NGỦ TRONG NHÀ – 6.x Tỷ TL!,Tô Ngủ Trong Nhà,,Gò Vấp,Hồ Chí Minh,title,consistent,street_only,success,
151085,https://batdongsan.vn/ban-nha-109-hxh-gan-lac-long-quan-tan-binh-2-lau-nhinh-5-ty-r151085,"Tân Bình, Hồ Chí Minh","Bán nhà 10*9, HXH, gần Lạc Long Quân, Tân Bình, 2 lầu, nhỉnh 5 tỷ","Bán nhà 10*9, HXH, gần Lạc Long Quân, Tân Bình, 2 lầu, nhỉnh 5 tỷ","Bán nhà 10*9, HXH, gần Lạc Long Quân, Tân Bình, 2 lầu, nhỉnh 5 tỷ",,,Tân Bình,Hồ Chí Minh,title,consistent,alley_or_lane,success,
100460,https://batdongsan.vn/nha-4-tang-duong-xe-hoi-tranh-canh-cho-tran-van-quang-495-ty-r270643,"Tân Bình, Hồ Chí Minh","Nhà 4 tầng đường xe hơi tránh, cạnh Chợ Trần Văn Quang, 4.95 tỷ",đường xe hơi tránh,đường xe hơi tránh,,,Tân Bình,Hồ Chí Minh,title,consistent,street_only,success,
194983,https://batdongsan.vn/gap-ban-nhanh-nha-3-tang-79m-mat-tien-duong-sogan-nga-3-le-van-thinh-r194983,"Quận 2, Hồ Chí Minh","Gấp bán Nhanh Nhà 3 Tầng 79m mặt tiền đường số,gần ngã 3 Lê Văn Thịnh",mặt tiền đường số,mặt tiền đường số,,,Quận 2,Hồ Chí Minh,title,consistent,street_only,success,
183152,https://batdongsan.vn/nha-ngon-tam-chau-tam-phu-68m2-3pn-oto-gia-rieu-tot-nhinh-5-ty-r183152,"Thủ Đức, Hồ Chí Minh","Nhà Ngon Tam Châu, Tam Phú - 68m2 - 3PN - Oto - Giá riêu tốt Nhỉnh 5 Tỷ","Ngay đường Tam Châu cách bệnh viện tp Thủ Đức 300m, 500m ra quốc lộ 1A, 1,5km ra Phạm Văn Đồng","Ngay đường Tam Châu cách bệnh viện tp Thủ Đức 300m, 500m ra quốc lộ 1A, 1,5km ra Phạm Văn Đồng",,,Thủ Đức,Hồ Chí Minh,dedicated_address,consistent,street_only,success,
136406,https://batdongsan.vn/ban-nha-hxh-phan-van-tri-4x10-2-mat-hem-gan-ba-chieu-hon-6-ti-r136406,"Bình Thạnh, Hồ Chí Minh","Bán Nhà HXH Phan Văn Trị 4x10, 2 Mặt Hẻm Gần Bà Chiểu Hơn 6 Tỉ",Hẻm Gần Bà Chiểu Hơn 6 Tỉ,Hẻm Gần Bà Chiểu Hơn 6 Tỉ,,,Bình Thạnh,Hồ Chí Minh,title,consistent,alley_or_lane,success,
189359,https://batdongsan.vn/vip-ngang-11m-la-xuan-oai-p-tang-nhon-phu-dt-220m2-kinh-doanh-da-nganh-nghe-r189359,"Quận 9, Hồ Chí Minh","VIP Ngang 11m, Lã Xuân Oai, P Tăng Nhơn Phú, DT 220m2, Kinh Doanh Đa Ngành Nghề","Nhà hẻm xe hơi Lã Xuân Oai, phường Tăng Nhơn Phú A, Quận 9(cũ)","Nhà hẻm xe hơi Lã Xuân Oai, phường Tăng Nhơn Phú A, Quận 9(cũ)",Hẻm Xe Hơi Lã Xuân Oai,Phường Tăng Nhơn Phú A,Quận 9,Hồ Chí Minh,dedicated_address,consistent,full_address,success,
96443,https://batdongsan.vn/bau-cat-nguyen-hong-dao-mat-tien-40m2-3-tang-gia-nhinh-8-ty-r266621,"Tân Bình, Hồ Chí Minh","Bàu Cát, Nguyễn Hồng Đào, Mặt tiền 40m2 , 3 tầng giá nhỉnh 8 tỷ.",Mặt tiền 40m2,Mặt tiền 40m2,Mặt Tiền 40M2 Bàu Cát,,Tân Bình,Hồ Chí Minh,title,consistent,street_only,success,
95624,https://batdongsan.vn/ban-nha-4-tang-lo-goc-hem-xe-hoi-dang-cho-thue-35trieuthang-cao-thang-quan-10-0902934079-r265799,"Quận 10, Hồ Chí Minh",Bán Nhà 4 Tầng Lô Góc Hẻm Xe Hơi - Đang Cho Thuê 35Triệu/Tháng - Cao Thắng - Quận 10 - 0902934079,Hẻm Xe Hơi - Đang Cho Thuê 35Triệu/Tháng - Cao Thắng - Quận 10 - 0902934079,Hẻm Xe Hơi - Đang Cho Thuê 35Triệu/Tháng - Cao Thắng - Quận 10 - 0902934079,Hẻm Xe Hơi,,Quận 10,Hồ Chí Minh,title,consistent,alley_or_lane,success,
160126,https://batdongsan.vn/mat-tien-kinh-doanh-5-tang-khu-cytyland-trung-tam-go-vap-gia-tot-nhat-khu-90m25x18-nhinh-r160126,"Gò Vấp, Hồ Chí Minh",💢Mặt Tiền Kinh Doanh 5 Tầng Khu CYTYLAND Trung Tâm Gò Vấp- Giá Tốt Nhất Khu 90m2(5x18)- nhỉnh,Mặt Tiền Kinh Doanh 5 Tầng Khu CYTYLAND Trung Tâm Gò Vấp- Giá Tốt Nhất Khu 90m2(5x18)- nhỉnh,Mặt Tiền Kinh Doanh 5 Tầng Khu CYTYLAND Trung Tâm Gò Vấp- Giá Tốt Nhất Khu 90m2(5x18)- nhỉnh,,,Gò Vấp,Hồ Chí Minh,title,consistent,unclear,success,
161442,https://batdongsan.vn/nha-dep-hoang-van-thu-le-van-sy-p2-tret-2-lau-st-4x8m-59-ty-tl-r161442,"Tân Bình, Hồ Chí Minh","Nhà đẹp Hoàng Văn Thụ, Lê Văn Sỹ, P2, trệt 2 lầu ST, 4x8m, 5.9 tỷ TL","Nhà đẹp Hoàng Văn Thụ, Lê Văn Sỹ, P2, trệt 2 lầu ST, 4x8m, 5.9 tỷ TL","Nhà đẹp Hoàng Văn Thụ, Lê Văn Sỹ, P2, trệt 2 lầu ST, 4x8m, 5.9 tỷ TL",,,Tân Bình,Hồ Chí Minh,title,consistent,unclear,success,
143333,https://batdongsan.vn/nha-chi-328-ty-duong-tran-van-on-quan-tan-phu-r143333,"Tân Phú, Hồ Chí Minh","Nhà Chỉ 3.28 Tỷ, Đường Trần Văn Ơn, Quận Tân Phú","Đường Trần Văn Ơn, Quận Tân Phú","Đường Trần Văn Ơn, Quận Tân Phú",Đường Trần Văn Ơn,,Tân Phú,Hồ Chí Minh,title,consistent,street_only,success,
182304,https://batdongsan.vn/ban-nha-pho-183-ha-huy-giap-quan-12-r182304,"Quận 12, Hồ Chí Minh","🏠 BÁN NHÀ PHỐ – 183 HÀ HUY GIÁP, QUẬN 12","Ngay trục đường Hà Huy Giáp, giao thông thuận tiện, dân cư đông đúc, thích hợp kinh doanh đa ngành","Ngay trục đường Hà Huy Giáp, giao thông thuận tiện, dân cư đông đúc, thích hợp kinh doanh đa ngành",Đường Hà Huy,,Quận 12 Quận 12,Hồ Chí Minh,dedicated_address,consistent,street_only,success,
97190,https://batdongsan.vn/kha-tri-tan-binh-sat-quan-10-61m2-ngang-5m-3-tang-dep-o-lien-chi-58-ty-r267369,"Tân Bình, Hồ Chí Minh","KHA TRÍ TÂN BÌNH SÁT QUẬN 10, 61M2, NGANG 5M, 3 TẦNG ĐẸP Ở LIỀN CHỈ 5.8 TỶ","KHA TRÍ TÂN BÌNH SÁT QUẬN 10, 61M2, NGANG 5M, 3 TẦNG ĐẸP Ở LIỀN CHỈ 5.8 TỶ","KHA TRÍ TÂN BÌNH SÁT QUẬN 10, 61M2, NGANG 5M, 3 TẦNG ĐẸP Ở LIỀN CHỈ 5.8 TỶ",Kha Trí Tân Bình Sát Quận,,Quận 10,Hồ Chí Minh,description,suspicious,street_only,success,
151126,https://batdongsan.vn/58m-ban-nha-2-tang2pn1-le-van-thop11-go-vap-nhinh-3-ty-r151126,"Gò Vấp, Hồ Chí Minh","5❌8M, BÁN NHÀ 2 TẦNG✨2PN,1/ LÊ VĂN THỌ,P11 GÒ VẤP, NHỈNH 3 TỶ","5❌8M, BÁN NHÀ 2 TẦNG✨2PN,1/ LÊ VĂN THỌ,P11 GÒ VẤP, NHỈNH 3 TỶ","5❌8M, BÁN NHÀ 2 TẦNG✨2PN,1/ LÊ VĂN THỌ,P11 GÒ VẤP, NHỈNH 3 TỶ","5❌8M, Bán Nhà",,Gò Vấp,Hồ Chí Minh,title,consistent,house_number_and_street,success,
116091,https://batdongsan.vn/biet-thu-mini-tan-binh-4-tang-4pn-ngang-be-the-6m1-nhinh-6-ty-r116091,"Tân Bình, Hồ Chí Minh",BIỆT THỰ MINI TÂN BÌNH -4 TẦNG-4PN-NGANG BỀ THẾ 6M1-NHỈNH 6 TỶ,BIỆT THỰ MINI TÂN BÌNH -4 TẦNG-4PN-NGANG BỀ THẾ 6M1-NHỈNH 6 TỶ,BIỆT THỰ MINI TÂN BÌNH -4 TẦNG-4PN-NGANG BỀ THẾ 6M1-NHỈNH 6 TỶ,Biệt Thự Mini Tân Bình,,Tân Bình,Hồ Chí Minh,title,consistent,street_only,success,
172232,https://batdongsan.vn/ban-sieu-pham-7-tang-mat-tien-kinh-doanh-duong-nguyen-thai-hoc-quan-1-chu-nha-de-thuong-giam-r172232,"Quận 1, Hồ Chí Minh","BÁN SIÊU PHẨM 7 TẦNG - MẶT TIỀN KINH DOANH ĐƯỜNG NGUYỄN THÁI HỌC, QUẬN 1 - CHỦ NHÀ DỄ THƯƠNG GIẢM","MẶT TIỀN KINH DOANH ĐƯỜNG NGUYỄN THÁI HỌC, QUẬN 1 - CHỦ NHÀ DỄ THƯƠNG GIẢM","MẶT TIỀN KINH DOANH ĐƯỜNG NGUYỄN THÁI HỌC, QUẬN 1 - CHỦ NHÀ DỄ THƯƠNG GIẢM",Mặt Tiền Kinh Doanh Đường Nguyễn Thái Học,,Quận 1,Hồ Chí Minh,title,consistent,street_only,success,
177755,https://batdongsan.vn/ban-nha-toa-nha-7-tang-hem-6m-le-van-huan-8x28m-co-45-chdv-khoan-135tr-34-ty-r177755,"Tân Bình, Hồ Chí Minh","Bán nhà Tòa nhà 7 Tầng, hẻm 6m Lê Văn Huân, 8x28m, có 45 CHDV, khoán 135tr, 34 tỷ.","Mặt tiền Lê Văn Huân, kết nối Cộng Hòa ra đường C12 vào Nhà ga T3 sân bay Tân Sơn Nhất","Mặt tiền Lê Văn Huân, kết nối Cộng Hòa ra đường C12 vào Nhà ga T3 sân bay Tân Sơn Nhất",Mặt Tiền Lê Văn Huân,,Tân Bình,Hồ Chí Minh,dedicated_address,consistent,street_only,success,
125721,https://batdongsan.vn/nha-sat-mat-tien-nguyen-thuong-hien-pn-5-tang-3-pn-hoan-cong-r125721,"Phú Nhuận, Hồ Chí Minh",Nhà Sát Mặt Tiền Nguyễn Thượng Hiền - PN -5 tầng - 3 PN -Hoàn công,Mặt Tiền Nguyễn Thượng Hiền - PN -5 tầng - 3 PN -Hoàn công,Mặt Tiền Nguyễn Thượng Hiền - PN -5 tầng - 3 PN -Hoàn công,Mặt Tiền Nguyễn Thượng Hiền,,Phú Nhuận,Hồ Chí Minh,title,consistent,street_only,success,
104297,https://batdongsan.vn/qua-re-chi-duoi-3-ty-day-du-cong-nang-ngay-gan-cho-hiep-binh-hem-xe-hoi-r274491,"Thủ Đức, Hồ Chí Minh",QUÁ RẺ CHỈ DƯỚI 3 TỶ - ĐẦY ĐỦ CÔNG NĂNG - NGAY GẦN CHỢ HIỆP BÌNH - HẺM XE HƠI,HẺM XE HƠI,HẺM XE HƠI,Quá Rẻ Chỉ Dưới,,Thủ Đức,Hồ Chí Minh,title,consistent,alley_or_lane,success,
152305,https://batdongsan.vn/phu-nhuan-nhinh-4-ty-hem-3-gac-4-lau-moi-dep-ngang-hon-4m-3-pn-cuc-dep-r152305,"Phú Nhuận, Hồ Chí Minh",PHÚ NHUẬN - NHỈNH 4 TỶ - HẺM 3 GÁC - 4 LẦU MỚI ĐẸP - NGANG HƠN 4M - 3 PN CỰC ĐẸP.,HẺM 3 GÁC - 4 LẦU MỚI ĐẸP - NGANG HƠN 4M - 3 PN CỰC ĐẸP.,HẺM 3 GÁC - 4 LẦU MỚI ĐẸP - NGANG HƠN 4M - 3 PN CỰC ĐẸP.,Hẻm 3 Gác,,Phú Nhuận,Hồ Chí Minh,title,consistent,alley_or_lane,success,
134211,https://batdongsan.vn/sieu-pham-4-tang-quang-trung-p11-go-vap-79m2-tang-full-noi-that-gia-668-ty-tl-r134211,"Gò Vấp, Hồ Chí Minh",Siêu Phẩm 4 tầng Quang Trung P11 Gò Vấp 79m2 tặng full nội thất giá 6.68 tỷ TL,Siêu Phẩm 4 tầng Quang Trung P11 Gò Vấp 79m2 tặng full nội thất giá 6.68 tỷ TL,Siêu Phẩm 4 tầng Quang Trung P11 Gò Vấp 79m2 tặng full nội thất giá 6.68 tỷ TL,,,Gò Vấp,Hồ Chí Minh,title,consistent,unclear,success,
99686,https://batdongsan.vn/ban-nha-hem-413-le-van-quoi-binh-tan-40m2-3-tang-btct-3pn-chi-nhinh-4-ty-tl-r269869,"Bình Tân, Hồ Chí Minh","Bán nhà hẻm 413 Lê Văn Quới Bình Tân, 40m2, 3 tầng BTCT, 3PN, chỉ nhỉnh 4 tỷ TL",hẻm 413 Lê Văn Quới Bình Tân,hẻm 413 Lê Văn Quới Bình Tân,"Btct, 3Pn,",,Bình Tân,Hồ Chí Minh,title,consistent,alley_or_lane,success,
177000,https://batdongsan.vn/tan-phu-nguyen-quy-anh-moi-tien-ich-xung-quanh-3-tang-4x16m-6x-ty-r177000,"Tân Phú, Hồ Chí Minh","Tân Phú - Nguyễn Quý Anh. Mọi tiện ích xung quanh, 3 tầng, 4x16m 6.x tỷ","Tân Phú - Nguyễn Quý Anh. Mọi tiện ích xung quanh, 3 tầng, 4x16m 6.x tỷ","Tân Phú - Nguyễn Quý Anh. Mọi tiện ích xung quanh, 3 tầng, 4x16m 6.x tỷ",,,Tân Phú,Hồ Chí Minh,title,consistent,unclear,success,
190887,https://batdongsan.vn/chinh-chu-ban-can-goc-3-mat-tien-kinh-doanh-duong-tran-quang-khai-ptan-dinh-quan-1-ngay-cho-r190887,"Quận 1, Hồ Chí Minh","CHÍNH CHỦ BÁN CĂN GÓC 3 MẶT TIỀN KINH DOANH ĐƯỜNG TRẦN QUANG KHẢI, P.TÂN ĐỊNH, QUẬN 1 - NGAY CHỢ",MẶT TIỀN KINH DOANH ĐƯỜNG TRẦN QUANG KHẢI,MẶT TIỀN KINH DOANH ĐƯỜNG TRẦN QUANG KHẢI,Ngay Chợ,,Quận 1,Hồ Chí Minh,title,consistent,street_only,success,
116836,https://batdongsan.vn/ban-nha-binh-thanh-hiem-45m2-no-hau-hem-thong-chi-4-ty-le-r116836,"Bình Thạnh, Hồ Chí Minh",BÁN NHÀ BÌNH THẠNH HIẾM – 45M2 – NỞ HẬU – HẺM THÔNG – CHỈ 4 TỶ LẺ,HẺM THÔNG – CHỈ 4 TỶ LẺ,HẺM THÔNG – CHỈ 4 TỶ LẺ,Bán Nhà Bình Thạnh Hiếm,,Bình Thạnh,Hồ Chí Minh,title,consistent,alley_or_lane,success,
100821,https://batdongsan.vn/ban-nha-tinh-lo-10-binh-tan-hxh-84m2-2-tang-btct-kinh-doanh-nhinh-5-ty-tl-r271004,"Bình Tân, Hồ Chí Minh","Bán nhà Tỉnh Lộ 10 Bình Tân HXH 84m2, 2 tầng BTCT, KINH DOANH, nhỉnh 5 tỷ TL","Bán nhà Tỉnh Lộ 10 Bình Tân HXH 84m2, 2 tầng BTCT, KINH DOANH, nhỉnh 5 tỷ TL","Bán nhà Tỉnh Lộ 10 Bình Tân HXH 84m2, 2 tầng BTCT, KINH DOANH, nhỉnh 5 tỷ TL","Btct, Kinh Doanh,",,Bình Tân,Hồ Chí Minh,title,consistent,alley_or_lane,success,
145369,https://batdongsan.vn/toa-nha-mat-tien-kinh-doanh-sam-uat-dong-den-tan-binh-co-ham-de-xe-5-tang-60m2-chi-165-ty-r145369,"Tân Bình, Hồ Chí Minh","TOÀ NHÀ MẶT TIỀN KINH DOANH SẦM UẤT ĐỒNG ĐEN TÂN BÌNH, CÓ HẦM ĐỂ XE - 5 TẦNG 60M2 CHỈ 16.5 TỶ",MẶT TIỀN KINH DOANH SẦM UẤT ĐỒNG ĐEN TÂN BÌNH,MẶT TIỀN KINH DOANH SẦM UẤT ĐỒNG ĐEN TÂN BÌNH,,,Tân Bình,Hồ Chí Minh,title,consistent,unclear,success,
147942,https://batdongsan.vn/mat-tien-duong-ba-trieu-duong-20m-vua-o-vua-kinh-doanh-buon-ban-sam-uat-nha-cap-4-tien-xay-moi-r147942,"Hóc Môn, Hồ Chí Minh",MẶT TIỀN ĐƯỜNG BÀ TRIỆU ĐƯỜNG 20M VỪA Ở VỪA KINH DOANH BUÔN BÁN SẦM UẤT - NHÀ CẤP 4 TIỆN XÂY MỚI,MẶT TIỀN ĐƯỜNG BÀ TRIỆU ĐƯỜNG 20M VỪA Ở VỪA KINH DOANH BUÔN BÁN SẦM UẤT - NHÀ CẤP 4 TIỆN XÂY MỚI,MẶT TIỀN ĐƯỜNG BÀ TRIỆU ĐƯỜNG 20M VỪA Ở VỪA KINH DOANH BUÔN BÁN SẦM UẤT - NHÀ CẤP 4 TIỆN XÂY MỚI,Vừa Kinh Doanh Buôn Bán Sầm Uất,,Hóc Môn,Hồ Chí Minh,title,consistent,street_only,success,
93698,https://batdongsan.vn/nha-tan-thoi-hiep-quan-12-6-ty100m2tang-noi-that-1-ty-r263873,"Quận 12, Hồ Chí Minh","NHÀ TÂN THỚI HIỆP, QUẬN 12, 6 tỷ,100m2,TẶNG NỘI THẤT 1 TỲ","NHÀ TÂN THỚI HIỆP, QUẬN 12, 6 tỷ,100m2,TẶNG NỘI THẤT 1 TỲ","NHÀ TÂN THỚI HIỆP, QUẬN 12, 6 tỷ,100m2,TẶNG NỘI THẤT 1 TỲ","Nhà Tân Thới Hiệp, Quận",,Quận 12,Hồ Chí Minh,description,consistent,street_only,success,
137969,https://batdongsan.vn/ban-nha-hem-duong-bui-dinh-tuy-p24-q-binh-thanh-6x24m-chi-248-ty-r137969,"Bình Thạnh, Hồ Chí Minh","Bán Nhà Hẻm Đường Bùi Đình Túy, P24, Q. Bình Thạnh, 6x24m, Chỉ 24.8 Tỷ",Hẻm Đường Bùi Đình Túy,Hẻm Đường Bùi Đình Túy,,,Q. Bình Thạnh,Hồ Chí Minh,title,consistent,alley_or_lane,success,
147665,https://batdongsan.vn/ban-nha-mattien-duong-huynh-van-banh-p11-phu-nhuan-40-ty-46x23m-r147665,"Phú Nhuận, Hồ Chí Minh","Bán Nhà MặtTiền Đường Huỳnh Văn Bánh, P.11, Phú Nhuận, 40 Tỷ (4.6x23m)",Đường Huỳnh Văn Bánh,Đường Huỳnh Văn Bánh,,,Phú Nhuận,Hồ Chí Minh,title,consistent,street_only,success,
107552,https://batdongsan.vn/ban-nha-hxh-duong-ma-lo-dt-485x13m-3-lau-gia-56-ty-tl-lien-he-ngay-r277746,"Bình Tân, Hồ Chí Minh","Bán nhà HXH đường MÃ LÒ, DT: 4.85x13m, 3 lầu, giá: 5.6 tỷ TL Liên Hệ Ngay","Khu dân cư an ninh, dân trí cao, văn minh, sạch sẽ","Khu dân cư an ninh, dân trí cao, văn minh, sạch sẽ",Đường Mã Lò,,Bình Tân,Hồ Chí Minh,dedicated_address,consistent,project_or_residential_area,success,
81449,https://batdongsan.vn/nha-dep-truong-cong-dinh-33-x-10m-1-lau-38-ty-tan-binh-r251600,"Tân Bình, Hồ Chí Minh","Nhà đẹp, Trương Công Định, 3.3 x 10m, 1 lầu, 3.8 tỷ, Tân Bình","Nhà đẹp, Trương Công Định, 3.3 x 10m, 1 lầu, 3.8 tỷ, Tân Bình","Nhà đẹp, Trương Công Định, 3.3 x 10m, 1 lầu, 3.8 tỷ, Tân Bình",,,Tân Bình,Hồ Chí Minh,title,consistent,unclear,success,
178284,https://batdongsan.vn/ban-nha-goc-2mt-dang-kinh-doanh-cafe-12-chdv-thu-nhap-cao-so-hong-rieng-vi-tri-dep-r178284,"Tân Phú, Hồ Chí Minh","Bán Nhà Góc 2MT Đang Kinh Doanh Café & 12 CHDV Thu Nhập Cao, Sổ Hồng Riêng, Vị Trí Đẹp","Bán Nhà Góc 2MT Đang Kinh Doanh Café & 12 CHDV Thu Nhập Cao, Sổ Hồng Riêng, Vị Trí Đẹp","Bán Nhà Góc 2MT Đang Kinh Doanh Café & 12 CHDV Thu Nhập Cao, Sổ Hồng Riêng, Vị Trí Đẹp",,,Tân Phú,Hồ Chí Minh,title,consistent,unclear,success,
98500,https://batdongsan.vn/nha-moi-cach-1-can-ra-mat-tien-canh-vua-bien-68-le-trong-tan-39-ty-r268680,"Tân Phú, Hồ Chí Minh","Nhà mới cách 1 căn ra mặt tiền, cạnh Vua Biển 68 Lê Trọng Tấn, 3.9 tỷ","Nhà mới cách 1 căn ra mặt tiền, cạnh Vua Biển 68 Lê Trọng Tấn, 3.9 tỷ","Nhà mới cách 1 căn ra mặt tiền, cạnh Vua Biển 68 Lê Trọng Tấn, 3.9 tỷ",,,Tân Phú,Hồ Chí Minh,title,consistent,landmark_only,success,
155555,https://batdongsan.vn/ban-gap-nha-mat-pho-q11-14-ty-106m2-3-tang-nhinh-14-ty-r155555,"Quận 11, Hồ Chí Minh","Bán gấp nhà mặt phố Q.11, 14 tỷ, 106m², 3 tầng, nhỉnh 
14 tỷ",phố Q.11,phố Quận 11,Phố Q,,Quận 11,Hồ Chí Minh,title,consistent,street_only,success,
110666,https://batdongsan.vn/cuc-pham-trung-tam-thanh-xuan-lo-goc-kinh-doanh-nhinh-7-ty-r280860,"Thanh Xuân, Hà Nội",CỰC PHẨM - TRUNG TÂM THANH XUÂN - LÔ GÓC- KINH DOANH - NHỈNH 7 TỶ,CỰC PHẨM - TRUNG TÂM THANH XUÂN - LÔ GÓC- KINH DOANH - NHỈNH 7 TỶ,CỰC PHẨM - TRUNG TÂM THANH XUÂN - LÔ GÓC- KINH DOANH - NHỈNH 7 TỶ,Trung Tâm Thanh Xuân,,Thanh Xuân,Hà Nội,title,consistent,street_only,success,
146531,https://batdongsan.vn/ban-nha-dep-mat-ngo-thong-pho-cho-kham-thien-28m2-5tang-mat-tien-28m-48-ty-dong-da-r146531,"Đống Đa, Hà Nội",Bán nhà đẹp mặt ngõ thông phố Chợ Khâm Thiên 28m2 5tầng mặt tiền 2.8m 4.8 Tỷ Đống Đa,ngõ thông phố Chợ Khâm Thiên 28m2 5tầng mặt tiền 2.8m 4.8 Tỷ Đống Đa,ngõ thông phố Chợ Khâm Thiên 28m2 5tầng mặt tiền 2.8m 4.8 Tỷ Đống Đa,,,Đống Đa,Hà Nội,title,consistent,alley_or_lane,success,
110452,https://batdongsan.vn/nha-pho-nguyen-chi-thanh50mngay-bai-gui-o-togan-chodan-tri-cao74-ty0348051001-r280646,"Đống Đa, Hà Nội","Nhà phố Nguyễn Chí Thanh,50m,ngay bãi gửi ô tô,gần chợ,dân trí cao,7.4 tỷ,0348051001",phố Nguyễn Chí Thanh,phố Nguyễn Chí Thanh,,,Đống Đa,Hà Nội,title,consistent,street_only,success,
87529,https://batdongsan.vn/ban-nha-ha-dong-ha-noi-o-to-do-cua-dien-tich-rong-52m2-gia-35-ty-r257697,"Hà Đông, Hà Nội","Bán nhà Hà Đông – Hà Nội; Ô tô đỗ cửa, diện tích rộng; 52m2 Giá 3.5 tỷ.","Bán nhà Hà Đông – Hà Nội; Ô tô đỗ cửa, diện tích rộng; 52m2 Giá 3.5 tỷ.","Bán nhà Hà Đông – Hà Nội; Ô tô đỗ cửa, diện tích rộng; 52m2 Giá 3.5 tỷ.",,,Hà Đông,Hà Nội,title,consistent,unclear,success,
192031,https://batdongsan.vn/toa-nha-9-tang-2-mat-tien-dang-cap-sieu-pham-10m-ra-mat-pho-truong-chinh-gara-4-o-to-r192031,"Đống Đa, Hà Nội",TÒA NHÀ 9 TẦNG 2 MẶT TIỀN  ĐẲNG CẤP- SIÊU PHẨM 10M RA MẶT PHỐ TRƯỜNG CHINH – GARA 4 Ô TÔ,MẶT TIỀN  ĐẲNG CẤP- SIÊU PHẨM 10M RA MẶT PHỐ TRƯỜNG CHINH – GARA 4 Ô TÔ,MẶT TIỀN ĐẲNG CẤP- SIÊU PHẨM 10M RA MẶT PHỐ TRƯỜNG CHINH – GARA 4 Ô TÔ,Mặt Tiền  Đẳng Cấp,,Đống Đa,Hà Nội,title,consistent,street_only,success,
173680,https://batdongsan.vn/can-nha-cuoi-cung-gia-tot-nhat-vo-chi-cong-ho-tay-giam-ngay-800-trieu-r173680,"Cầu Giấy, Hà Nội","CĂN NHÀ CUỐI CÙNG GIÁ TỐT NHẤT VÕ CHÍ CÔNG - HỒ TÂY, GIẢM NGAY 800 TRIỆU!","CĂN NHÀ CUỐI CÙNG GIÁ TỐT NHẤT VÕ CHÍ CÔNG - HỒ TÂY, GIẢM NGAY 800 TRIỆU!","CĂN NHÀ CUỐI CÙNG GIÁ TỐT NHẤT VÕ CHÍ CÔNG - HỒ TÂY, GIẢM NGAY 800 TRIỆU!",Căn Nhà Cuối Cùng Giá Tốt Nhất Võ Chí Công,,Cầu Giấy,Hà Nội,title,consistent,street_only,success,
135179,https://batdongsan.vn/ban-nha-tan-mai-hoang-mai-50-m2-5-tang-tm-mat-tien-4-m-gia-1025-ty-r135179,"Hoàng Mai, Hà Nội","BÁN NHÀ TÂN MAI- HOÀNG MAI, 50 M2, 5 TẦNG TM, MẶT TIỀN 4 M, GIÁ 10,25 TỶ.",MẶT TIỀN 4 M,MẶT TIỀN 4 M,Mặt Tiền 4 M Bán Nhà Tân Mai,,Hoàng Mai,Hà Nội,title,consistent,street_only,success,
171454,https://batdongsan.vn/ban-can-nha-dep-5-tang-47m2-ngoc-thuy-long-bien-r171454,"Long Biên, Hà Nội","BÁN CĂN NHÀ ĐẸP, 5 TẦNG 47M2 NGỌC THỤY LONG BIÊN","BÁN CĂN NHÀ ĐẸP, 5 TẦNG 47M2 NGỌC THỤY LONG BIÊN","BÁN CĂN NHÀ ĐẸP, 5 TẦNG 47M2 NGỌC THỤY LONG BIÊN","Bán Căn Nhà Đẹp,",,Long Biên,Hà Nội,title,consistent,street_only,success,
193973,https://batdongsan.vn/ban-nha-thanh-am-long-bienoto-do-congmoi-tinh-gan-cho-truong-62m-r193973,"Long Biên, Hà Nội","BÁN NHÀ THANH AM LONG BIÊN,OTO ĐỖ CỔNG,MỚI TINH, GẦN CHỢ ,TRƯỜNG 62M","BÁN NHÀ THANH AM LONG BIÊN,OTO ĐỖ CỔNG,MỚI TINH, GẦN CHỢ ,TRƯỜNG 62M","BÁN NHÀ THANH AM LONG BIÊN,OTO ĐỖ CỔNG,MỚI TINH, GẦN CHỢ ,TRƯỜNG 62M","Bán Nhà Thanh Am Long Biên,Oto Đỗ Cổng,Mới Tinh, Gần Chợ ,Trường 62M",,Long Biên,Hà Nội,title,consistent,street_only,success,
188118,https://batdongsan.vn/ban-nha-co-linh-lo-goc-via-he-xe-container-quay-dau-r188118,"Long Biên, Hà Nội","bán nhà Cổ Linh, lô góc, vỉa hè, xe container quay đầu","khu vực Cổ Linh, gần Aeonmall, cách cầu Trần Hưng Đạo 500m, trước nhà vỉa hè, xe container quay đầu, view vườn hoa","khu vực Cổ Linh, gần Aeonmall, cách cầu Trần Hưng Đạo 500m, trước nhà vỉa hè, xe container quay đầu, view vườn hoa",,,Long Biên,Hà Nội,dedicated_address,consistent,landmark_only,success,
105457,https://batdongsan.vn/ban-nha-lo-goc-ngoc-lam-nguyen-van-cu-65m2-x-5tang-gara-full-noi-that-r275651,"Long Biên, Hà Nội","bán nhà lô góc Ngọc Lâm-Nguyễn Văn Cừ, 65m² x 5tầng, gara, full nội thất","bán nhà lô góc Ngọc Lâm-Nguyễn Văn Cừ, 65m² x 5tầng, gara, full nội thất","bán nhà lô góc Ngọc Lâm-Nguyễn Văn Cừ, 65m² x 5tầng, gara, full nội thất",,,Long Biên,Hà Nội,title,consistent,unclear,success,
167726,https://batdongsan.vn/nha-pho-viet-hung-56-ty-190m-via-he-rongkinh-doanh-dinhlong-bien-ha-noi-r167726,"Long Biên, Hà Nội","NHÀ PHỐ VIỆT HƯNG 56 tỷ 190m VỈA HÈ RỘNG,KINH DOANH ĐỈNH,LONG BIÊN HÀ NỘI",PHỐ VIỆT HƯNG 56 tỷ 190m VỈA HÈ RỘNG,PHỐ VIỆT HƯNG 56 tỷ 190m VỈA HÈ RỘNG,Nhà Phố Việt Hưng,,Long Biên,Hà Nội,title,consistent,street_only,success,
152802,https://batdongsan.vn/nha-dep-o-ngay-tang-noi-that-gan-otochu-nha-lam-chuyen-noi-lam-an-nen-ban-lai-r152802,"Bắc Từ Liêm, Hà Nội",NHÀ ĐẸP Ở NGAY - TẶNG NỘI THẤT - GẦN OTO.Chủ nhà làm chuyển nơi làm ăn nên bán lại.,NHÀ ĐẸP Ở NGAY - TẶNG NỘI THẤT - GẦN OTO.Chủ nhà làm chuyển nơi làm ăn nên bán lại.,NHÀ ĐẸP Ở NGAY - TẶNG NỘI THẤT - GẦN OTO.Chủ nhà làm chuyển nơi làm ăn nên bán lại.,Nhà Đẹp,,Bắc Từ Liêm,Hà Nội,title,consistent,street_only,success,
129372,https://batdongsan.vn/ban-nha-mat-pho-an-duong-vuong-110m2-x-3-tang-mat-tien-55m-o-to-tranh-r129372,"Tây Hồ, Hà Nội",Bán nhà  mặt phố An Dương Vương 110m2 x 3 tầng mặt tiền 5.5m ô tô tránh,phố An Dương Vương 110m2 x 3 tầng mặt tiền 5.5m ô tô tránh,phố An Dương Vương 110m2 x 3 tầng mặt tiền 5.5m ô tô tránh,,,Tây Hồ,Hà Nội,title,consistent,street_only,success,
182575,https://batdongsan.vn/nguyen-khang-51m-chi-79-ty-nha-depfull-noi-thatgan-bai-gui-xengo-thong-r182575,"Cầu Giấy, Hà Nội","NGUYỄN KHANG 51M CHỈ 7,9 TỶ NHÀ ĐẸP,FULL NỘI THẤT,GẦN BÃI GỦI XE,NGÕ THÔNG","Nguyễn Khang, Yên Hòa, Cầu Giấy, Hà Nội (ngõ thông các hướng nha, đi lại tiện lợi lắm ạ!)","Nguyễn Khang, Yên Hòa, Cầu Giấy, Hà Nội (ngõ thông các hướng nha, đi lại tiện lợi lắm ạ!)",Ngõ Thông Các Hướng Nha,,Cầu Giấy,Hà Nội,dedicated_address,consistent,alley_or_lane,success,
139198,https://batdongsan.vn/ban-nha-pho-hoang-cau-khu-phan-lo-gan-ho-sinh-thai-42mx4t-gia-1295-ty-lh-0396935190-r139198,"Đống Đa, Hà Nội","Bán nhà Phố Hoàng Cầu, Khu Phân Lô, Gần Hồ Sinh Thái, 42mx4T, Giá: 12.95 Tỷ, Lh: 0396935190.",Phố Hoàng Cầu,Phố Hoàng Cầu,Phố Hoàng Cầu Bán Nhà Phố Hoàng Cầu,,Đống Đa,Hà Nội,title,consistent,street_only,success,
136769,https://batdongsan.vn/ban-nha-dinh-cong-hoang-mai-lo-goc-o-to-qua-61m2-87-ty-r136769,"Hoàng Mai, Hà Nội","BÁN NHÀ ĐỊNH CÔNG, HOÀNG MAI, LÔ GÓC Ô TÔ QUA, 61M2, 8.7 TỶ","BÁN NHÀ ĐỊNH CÔNG, HOÀNG MAI, LÔ GÓC Ô TÔ QUA, 61M2, 8.7 TỶ","BÁN NHÀ ĐỊNH CÔNG, HOÀNG MAI, LÔ GÓC Ô TÔ QUA, 61M2, 8.7 TỶ","Bán Nhà Định Công, Hoàng Mai, Lô Góc",,Hoàng Mai,Hà Nội,title,consistent,street_only,success,
186640,https://batdongsan.vn/sieu-pham-chinh-chu-ban-nha-lo-goc-3-thoang-mat-ho-7-tang-thang-may-pho-bo-de-long-bien-ha-noi-r186640,"Long Biên, Hà Nội","Siêu Phẩm chính chủ bán nhà lô góc 3 thoáng mặt hồ- 7 tầng thang máy- phố Bồ Đề. Long Biên, Hà Nội",phố Bồ Đề. Long Biên,phố Bồ Đề. Long Biên,Phố Bồ Đề,,Long Biên,Hà Nội,title,consistent,street_only,success,
181382,https://batdongsan.vn/ban-nha-2-mat-pho-quang-trung-ly-thuong-kiet-80m2-6-tang-thang-may-gia-23-ty-r181382,"Hà Đông, Hà Nội",BÁN NHÀ 2 MẶT PHỐ – QUANG TRUNG & LÝ THƯỜNG KIỆT – 80M² – 6 TẦNG – THANG MÁY – GIÁ 23 TỶ,PHỐ – QUANG TRUNG & LÝ THƯỜNG KIỆT – 80M² – 6 TẦNG – THANG MÁY – GIÁ 23 TỶ,PHỐ – QUANG TRUNG & LÝ THƯỜNG KIỆT – 80M² – 6 TẦNG – THANG MÁY – GIÁ 23 TỶ,Bán Nhà,,Hà Đông,Hà Nội,title,consistent,street_only,success,
175154,https://batdongsan.vn/ban-nha-bach-mai-hai-ba-trung-4-tang-thang-may-full-noi-that-dep-gan-pho-50m-105-ty-r175154,"Hai Bà Trưng, Hà Nội","BÁN NHÀ BẠCH MAI HAI BÀ TRƯNG 4 TẦNG THANG MÁY FULL NỘI THẤT ĐẸP GẦN PHỐ 50M 10,5 TY",PHỐ 50M 10,PHỐ 50M 10,Bán Nhà Bạch Mai Hai Bà Trưng,,Hai Bà Trưng,Hà Nội,title,consistent,street_only,success,
85293,https://batdongsan.vn/ban-nha-dat-dich-vu-kdt-van-khe-o-to-vao-nha-50m2-5-tang-thiet-ke-hop-ly-nhinh-8-ty-r255458,"Hà Đông, Hà Nội","Bán nhà đất dịch vụ KĐT Văn Khê, ô tô vào nhà, 50m2, 5 tầng, thiết kế hợp lý, nhỉnh 8 tỷ","Bán nhà đất dịch vụ KĐT Văn Khê, ô tô vào nhà, 50m2, 5 tầng, thiết kế hợp lý, nhỉnh 8 tỷ","Bán nhà đất dịch vụ KĐT Văn Khê, ô tô vào nhà, 50m2, 5 tầng, thiết kế hợp lý, nhỉnh 8 tỷ",,,Hà Đông,Hà Nội,title,consistent,project_or_residential_area,success,
81751,https://batdongsan.vn/ban-nha-mat-pho-to-huu-le-trong-tan-60m2-4-tango-to-kinh-doanh-chi-12-ty-cuc-chat-r251902,"Hà Đông, Hà Nội","BÁN NHÀ MẶT PHỐ TỐ HỮU, LÊ TRỌNG TẤN, 60M2, 4 TẦNG,Ô TÔ, KINH DOANH, CHỈ 12 TỶ, CỰC CHẤT.",PHỐ TỐ HỮU,PHỐ TỐ HỮU,"Bán Nhà Mặt Phố Tố Hữu, Lê Trọng Tấn, 60M2,",,Hà Đông,Hà Nội,title,consistent,street_only,success,
110349,https://batdongsan.vn/ban-nha-dam-quang-trung-long-bien-40m2-6-tang-62-ty-thang-may-gara-oto-7-cho-r280543,"Long Biên, Hà Nội","Bán nhà Đàm Quang trung Long Biên 40m2 _ 6 tầng _ 6,2 tỷ thang máy GARa ôtô 7 chỗ","Bán nhà Đàm Quang trung Long Biên 40m2 _ 6 tầng _ 6,2 tỷ thang máy GARa ôtô 7 chỗ","Bán nhà Đàm Quang trung Long Biên 40m2 _ 6 tầng _ 6,2 tỷ thang máy GARa ôtô 7 chỗ",,,Long Biên,Hà Nội,title,consistent,unclear,success,
145802,https://batdongsan.vn/hiem-chinh-chu-gui-ban-nha-tai-pho-chua-quynh-155-ty-60m2-6-t-mt-5m-gan-bach-mai-minh-khaihbt-r145802,"Hai Bà Trưng, Hà Nội","Hiếm Chính Chủ gửi bán nhà tại Phố Chùa Quỳnh 15,5 tỷ 60m2 6 T, MT 5m. Gần Bạch Mai Minh Khai...HBT",Phố Chùa Quỳnh 15,Phố Chùa Quỳnh 15,,,Hai Bà Trưng,Hà Nội,title,consistent,street_only,success,
124430,https://batdongsan.vn/ban-toa-van-phong-9-tang-mat-pho-ton-duc-thangvi-tri-lo-gocdt-110m2-gia-70-ty-r124430,"Đống Đa, Hà Nội",Bán Tòa Văn Phòng 9 Tầng Mặt Phố Tôn Đức Thắng.Vị Trí Lô Góc.DT 110m2. Giá 70 TỶ,Phố Tôn Đức Thắng.Vị Trí Lô Góc.DT 110m2. Giá 70 TỶ,Phố Tôn Đức Thắng.Vị Trí Lô Góc.DT 110m2. Giá 70 TỶ,,,Đống Đa,Hà Nội,title,consistent,street_only,success,
135873,https://batdongsan.vn/duong-hoang-mai-quan-hoang-mai-gia-binh-dan-cho-nguoi-thu-nhap-thap-r135873,"Hoàng Mai, Hà Nội",Đường Hoàng Mai- Quận Hoàng Mai- Giá bình dân cho người thu nhập thấp,Đường Hoàng Mai- Quận Hoàng Mai- Giá bình dân cho người thu nhập thấp,Đường Hoàng Mai- Quận Hoàng Mai- Giá bình dân cho người thu nhập thấp,Đường Hoàng Mai,,Quận Hoàng Mai,Hà Nội,title,consistent,street_only,success,
106387,https://batdongsan.vn/ban-nha-duong-quan-nhan-nhan-chinh-quan-thanh-xuan-4t-mt4m-kinh-doanh-dinh-o-to-qua-nhinh-4-ty-r276581,"Thanh Xuân, Hà Nội","BÁN NHÀ ĐƯỜNG QUAN NHÂN, NHÂN CHÍNH QUẬN THANH XUÂN 4T MT4M, KINH DOANH ĐỈNH, Ô TÔ QUA, NHỈNH 4 TỶ",ĐƯỜNG QUAN NHÂN,ĐƯỜNG QUAN NHÂN,Đường Quan Nhân Bán Nhà Đường Quan Nhân,,Thanh Xuân,Hà Nội,title,consistent,street_only,success,
157927,https://batdongsan.vn/nha-moi-dep-ve-o-luon-o-to-morning-do-cua-ngo-thong-so-vuong-dep-nhinh-3-ty-r157927,"Long Biên, Hà Nội","NHÀ MỚI ĐẸP VỀ Ở LUÔN – Ô TÔ MORNING ĐỖ CỬA – NGÕ THÔNG – SỔ VUÔNG ĐẸP , NHỈNH 3 T/Ỷ",NGÕ THÔNG – SỔ VUÔNG ĐẸP,NGÕ THÔNG – SỔ VUÔNG ĐẸP,Nhà Mới Đẹp Về,,Long Biên,Hà Nội,title,consistent,alley_or_lane,success,
130114,https://batdongsan.vn/nha-tay-ho-50m2-x-mat-tien-35m-phan-lo-o-to-tranh-r130114,"Tây Hồ, Hà Nội",Nhà TÂY HỒ 50m2 x mặt tiền 3.5M - Phân lô - Ô tô tránh.,mặt tiền 3.5M - Phân lô - Ô tô tránh.,mặt tiền 3.5M - Phân lô - Ô tô tránh.,Mặt Tiền 3,,Tây Hồ,Hà Nội,title,consistent,street_only,success,
101340,https://batdongsan.vn/hoang-cau-dong-da-via-he-thang-may-oto-kinh-doanh-68m-6tang-mt-45m-26-ty-0974014486-r271523,"Đống Đa, Hà Nội","Hoàng Cầu, Đống Đa, Vỉa Hè, Thang Máy, ÔTô, Kinh Doanh, 68m, 6Tầng, MT 4.5m, 26 Tỷ, 0974014486","Hoàng Cầu, Đống Đa, Vỉa Hè, Thang Máy, ÔTô, Kinh Doanh, 68m, 6Tầng, MT 4.5m, 26 Tỷ, 0974014486","Hoàng Cầu, Đống Đa, Vỉa Hè, Thang Máy, ÔTô, Kinh Doanh, 68m, 6Tầng, MT 4.5m, 26 Tỷ, 0974014486",,,Đống Đa,Hà Nội,title,consistent,unclear,success,
161260,https://batdongsan.vn/nha-moi-dong-co-thuy-khue-thang-may-dt-38m2-6-tang-mat-tien-62m-gia-115-ty-r161260,"Tây Hồ, Hà Nội",NHÀ MỚI ĐỒNG CỔ THỤY KHUÊ - THANG MÁY - DT 38m2 6 tầng mặt tiền 6.2m Giá 11.5 tỷ,mặt tiền 6.2m Giá 11.5 tỷ,mặt tiền 6.2m Giá 11.5 tỷ,Mặt Tiền 6,,Tây Hồ,Hà Nội,title,consistent,street_only,success,
149363,https://batdongsan.vn/cuc-pham-nha-moi-o-to-do-cua-khu-tong-cuc-lai-xa-dien-tich-30m2-tong-5-phong-ngu-gia-61-ty-r149363,"Hoài Đức, Hà Nội","Cực phẩm! Nhà mới ô tô đỗ cửa khu tổng cục Lai Xá, diện tích 30m2, tổng 5 phòng ngủ, giá 6.1 tỷ","Cực phẩm! Nhà mới ô tô đỗ cửa khu tổng cục Lai Xá, diện tích 30m2, tổng 5 phòng ngủ, giá 6.1 tỷ","Cực phẩm! Nhà mới ô tô đỗ cửa khu tổng cục Lai Xá, diện tích 30m2, tổng 5 phòng ngủ",,,Hoài Đức,Hà Nội,title,consistent,unclear,success,
121153,https://batdongsan.vn/ban-nha-rieng-yen-be-kim-chung-120m-den-truong-thpt-hoai-duc-a-oto-do-cua-nha-o-ngay-r121153,"Hoài Đức, Hà Nội","Bán nhà riêng Yên Bệ, Kim Chung. 120m đến trường THPT Hoài Đức A. Ôtô đỗ cửa. Nhà ở ngay","Nhà nằm ngay mặt đường trục chính Yên Bệ, Kim Chung","Nhà nằm ngay mặt đường trục chính Yên Bệ, Kim Chung",Đường Trục Chính Yên Bệ,,Hoài Đức,Hà Nội,dedicated_address,consistent,street_only,success,
135308,https://batdongsan.vn/ban-can-ho-tap-the-tang-1-nhan-hoa-vu-trong-phung-o-to-kd-72m-3pn-4-ty-hon-r135308,"Thanh Xuân, Hà Nội","Bán Căn Hộ Tập Thể Tầng 1 Nhân Hoà, Vũ Trọng Phụng, Ô Tô, KD 72m 3PN 4 Tỷ Hơn.","Bán Căn Hộ Tập Thể Tầng 1 Nhân Hoà, Vũ Trọng Phụng, Ô Tô, KD 72m 3PN 4 Tỷ Hơn.","Bán Căn Hộ Tập Thể Tầng 1 Nhân Hoà, Vũ Trọng Phụng, Ô Tô, KD 72m 3PN 4 Tỷ Hơn.",,,Thanh Xuân,Hà Nội,title,consistent,project_or_residential_area,success,
86397,https://batdongsan.vn/sieu-pham-van-quan-32m5t-nhinh-4-ty-nha-da-di-nang-r256565,"Hà Đông, Hà Nội","SIÊU PHẨM Văn Quán 32m*5t nhỉnh 4 tỷ, nhà đa di năng","SIÊU PHẨM Văn Quán 32m*5t nhỉnh 4 tỷ, nhà đa di năng","SIÊU PHẨM Văn Quán 32m*5t nhỉnh 4 tỷ, nhà đa di năng",,,Hà Đông,Hà Nội,title,consistent,unclear,success,
117411,https://batdongsan.vn/building-co-nho-doc-ngu-120m2-7-tang-59-ty-r117411,"Ba Đình, Hà Nội",Building cỡ nhỏ – Đốc Ngữ - 120m2 – 7 tầng – 59 tỷ,Building cỡ nhỏ – Đốc Ngữ - 120m2 – 7 tầng – 59 tỷ,Building cỡ nhỏ – Đốc Ngữ - 120m2 – 7 tầng – 59 tỷ,,,Ba Đình,Hà Nội,title,consistent,unclear,success,
196298,https://batdongsan.vn/nha-ho-tung-mauhang-xom-vinhomescach-oto-chi-30mdt38m2x5mt45m8ty-r196298,"Nam Từ Liêm, Hà Nội","NHÀ HỒ TÙNG MẬU,HÀNG XÓM VINHOMES,CÁCH OTO CHỈ 30M,DT:38M2x5,MT:4.5M,8TY","NHÀ HỒ TÙNG MẬU,HÀNG XÓM VINHOMES,CÁCH OTO CHỈ 30M,DT:38M2x5,MT:4.5M,8TY","NHÀ HỒ TÙNG MẬU,HÀNG XÓM VINHOMES,CÁCH OTO CHỈ 30M","Nhà Hồ Tùng Mậu,Hàng Xóm Vinhomes,Cách Oto Chỉ",,Nam Từ Liêm,Hà Nội,title,consistent,street_only,success,
182640,https://batdongsan.vn/ban-nha-6-tang-thang-may-truc-chinh-kinh-doanh-lo-goc-oto-kinh-doanh-gia-hon-8-ty-r182640,"Hoài Đức, Hà Nội","Bán nhà 6 tầng thang máy, trục chính kinh doanh, lô góc oto kinh doanh, giá hơn 8 tỷ.","Bán nhà 6 tầng thang máy, trục chính kinh doanh, lô góc oto kinh doanh, giá hơn 8 tỷ.","Bán nhà 6 tầng thang máy, trục chính kinh doanh, lô góc oto kinh doanh",,,Hoài Đức,Hà Nội,title,consistent,unclear,success,
163341,https://batdongsan.vn/ban-nha-phan-lo-63m2-hai-mat-tien-hon-6m-cau-giay-5-tang-gia-chi-18-ty-r163341,"Cầu Giấy, Hà Nội",BÁN NHÀ PHÂN LÔ 63m2 Hai MẶT TIỀN hơn 6m CẦU GIẤY  5 TẦNG  GIÁ CHỈ 18 TỶ,MẶT TIỀN hơn 6m CẦU GIẤY  5 TẦNG  GIÁ CHỈ 18 TỶ,MẶT TIỀN hơn 6m CẦU GIẤY 5 TẦNG GIÁ CHỈ 18 TỶ,Mặt Tiền Hơn 6M Cầu Giấy  5 Tầng,,Cầu Giấy,Hà Nội,title,consistent,street_only,success,
109964,https://batdongsan.vn/ban-nha-dai-mo-nam-tu-liem-mat-tien-4m-duong-nhua-oto-do-cua-5-tang-full-noi-thatdien-tich-35m-chi-hon-4-ty-r280158,"Nam Từ Liêm, Hà Nội","BÁN NHÀ ĐẠI MỖ-NAM TỪ LIÊM, MẶT TIỀN 4m ĐƯỜNG NHỰA, OTO ĐỖ CỬA, 5 TẦNG FULL NỘI THẤT,DIỆN TÍCH 35m,...",MẶT TIỀN 4m ĐƯỜNG NHỰA,MẶT TIỀN 4m ĐƯỜNG NHỰA,"Đường Nhựa, Oto Đỗ Cửa,",,Nam Từ Liêm,Hà Nội,title,consistent,house_number_and_street,success,
123442,https://batdongsan.vn/can-ban-gap-nha-mat-pho-hue-hoan-kiem-hn-sdcc-dt-40m2-gia-38-ty-r123442,"Hai Bà Trưng, Hà Nội","Cần bán gấp nhà mặt phố Huế, Hoàn Kiếm, HN, SĐCC. DT 40m2. Giá: 3,8 tỷ",phố Huế,phố Huế,,,Hai Bà Trưng,Hà Nội,title,consistent,street_only,success,
183577,https://batdongsan.vn/ban-nha-gia-quat-long-bien-moi-tinh-oto-do-30m-nhinh5-tytl-r183577,"Long Biên, Hà Nội","BÁN NHÀ GIA QUẤT LONG BIÊN, MỚI TINH-OTO ĐỖ-30M-NHỈNH5 TỶ(TL)","BÁN NHÀ GIA QUẤT LONG BIÊN, MỚI TINH-OTO ĐỖ-30M-NHỈNH5 TỶ(TL)","BÁN NHÀ GIA QUẤT LONG BIÊN, MỚI TINH-OTO ĐỖ-30M-NHỈNH5 TỶ(TL)","Bán Nhà Gia Quất Long Biên, Mới Tinh-Oto Đỗ-30M-Nhỉnh5 Tỷ(Tl)",,Long Biên,Hà Nội,title,consistent,street_only,success,
92670,https://batdongsan.vn/chuyen-la-khuat-duy-tien-o-to-tranh-tang-noi-that-gia-35ty-r262845,"Thanh Xuân, Hà Nội",CHUYỆN LẠ! Khuất Duy Tiến _ Ô tô Tránh_ tặng Nội thất_ giá 3.5tỷ.,CHUYỆN LẠ! Khuất Duy Tiến _ Ô tô Tránh_ tặng Nội thất_ giá 3.5tỷ.,CHUYỆN LẠ! Khuất Duy Tiến _ Ô tô Tránh_ tặng Nội thất_ giá 3.5tỷ.,Chuyện Lạ!,,Thanh Xuân,Hà Nội,description,consistent,street_only,success,
142119,https://batdongsan.vn/ban-nha-ha-dinh-gia-72-ty-dien-tich-35m2-5-tang-mat-tien-5m-r142119,"Thanh Xuân, Hà Nội","Bán nhà Hạ Đình giá 7.2 tỷ, diện tích 35m2, 5 tầng, mặt tiền 5m",mặt tiền 5m,mặt tiền 5m,Mặt Tiền 5M Bán Nhà Hạ Đình,,Thanh Xuân,Hà Nội,title,consistent,street_only,success,
124771,https://batdongsan.vn/can-ban-nhanh-nha-ngoc-thuy-long-bien-40m2-6-tang-thang-may-3pn-full-noi-that-gia-tot-r124771,"Long Biên, Hà Nội","Cần Bán Nhanh! Nhà Ngọc Thụy Long Biên, 40m², 6 Tầng, Thang máy, 3PN, Full nội thất, giá tốt!","Cần Bán Nhanh! Nhà Ngọc Thụy Long Biên, 40m², 6 Tầng, Thang máy, 3PN, Full nội thất, giá tốt!","Cần Bán Nhanh! Nhà Ngọc Thụy Long Biên, 40m², 6 Tầng, Thang máy, 3PN, Full nội thất",,,Long Biên,Hà Nội,title,consistent,unclear,success,
152507,https://batdongsan.vn/toa-nha-mat-pho-nguyen-hong-lo-goc-110m2-mt-9m-thang-may-dong-tien-3-tynam-105-ty-r152507,"Đống Đa, Hà Nội",TÒA NHÀ MẶT PHỐ NGUYÊN HỒNG – LÔ GÓC 110M² – MT 9M – THANG MÁY – DÒNG TIỀN 3 TỶ/NĂM – 105 TỶ,PHỐ NGUYÊN HỒNG – LÔ GÓC 110M² – MT 9M – THANG MÁY – DÒNG TIỀN 3 TỶ/NĂM – 105 TỶ,PHỐ NGUYÊN HỒNG – LÔ GÓC 110M² – MT 9M – THANG MÁY – DÒNG TIỀN 3 TỶ/NĂM – 105 TỶ,Tòa Nhà Mặt Phố Nguyên Hồng,,Đống Đa,Hà Nội,title,consistent,street_only,success,
135116,https://batdongsan.vn/ban-nha-duong-trieu-khuc-63m2-6-tang-4mt-7-ty-6-o-to-do-cua-r135116,"Thanh Trì, Hà Nội","BÁN NHÀ ĐƯỜNG TRIỀU KHÚC, 63M², 6 TẦNG, 4MT, 7 TỶ 6, Ô TÔ ĐỖ CỬA",ĐƯỜNG TRIỀU KHÚC,ĐƯỜNG TRIỀU KHÚC,Đường Triều Khúc Bán Nhà Đường Triều Khúc,,Thanh Trì,Hà Nội,title,consistent,street_only,success,
127424,https://batdongsan.vn/ban-nha-bui-ngoc-duong-hai-ba-trung-lo-goc-kinh-doanh-2-thoang-o-to-tai-do-cua-gia-47-ty-r127424,"Hai Bà Trưng, Hà Nội","BÁN NHÀ BÙI NGỌC DƯƠNG HAI BÀ TRƯNG LÔ GÓC KINH DOANH 2 THOÁNG  Ô TÔ TẢI ĐỖ CỬA GIÁ 4,7 TỶ","BÁN NHÀ BÙI NGỌC DƯƠNG HAI BÀ TRƯNG LÔ GÓC KINH DOANH 2 THOÁNG  Ô TÔ TẢI ĐỖ CỬA GIÁ 4,7 TỶ","BÁN NHÀ BÙI NGỌC DƯƠNG HAI BÀ TRƯNG LÔ GÓC KINH DOANH 2 THOÁNG Ô TÔ TẢI ĐỖ CỬA GIÁ 4,7 TỶ",Bán Nhà Bùi Ngọc Dương Hai Bà Trưng Lô Góc Kinh Doanh,,Hai Bà Trưng,Hà Nội,title,consistent,street_only,success,
179082,https://batdongsan.vn/nha-moi-kinh-kong-oto-do-cua-san-choi-rong-thoang-r179082,"Bắc Từ Liêm, Hà Nội",NHÀ MỚI KÍNH KONG - OTO ĐỖ CỬA - SÂN CHƠI RỘNG THOÁNG,NHÀ MỚI KÍNH KONG - OTO ĐỖ CỬA - SÂN CHƠI RỘNG THOÁNG,NHÀ MỚI KÍNH KONG - OTO ĐỖ CỬA - SÂN CHƠI RỘNG THOÁNG,Nhà Mới Kính Kong,,Bắc Từ Liêm,Hà Nội,title,consistent,street_only,success,
189975,https://batdongsan.vn/mat-tien-sang-3-o-to-tranh-lacasta-van-phu-kinh-doanh-sieu-loi-nhuan-r189975,"Hà Đông, Hà Nội",MẶT TIỀN SÁNG – 3 Ô TÔ TRÁNH – LACASTA VĂN PHÚ – KINH DOANH SIÊU LỢI NHUẬN,MẶT TIỀN SÁNG – 3 Ô TÔ TRÁNH – LACASTA VĂN PHÚ – KINH DOANH SIÊU LỢI NHUẬN,MẶT TIỀN SÁNG – 3 Ô TÔ TRÁNH – LACASTA VĂN PHÚ – KINH DOANH SIÊU LỢI NHUẬN,Tô Tránh,,Hà Đông,Hà Nội,title,consistent,street_only,success,
123897,https://batdongsan.vn/ban-nha-tap-the-trung-tam-dong-da-ngo-1194-duong-lang-r123897,"Đống Đa, Hà Nội",Bán nhà tập thể trung tâm Đống Đa - Ngõ 1194 Đường Láng,"Nhà ở vị trí cực đẹp, ô tô đỗ ngay chân tòa nhà, giao thông thuận tiện, gần nhiều trường đại học danh tiếng, tiện ích đầy đủ, an ninh đảm bảo","Nhà ở vị trí cực đẹp, ô tô đỗ ngay chân tòa nhà, giao thông thuận tiện, gần nhiều trường đại học danh tiếng, tiện ích đầy đủ, an ninh đảm bảo",Ngõ 1194 Đường Láng,,Đống Đa,Hà Nội,dedicated_address,consistent,street_only,success,
131936,https://batdongsan.vn/lo-goc-duong-quang-ham-cau-giay-52m2-x-5t-mt-4m-16-ty-o-to-vao-nha-r131936,"Cầu Giấy, Hà Nội",LÔ GÓC DƯƠNG QUẢNG HÀM - CẦU GIẤY - 52M2 x 5T - MT 4M - 16 TỶ - Ô TÔ VÀO NHÀ,LÔ GÓC DƯƠNG QUẢNG HÀM - CẦU GIẤY - 52M2 x 5T - MT 4M - 16 TỶ - Ô TÔ VÀO NHÀ,LÔ GÓC DƯƠNG QUẢNG HÀM - CẦU GIẤY - 52M2 x 5T - MT 4M - 16 TỶ - Ô TÔ VÀO NHÀ,Lô Góc Dương Quảng Hàm,,Cầu Giấy,Hà Nội,title,consistent,street_only,success,
167782,https://batdongsan.vn/ban-nha-xuan-thuy-cau-giay-ngo-thong-o-to-57m2-5-tang-mt-4m-chi-156-ty-r167782,"Cầu Giấy, Hà Nội","Bán nhà Xuân Thủy, Cầu Giấy, ngõ thông, ô tô, 57m2, 5 tầng, Mt 4m, chỉ 15.6 tỷ","Ngõ đẹp, phố Xuân Thủy, Cầu Giấy, Hà Nội","Ngõ đẹp, phố Xuân Thủy, Cầu Giấy, Hà Nội",Ngõ Đẹp,,Cầu Giấy,Hà Nội,dedicated_address,consistent,alley_or_lane,success,
143240,https://batdongsan.vn/ban-nha-phuong-mai-36m2-5-tang-nha-dep-vuong-khi-phong-thoang-sang-nhinh-6-ty-r143240,"Đống Đa, Hà Nội","Bán Nhà PHƯƠNG MAI, 36m², 5 Tầng, Nhà Đẹp, Vượng Khí, Phòng Thoáng Sáng, Nhỉnh 6 Tỷ","Bán Nhà PHƯƠNG MAI, 36m², 5 Tầng, Nhà Đẹp, Vượng Khí, Phòng Thoáng Sáng, Nhỉnh 6 Tỷ","Bán Nhà PHƯƠNG MAI, 36m², 5 Tầng, Nhà Đẹp, Vượng Khí, Phòng Thoáng Sáng, Nhỉnh 6 Tỷ","Phương Mai,",,Đống Đa,Hà Nội,title,consistent,street_only,success,
175583,https://batdongsan.vn/ban-nha-5-tang-40m2-bui-xuong-trach-thanh-xuan-8-ty-so-do-hoac-nha-5-tang-40m2-vi-tri-r175583,"Thanh Xuân, Hà Nội","BÁN NHÀ 5 TẦNG, 40M2, BÙI XƯƠNG TRẠCH - THANH XUÂN - 8 TỶ - SỔ ĐỎ
HOẶC
NHÀ 5 TẦNG, 40M², VỊ TRÍ","Mặt tiền Hẻm Định Công Thượng, Định Công, Hoàng Mai, Hà Nội","Mặt tiền Hẻm Định Công Thượng, Định Công, Hoàng Mai, Hà Nội",Mặt Tiền Hẻm Định Công Thượng,,Thanh Xuân,Hà Nội,dedicated_address,consistent,alley_or_lane,success,
184549,https://batdongsan.vn/ban-nha-mat-pho-dai-linh-hiem-trong-phan-khuc-248-ty-oto-kinh-doanh-via-he-r184549,"Nam Từ Liêm, Hà Nội",BÁN NHÀ MẶT PHỐ ĐẠI LINH - HIẾM TRONG PHÂN KHÚC - 24.8 Tỷ - OTO - KINH DOANH - VỈA HÈ,PHỐ ĐẠI LINH - HIẾM TRONG PHÂN KHÚC - 24.8 Tỷ - OTO - KINH DOANH - VỈA HÈ,PHỐ ĐẠI LINH - HIẾM TRONG PHÂN KHÚC - 24.8 Tỷ - OTO - KINH DOANH - VỈA HÈ,Phố Đại Linh,,Nam Từ Liêm,Hà Nội,title,consistent,street_only,success,
130980,https://batdongsan.vn/ban-nha-mat-ngo-663-truong-dinh-ngo-thong-o-to-kinh-doanh-r130980,"Hoàng Mai, Hà Nội",BÁN NHÀ MẶT NGÕ 663 TRƯƠNG ĐỊNH - NGÕ THÔNG  Ô TÔ KINH DOANH,NGÕ 663 TRƯƠNG ĐỊNH - NGÕ THÔNG  Ô TÔ KINH DOANH,NGÕ 663 TRƯƠNG ĐỊNH - NGÕ THÔNG Ô TÔ KINH DOANH,Ngõ 663 Trương Định,,Hoàng Mai,Hà Nội,title,consistent,alley_or_lane,success,
88597,https://batdongsan.vn/ban-nha-nguyen-van-tuyeto-to-kinh-doanh-ngo-thong-ra-pho-10m-mat-tien-cuc-rong-17ty130m2-r258767,"Đống Đa, Hà Nội",BÁN NHÀ NGUYỄN VĂN TUYẾT:Ô TÔ-KINH DOANH-NGÕ THÔNG-RA PHỐ 10M-MẶT TIỀN CỰC RỘNG-17TỶ/130M2,NGÕ THÔNG-RA PHỐ 10M-MẶT TIỀN CỰC RỘNG-17TỶ/130M2,NGÕ THÔNG-RA PHỐ 10M-MẶT TIỀN CỰC RỘNG-17TỶ/130M2,Ngõ Thông,,Đống Đa,Hà Nội,title,consistent,alley_or_lane,success,
188501,https://batdongsan.vn/phan-lo-can-bo-be-van-dan-ha-dong-ngo-to-nhu-pho-o-to-do-cua-45m2-hon-13-ty-r188501,"Hà Đông, Hà Nội","Phân lô cán bộ Bế Văn Đàn Hà Đông, ngõ to như phố, ô tô đỗ cửa, 45m2, hơn 13 tỷ",ngõ to như phố,ngõ to như phố,,,Hà Đông,Hà Nội,title,consistent,alley_or_lane,success,
161328,https://batdongsan.vn/ban-nha-thuong-thanh-45m-chi-59-ti-r161328,"Long Biên, Hà Nội","BÁN NHÀ THƯỢNG THANH 45M CHỈ 5,9 TỈ","BÁN NHÀ THƯỢNG THANH 45M CHỈ 5,9 TỈ","BÁN NHÀ THƯỢNG THANH 45M CHỈ 5,9 TỈ",Bán Nhà Thượng Thanh 45M Chỉ,,Long Biên,Hà Nội,title,consistent,street_only,success,
80511,https://batdongsan.vn/ban-nha-mat-pho-tan-mai-truong-dinh-kd-ac-liet-o-to-tranh-64m-mt-5m-735-ty-0976600386-r250659,"Hoàng Mai, Hà Nội","BÁN NHÀ MẶT PHỐ TÂN MAI, TRƯƠNG ĐỊNH KD ÁC LIỆT. Ô TÔ TRÁNH 64M, MT 5M, 7.35 tỷ 0976600386",PHỐ TÂN MAI,PHỐ TÂN MAI,"Bán Nhà Mặt Phố Tân Mai, Trương Định Kd Ác Liệt.",,Hoàng Mai,Hà Nội,title,consistent,street_only,success,
185318,https://batdongsan.vn/hot-ngo-quyen-ha-dong-75m-nhinh-15-ty-lo-goc-oto-do-cua-nha-dan-xay-biet-thu-an-sinh-dinh-r185318,"Hà Đông, Hà Nội",HÓT NGÔ QUYỀN HÀ ĐÔNG 75M NHỈNH 15 TỶ_ LÔ GÓC_ ÔTÔ ĐỖ CỬA_ NHÀ DÂN XÂY BIỆT THỰ_AN SINH ĐỈNH,"cạnh học viện trính trị ,kđt văn khê ,bạt ngàn","cạnh học viện trính trị ,kđt văn khê ,bạt ngàn",Hót Ngô Quyền Hà Đông 75M Nhỉnh,,Hà Đông,Hà Nội,dedicated_address,consistent,project_or_residential_area,success,
153088,https://batdongsan.vn/mat-pho-sieu-chathiemvi-tri-doc-tonba-mat-thoang120m29t137-ty-r153088,"Tây Hồ, Hà Nội","MẶT PHỐ SIÊU CHẤT,HIẾM,VỊ TRÍ ĐỘC TÔN,BA MẶT THOÁNG,120M2,9T,137 TỶ",PHỐ SIÊU CHẤT,PHỐ SIÊU CHẤT,Phố Siêu Chất Mặt Phố Siêu Chất,,Tây Hồ,Hà Nội,title,consistent,street_only,success,
184850,https://batdongsan.vn/trung-tam-cau-giay-5-tang-dan-xay-ngo-thong-tu-tung-o-to-tranh-5-tang-30m2-72-ty-r184850,"Cầu Giấy, Hà Nội","TRUNG TÂM CẦU GIẤY - 5 TẦNG DÂN XÂY – NGÕ THÔNG TỨ TUNG- Ô TÔ TRÁNH _ 5 TẦNG – 30M2 – 7,2 TỶ",NGÕ THÔNG TỨ TUNG- Ô TÔ TRÁNH _ 5 TẦNG – 30M2 – 7,NGÕ THÔNG TỨ TUNG- Ô TÔ TRÁNH _ 5 TẦNG – 30M2 – 7,Ngõ Thông Tứ Tung,,Cầu Giấy,Hà Nội,title,consistent,alley_or_lane,success,
177201,https://batdongsan.vn/nha-7-tang-thang-may-xuan-la-chdv-mini-242-ty-r177201,"Tây Hồ, Hà Nội",NHÀ 7 TẦNG THANG MÁY – XUÂN LA – CHDV MINI – 24.2 TỶ,NHÀ 7 TẦNG THANG MÁY – XUÂN LA – CHDV MINI – 24.2 TỶ,NHÀ 7 TẦNG THANG MÁY – XUÂN LA – CHDV MINI – 24.2 TỶ,Xuân La,,Tây Hồ,Hà Nội,title,consistent,street_only,success,
163157,https://batdongsan.vn/ban-toa-can-ho-vip-nhat-quan-tay-ho-thang-may-22-phong-khep-kin-sat-pho-dong-tien-15-tynam-r163157,"Tây Hồ, Hà Nội","BÁN TÒA CĂN HỘ VIP NHẤT QUẬN TÂY HỒ, THANG MÁY, 22 PHÒNG KHÉP KÍN, SÁT PHỐ, DÒNG TIỀN 1,5 TỶ/NĂM,","BÁN TÒA CĂN HỘ VIP NHẤT QUẬN TÂY HỒ, THANG MÁY, 22 PHÒNG KHÉP KÍN, SÁT PHỐ, DÒNG TIỀN 1,5 TỶ/NĂM,","BÁN TÒA CĂN HỘ VIP NHẤT QUẬN TÂY HỒ, THANG MÁY, 22 PHÒNG KHÉP KÍN, SÁT PHỐ, DÒNG TIỀN 1,5 TỶ/NĂM","Bán Tòa Căn Hộ Vip Nhất Quận Tây Hồ, Thang Máy,",,Quận Tây Hồ,Hà Nội,description,consistent,project_or_residential_area,success,
90201,https://batdongsan.vn/ban-nha-vi-tri-dep-r260373,"Đống Đa, Hà Nội",bán nhà vị trí đẹp,bán nhà vị trí đẹp,bán nhà vị trí đẹp,,,Đống Đa,Hà Nội,title,consistent,unclear,success,
116538,https://batdongsan.vn/duong-lang-dong-da55m2-5-tang-long-lay-o-to-tranh-kinh-doanh-dinh-cao-gia-16-ty-r116538,"Đống Đa, Hà Nội","ĐƯỜNG LÁNG, ĐỐNG ĐA,55M2 5 TẦNG LỘNG LẪY , Ô TÔ TRÁNH, KINH DOANH ĐỈNH CAO GIÁ 16 TỶ",ĐƯỜNG LÁNG,ĐƯỜNG LÁNG,Đường Láng Đường Láng,,Đống Đa,Hà Nội,title,consistent,street_only,success,
166886,https://batdongsan.vn/ban-nha-mat-pho-phuong-mai-dong-da-65m2-5-tang-so-do-r166886,"Đống Đa, Hà Nội","Bán nhà mặt phố Phương Mai, Đống Đa, 65m², 5 tầng, sổ đỏ",phố Phương Mai,phố Phương Mai,,,Đống Đa,Hà Nội,title,consistent,street_only,success,
187443,https://batdongsan.vn/ban-nha-mat-duong-tran-vy-cau-giay-vi-tri-dat-gia-kinh-doanh-dinh-dt-172m2-895-ty-r187443,"Cầu Giấy, Hà Nội",BÁN NHÀ MẶT ĐƯỜNG TRẦN VỸ CẦU GIẤY - VỊ TRÍ ĐẮT GIÁ KINH DOANH ĐỈNH: DT 172M2 - 89.5 TỶ,ĐƯỜNG TRẦN VỸ CẦU GIẤY - VỊ TRÍ ĐẮT GIÁ KINH DOANH ĐỈNH,ĐƯỜNG TRẦN VỸ CẦU GIẤY - VỊ TRÍ ĐẮT GIÁ KINH DOANH ĐỈNH,Đường Trần Vỹ Cầu Giấy,,Cầu Giấy,Hà Nội,title,consistent,street_only,success,
131353,https://batdongsan.vn/ban-nha-dai-tu-hoang-mai-gan-o-to-tranh-ngach-ba-gac-dtsd-40m2-715-ty-khu-hiem-it-nha-ban-r131353,"Hoàng Mai, Hà Nội","Bán nhà Đại Từ, Hoàng Mai, gần ô tô tránh, ngách ba gác, DTSD 40m2, 7.15 tỷ. Khu hiếm ít nhà bán","Bán nhà Đại Từ, Hoàng Mai, gần ô tô tránh, ngách ba gác, DTSD 40m2, 7.15 tỷ. Khu hiếm ít nhà bán","Bán nhà Đại Từ, Hoàng Mai, gần ô tô tránh, ngách ba gác, DTSD 40m2, 7.15 tỷ. Khu hiếm ít nhà bán",,,Hoàng Mai,Hà Nội,title,consistent,alley_or_lane,success,
153425,https://batdongsan.vn/ban-nha-hoang-van-thai-thanh-xuan-duy-nhat-1-can-6-tang-thang-may-7-ty800tr-4pn-ngo-thong-gan-o-to-r153425,"Thanh Xuân, Hà Nội","Bán nhà Hoàng Văn Thái Thanh Xuân DUY NHẤT 1 căn 6 tầng THANG MÁY 7 tỷ800tr 4PN NGÕ THÔNG, gần Ô TÔ",NGÕ THÔNG,NGÕ THÔNG,Duy Nhất,,Thanh Xuân,Hà Nội,title,consistent,alley_or_lane,success,
186541,https://batdongsan.vn/ban-nha-dep-thuong-thanh-long-bienmoi-tinh-full-noi-that-35m-nhinh-6-tytl-r186541,"Long Biên, Hà Nội","BÁN NHÀ ĐẸP THƯỢNG THANH LONG BIÊN,MỚI TINH-FULL NỘI THẤT-35M NHỈNH 6 TỶ(TL)","BÁN NHÀ ĐẸP THƯỢNG THANH LONG BIÊN,MỚI TINH-FULL NỘI THẤT-35M NHỈNH 6 TỶ(TL)","BÁN NHÀ ĐẸP THƯỢNG THANH LONG BIÊN,MỚI TINH-FULL NỘI THẤT-35M NHỈNH 6 TỶ(TL)","Bán Nhà Đẹp Thượng Thanh Long Biên,Mới Tinh-Full Nội Thất-35M Nhỉnh",,Long Biên,Hà Nội,title,consistent,street_only,success,
155793,https://batdongsan.vn/chinh-chu-can-ban-gap-nha-dep-tai-hoang-mai-minh-khai-hai-ba-trung-ha-noi-8-x-ty-50-m2-r155793,"Hai Bà Trưng, Hà Nội","Chính chủ cần bán gấp nhà đẹp tại Hoàng Mai, Minh Khai, Hai Bà Trưng, Hà Nội, 8, x tỷ, 50 m2","Chính chủ cần bán gấp nhà đẹp tại Hoàng Mai, Minh Khai, Hai Bà Trưng, Hà Nội, 8, x tỷ, 50 m2","Chính chủ cần bán gấp nhà đẹp tại Hoàng Mai, Minh Khai, Hai Bà Trưng, Hà Nội, 8, x tỷ, 50 m2",,,Hai Bà Trưng,Hà Nội,title,consistent,unclear,success,
139036,https://batdongsan.vn/ban-nha-cau-giay37m25t-phan-lo-ngo-thong-kd-oto-10m-chi-8899ty-r139036,"Cầu Giấy, Hà Nội","Bán nhà Cầu Giấy,37m2,5T phân lô, ngõ thông, KD, oto 10m chỉ 8.899tỷ",ngõ thông,ngõ thông,Ngõ Thông Bán Nhà Cầu Giấy,,Cầu Giấy,Hà Nội,title,consistent,alley_or_lane,success,
139800,https://batdongsan.vn/chinh-chu-ban-nha-rieng-tai-ngo-157-pho-phao-dai-lang-dong-da-ha-noi-25-ty-48m2-vua-o-vua-kinh-r139800,"Đống Đa, Hà Nội","Chính chủ bán nhà riêng tại Ngõ 157 Phố Pháo Đài Láng, Đống Đa, Hà Nội, 25 tỷ, 48m2 Vừa ở vừa kinh",Ngõ 157 Phố Pháo Đài Láng,Ngõ 157 Phố Pháo Đài Láng,,,Đống Đa,Hà Nội,title,consistent,alley_or_lane,success,
190097,https://batdongsan.vn/ban-nha-ngo-8-vong-thi-tay-ho-vi-tri-dep-o-to-tranh-kinh-doanh-6-tang-dt-50m2-236-ty-r190097,"Tây Hồ, Hà Nội",BÁN NHÀ NGÕ 8 VÕNG THỊ TÂY HỒ - VỊ TRÍ DẸP Ô TÔ TRÁNH KINH DOANH 6 TẦNG: DT 50M2 - 23.6 TỶ,NGÕ 8 VÕNG THỊ TÂY HỒ - VỊ TRÍ DẸP Ô TÔ TRÁNH KINH DOANH 6 TẦNG,NGÕ 8 VÕNG THỊ TÂY HỒ - VỊ TRÍ DẸP Ô TÔ TRÁNH KINH DOANH 6 TẦNG,Ngõ 8 Võng Thị Tây Hồ,,Tây Hồ,Hà Nội,title,consistent,alley_or_lane,success,
146425,https://batdongsan.vn/ban-gap-mat-pho-ton-duc-thang-45m2-x-4-tang-gia-chi-17-ty-r146425,"Đống Đa, Hà Nội",Bán gấp mặt phố Tôn Đức Thắng 45m2 x 4 tầng giá chỉ 17 tỷ,phố Tôn Đức Thắng 45m2 x 4 tầng giá chỉ 17 tỷ,phố Tôn Đức Thắng 45m2 x 4 tầng giá chỉ 17 tỷ,Phố Tôn Đức Thắng 45M2 X 4 Tầng,,Đống Đa,Hà Nội,title,consistent,street_only,success,
192527,https://batdongsan.vn/ban-nha-trung-tam-ngoc-thuy-30m2-3-tang-full-noi-that-gia-chi-6-ty-xiu-r192527,"Long Biên, Hà Nội",BÁN NHÀ TRUNG TÂM NGỌC THỤY – 30M² – 3 TẦNG – FULL NỘI THẤT – GIÁ CHỈ 6 TỶ XÍU,BÁN NHÀ TRUNG TÂM NGỌC THỤY – 30M² – 3 TẦNG – FULL NỘI THẤT – GIÁ CHỈ 6 TỶ XÍU,BÁN NHÀ TRUNG TÂM NGỌC THỤY – 30M² – 3 TẦNG – FULL NỘI THẤT – GIÁ CHỈ 6 TỶ XÍU,Bán Nhà Trung Tâm Ngọc Thụy,,Long Biên,Hà Nội,title,consistent,street_only,success,
127920,https://batdongsan.vn/toa-can-ho-dich-my-dinh-9-phong-khep-kin-dong-tien-dinh-so-hoa-hau-58m2-nhinh-10-ty-r127920,"Nam Từ Liêm, Hà Nội",TOÀ CĂN HỘ DỊCH MỸ ĐÌNH  - 9 PHÒNG KHÉP KÍN - DÒNG TIỀN ĐỈNH - SỔ HOA HẬU 58m2 - nhỉnh 10 tỷ,TOÀ CĂN HỘ DỊCH MỸ ĐÌNH  - 9 PHÒNG KHÉP KÍN - DÒNG TIỀN ĐỈNH - SỔ HOA HẬU 58m2 - nhỉnh 10 tỷ,TOÀ CĂN HỘ DỊCH MỸ ĐÌNH - 9 PHÒNG KHÉP KÍN - DÒNG TIỀN ĐỈNH - SỔ HOA HẬU 58m2 - nhỉnh 10 tỷ,Toà Căn Hộ Dịch Mỹ Đình,,Nam Từ Liêm,Hà Nội,title,consistent,project_or_residential_area,success,
164265,https://batdongsan.vn/ban-nha-hoang-liet-hoang-mai-gan-o-to-vai-buoc-ra-vanh-dai-3-36m2-62-ty-r164265,"Hoàng Mai, Hà Nội","Bán nhà Hoàng Liệt, Hoàng Mai, gần ô tô, vài bước ra Vành Đai 3, 36m2, 6.2 tỷ","Bán nhà Hoàng Liệt, Hoàng Mai, gần ô tô, vài bước ra Vành Đai 3, 36m2, 6.2 tỷ","Bán nhà Hoàng Liệt, Hoàng Mai, gần ô tô, vài bước ra Vành Đai 3, 36m2, 6.2 tỷ",,,Hoàng Mai,Hà Nội,title,consistent,landmark_only,success,
108300,https://batdongsan.vn/ban-nha-mat-pho-hai-ba-trung-88m-x-4tang-mat-tien-6m-via-he-kinh-doanh-r278494,"Hai Bà Trưng, Hà Nội","bán nhà mặt phố Hai Bà Trưng, 88m x 4tầng, mặt tiền 6m, vỉa hè, kinh doanh",phố Hai Bà Trưng,phố Hai Bà Trưng,,,Hai Bà Trưng,Hà Nội,title,consistent,street_only,success,
186965,https://batdongsan.vn/lac-long-quan-40m-165-tyo-to-tranhvao-nhakinh-doanhtruoc-nha-view-ho-thoang-vinh-vien-r186965,"Cầu Giấy, Hà Nội","LẠC LONG QUÂN 40M 16,5 TỶ,Ô TÔ TRÁNH,VÀO NHÀ,KINH DOANH,TRƯỚC NHÀ VIEW HỒ THOÁNG VĨNH VIỄN","Ngõ Lạc Long Quân, đi đâu cũng tiện, gần chợ, trường học, siêu thị","Ngõ Lạc Long Quân, đi đâu cũng tiện, gần chợ, trường học, siêu thị",Ngõ Lạc Long Quân,,Cầu Giấy,Hà Nội,dedicated_address,consistent,alley_or_lane,success,
125540,https://batdongsan.vn/ban-nha-pho-tuong-mai-hoang-mai-44m-5-tang-gia-925-ty-r125540,"Hoàng Mai, Hà Nội","Bán nhà phố Tương Mai, Hoàng Mai 44m, 5 tầng. Giá: 9.25 tỷ",phố Tương Mai,phố Tương Mai,Phố Tương Mai Bán Nhà Phố Tương Mai,,Hoàng Mai,Hà Nội,title,consistent,street_only,success,
156775,https://batdongsan.vn/khuat-duy-tien-thang-may-kinh-doanh-oto-do-cua-dt-50m-x-8-tang-gia-259-ty-r156775,"Thanh Xuân, Hà Nội",Khuât Duy Tiến Thang Máy - Kinh Doanh Oto Đỗ Cửa DT 50m x 8 tầng Giá 25.9 tỷ,Khuât Duy Tiến Thang Máy - Kinh Doanh Oto Đỗ Cửa DT 50m x 8 tầng Giá 25.9 tỷ,Khuât Duy Tiến Thang Máy - Kinh Doanh Oto Đỗ Cửa DT 50m x 8 tầng Giá 25.9 tỷ,,,Thanh Xuân,Hà Nội,title,consistent,unclear,success,
148751,https://batdongsan.vn/ban-nhanh-nha-5-tang-pho-quan-nhan-thanh-xuan-30m2-nha-dep-o-luon-gia-chi-co-79-ty-r148751,"Thanh Xuân, Hà Nội","Bán nhanh nhà 5 tầng phố Quan Nhân - Thanh Xuân, 30m2 nhà đẹp ở luôn giá CHỈ CÓ 7,9 tỷ",phố Quan Nhân - Thanh Xuân,phố Quan Nhân - Thanh Xuân,Phố Quan Nhân,,Thanh Xuân,Hà Nội,title,consistent,street_only,success,
85599,https://batdongsan.vn/dam-nha-ra-oto-qua-tien-50m23t-tran-khat-chan-25-ty-r255767,"Hai Bà Trưng, Hà Nội",Dăm nhà ra oto qua tiện 50m2*3T Trần Khát Chân 2.5 tỷ,Dăm nhà ra oto qua tiện 50m2*3T Trần Khát Chân 2.5 tỷ,Dăm nhà ra oto qua tiện 50m2*3T Trần Khát Chân 2.5 tỷ,,,Hai Bà Trưng,Hà Nội,title,consistent,unclear,success,
122320,https://batdongsan.vn/toa-can-ho-dich-vu-do-duc-duc-nam-tu-liem-120m-10-tang-thang-may-mt-5m-gia-35-ty-r122320,"Nam Từ Liêm, Hà Nội","TOÀ CĂN HỘ DỊCH VỤ ĐỖ ĐỨC DỤC, NAM TỪ LIÊM. 120M 10 TẦNG THANG MÁY MT 5M GIÁ 35 TỶ","TOÀ CĂN HỘ DỊCH VỤ ĐỖ ĐỨC DỤC, NAM TỪ LIÊM. 120M 10 TẦNG THANG MÁY MT 5M GIÁ 35 TỶ","TOÀ CĂN HỘ DỊCH VỤ ĐỖ ĐỨC DỤC, NAM TỪ LIÊM. 120M 10 TẦNG THANG MÁY MT 5M GIÁ 35 TỶ","Toà Căn Hộ Dịch Vụ Đỗ Đức Dục, Nam Từ Liêm. 120M",,Nam Từ Liêm,Hà Nội,title,consistent,project_or_residential_area,success,
119434,https://batdongsan.vn/ban-nha-o-nghia-do-o-to-do-cua-ngo-thong-tu-tung-gia-chi-nho-11-ty-r119434,"Cầu Giấy, Hà Nội",BÁN NHÀ Ở NGHĨA ĐÔ - Ô TÔ ĐỖ CỬA - NGÕ THÔNG TỨ TUNG - GIÁ CHỈ NHÔ 11 TỶ,NGÕ THÔNG TỨ TUNG - GIÁ CHỈ NHÔ 11 TỶ,NGÕ THÔNG TỨ TUNG - GIÁ CHỈ NHÔ 11 TỶ,Ngõ Thông Tứ Tung,,Cầu Giấy,Hà Nội,title,consistent,alley_or_lane,success,
137861,https://batdongsan.vn/nha-dan-xay-thanh-cong-ba-dinh-38m-mt-43m-2-thoang-ngo-thong-rong-779-ty-r137861,"Ba Đình, Hà Nội","NHÀ DÂN XÂY THÀNH CÔNG, BA ĐÌNH, 38M, MT 4.3M, 2 THOÁNG, NGÕ THÔNG RỘNG, 7.79 TỶ",NGÕ THÔNG RỘNG,NGÕ THÔNG RỘNG,Ngõ Thông Rộng Nhà Dân Xây Thành Công,,Ba Đình,Hà Nội,title,consistent,alley_or_lane,success,
163640,https://batdongsan.vn/ban-nha-4-tang-tai-553-giai-phong-phuong-giap-bat-quan-hoang-mai-hn-r163640,"Hoàng Mai, Hà Nội","BÁN NHÀ 4 TẦNG TẠI 553 GIẢI PHÓNG, PHƯỜNG GIÁP BÁT, QUẬN HOÀNG MAI, HN","BÁN NHÀ 4 TẦNG TẠI 553 GIẢI PHÓNG, PHƯỜNG GIÁP BÁT, QUẬN HOÀNG MAI, HN","BÁN NHÀ 4 TẦNG TẠI 553 GIẢI PHÓNG, PHƯỜNG GIÁP BÁT, QUẬN HOÀNG MAI, Hà Nội",Bán Nhà,Phường Giáp Bát,Quận Hoàng Mai,Hà Nội,description,consistent,street_and_ward,success,
163354,https://batdongsan.vn/so-phan-lo-via-he-menh-mong-tai-kham-thienkinh-doanh-sam-uat-52-m216-ty-2dong-tien-23trthang-r163354,"Đống Đa, Hà Nội","Sổ phân lô vỉa hè mênh mông tại Khâm Thiên,kinh doanh sầm uất 52 m2,16  tỷ 2,dòng tiên 23tr/tháng","Sổ phân lô vỉa hè mênh mông tại Khâm Thiên,kinh doanh sầm uất 52 m2,16  tỷ 2,dòng tiên 23tr/tháng","Sổ phân lô vỉa hè mênh mông tại Khâm Thiên,kinh doanh sầm uất 52 m2,16 tỷ 2,dòng tiên 23tr/tháng",,,Đống Đa,Hà Nội,title,consistent,unclear,success,
147349,https://batdongsan.vn/gia-tot-chinh-chu-sang-nhanh-cua-hang-ban-do-an-trung-quoc-tai-mat-duong-nguyen-chanh-trung-r147349,"Cầu Giấy, Hà Nội","GIÁ TỐT - CHÍNH CHỦ SANG NHANH CỬA HÀNG BÁN ĐỒ ĂN TRUNG QUỐC TẠI MẶT ĐƯỜNG NGUYỄN CHÁNH, TRUNG","phố Nguyễn Chánh, Trung Hòa, Cầu Giấy, Hà Nội","phố Nguyễn Chánh, Trung Hòa, Cầu Giấy, Hà Nội",Phố Nguyễn Chánh,,Cầu Giấy,Hà Nội,dedicated_address,consistent,street_only,success,
176596,https://batdongsan.vn/can-ban-nha-bo-song-set-lo-goc-2-thoang-o-to-vao-nha-kinh-doanh-dt-72m2-mt-55m-r176596,"Hoàng Mai, Hà Nội","Cần Bá.n Nhà Bờ Sông Sét : LÔ GÓC 2 THOÁNG – Ô TÔ VÀO NHÀ - KINH DOANH, dt: 72m2, mt: 5,5m","Cần Bá.n Nhà Bờ Sông Sét : LÔ GÓC 2 THOÁNG – Ô TÔ VÀO NHÀ - KINH DOANH, dt: 72m2, mt: 5,5m",Cần Bá.n Nhà Bờ Sông Sét : LÔ GÓC 2 THOÁNG – Ô TÔ VÀO NHÀ - KINH DOANH,Lô Góc,,Hoàng Mai,Hà Nội,title,consistent,street_only,success,
146699,https://batdongsan.vn/ban-can-vip-kim-giang-5-tang-35m2-mt-45m-gia-nhinh-8-ty-r146699,"Thanh Xuân, Hà Nội","BÁN CĂN VIP KIM GIANG 5 TẦNG - 35M2- MT 4,5M- GIÁ NHỈNH 8 TỶ","Kim Giang, Thanh Xuân, Hà Nội","Kim Giang, Thanh Xuân, Hà Nội",Bán Căn Vip Kim Giang,,Thanh Xuân,Hà Nội,dedicated_address,consistent,street_only,success,
142882,https://batdongsan.vn/ban-nha-pho-phuong-mai-vi-tri-trung-tam-lo-goc-thoang-sang-31mx6t-gia-68-ty-lh-0396935190-r142882,"Đống Đa, Hà Nội",Bán nhà Phố Phương Mai_Vị Trí Trung Tâm_Lô Góc Thoáng Sáng_31mx6T_Giá: 6.8 Tỷ_Lh: 0396935190.,Phố Phương Mai_Vị Trí Trung Tâm_Lô Góc Thoáng Sáng_31mx6T_Giá,Phố Phương Mai_Vị Trí Trung Tâm_Lô Góc Thoáng Sáng_31mx6T_Giá,,,Đống Đa,Hà Nội,title,consistent,street_only,success,
113321,https://batdongsan.vn/ban-nha-lien-ke-pho-khuat-duy-tien-thong-sang-duong-nguyen-trai-o-to-do-cua-73m2-nha-dep-5-tang-gia-92-ty-r283515,"Thanh Xuân, Hà Nội","Bán nhà liền kề phố Khuất Duy Tiến thông sang đường Nguyễn Trãi, ô tô đỗ cửa 73m2 nhà đẹp 5 tầng giá...",phố Khuất Duy Tiến thông sang đường Nguyễn Trãi,phố Khuất Duy Tiến thông sang đường Nguyễn Trãi,,,Thanh Xuân,Hà Nội,title,consistent,street_only,success,
171786,https://batdongsan.vn/ban-nha-trung-tam-quan-dong-da-nha-moi-7-tang-thang-may-kinh-doanh-o-to-vao-nha-40m-13-ty-r171786,"Đống Đa, Hà Nội",BÁN NHÀ TRUNG TÂM QUẬN ĐỐNG ĐA NHÀ MỚI 7 TẦNG THANG MÁY KINH DOANH Ô TÔ VÀO NHÀ 40M 13 TỶ,BÁN NHÀ TRUNG TÂM QUẬN ĐỐNG ĐA NHÀ MỚI 7 TẦNG THANG MÁY KINH DOANH Ô TÔ VÀO NHÀ 40M 13 TỶ,BÁN NHÀ TRUNG TÂM QUẬN ĐỐNG ĐA NHÀ MỚI 7 TẦNG THANG MÁY KINH DOANH Ô TÔ VÀO NHÀ 40M 13 TỶ,Bán Nhà Trung Tâm Quận Đống Đa Nhà Mới,,Đống Đa,Hà Nội,description,consistent,street_only,success,
180249,https://batdongsan.vn/sieu-pham-117m2-mat-pho-xuan-phuong-kinh-doanh-ngay-dem-o-to-tranh-2-mat-thoang-r180249,"Nam Từ Liêm, Hà Nội",SIÊU PHẨM 117m2 MẶT PHỐ XUÂN PHƯƠNG - KINH DOANH NGÀY ĐÊM - Ô TÔ TRÁNH - 2 MẶT THOÁNG,PHỐ XUÂN PHƯƠNG - KINH DOANH NGÀY ĐÊM - Ô TÔ TRÁNH - 2 MẶT THOÁNG,PHỐ XUÂN PHƯƠNG - KINH DOANH NGÀY ĐÊM - Ô TÔ TRÁNH - 2 MẶT THOÁNG,Phố Xuân Phương,,Nam Từ Liêm,Hà Nội,title,consistent,street_only,success,
184940,https://batdongsan.vn/ban-nha-sieu-xinh-tdc-thuong-thanh-long-bien-40m-7-tang-gara-thang-may-nhinh-9-ty-tl-r184940,"Long Biên, Hà Nội",Bán nhà siêu xinh TĐC thượng thanh Long Biên 40m 7 tầng Gara Thang máy nhỉnh 9 tỷ (TL),Bán nhà siêu xinh TĐC thượng thanh Long Biên 40m 7 tầng Gara Thang máy nhỉnh 9 tỷ (TL),Bán nhà siêu xinh TĐC thượng thanh Long Biên 40m 7 tầng Gara Thang máy nhỉnh 9 tỷ (TL),,,Long Biên,Hà Nội,title,consistent,unclear,success,
195060,https://batdongsan.vn/ban-nha-dong-tien-yen-duyen-7-tang-thang-may-long-lanh-vf3-thong-50m-ra-pho-hoang-mai-r195060,"Hoàng Mai, Hà Nội",Bán nhà dòng tiền yên duyên 7 tầng thang máy long lanh VF3 thông 50M ra phố hoàng mai,phố hoàng mai,phố hoàng mai,,,Hoàng Mai,Hà Nội,title,consistent,street_only,success,
175839,https://batdongsan.vn/nhinh-11-ty-nha-phan-lo-qd-lo-goc-khu-vu-tong-phan-nga-tu-so-oto-4-cho-do-cua-15m-ra-oto-tai-r175839,"Thanh Xuân, Hà Nội","Nhỉnh 11 tỷ! Nhà phân lô QĐ, lô góc khu Vũ Tông Phan, Ngã Tư Sở, ôtô 4 chỗ đỗ cửa. 15m ra ôtô tải","Nhỉnh 11 tỷ! Nhà phân lô QĐ, lô góc khu Vũ Tông Phan, Ngã Tư Sở, ôtô 4 chỗ đỗ cửa. 15m ra ôtô tải","Nhỉnh 11 tỷ! Nhà phân lô QĐ, lô góc khu Vũ Tông Phan, Ngã Tư Sở, ôtô 4 chỗ đỗ cửa. 15m ra ôtô tải",,,Thanh Xuân,Hà Nội,title,consistent,unclear,success,
190554,https://batdongsan.vn/sieu-pham-gan-ho-tay-vai-buoc-chan-ra-pho-khu-vip-hiem-nha-ban-30m2-5-tang-r190554,"Tây Hồ, Hà Nội",SIÊU PHẨM - GẦN HỒ TÂY - VÀI BƯỚC CHÂN RA PHỐ - KHU VIP  HIẾM NHÀ BÁN _ 30M2 – 5 TẦNG.,PHỐ - KHU VIP  HIẾM NHÀ BÁN _ 30M2 – 5 TẦNG.,PHỐ - KHU VIP HIẾM NHÀ BÁN _ 30M2 – 5 TẦNG.,Gần Hồ Tây,,Tây Hồ,Hà Nội,title,consistent,street_only,success,
119594,https://batdongsan.vn/ban-nha-dong-quan-35m2-gia-nhinh-6-ty-trung-tam-4-quan-5-tang-moi-dep-long-lanh-ngo-nong-r119594,"Cầu Giấy, Hà Nội",BÁN NHÀ ĐÔNG QUAN 35M2 - GIÁ NHỈNH 6 TỶ - TRUNG TÂM 4 QUẬN - 5 TẦNG MỚI ĐẸP LONG LANH - NGÕ NÔNG,"ngõ nông rộng, đầu phố Đông Quan, gần trường FPT, phố Đông","ngõ nông rộng, đầu phố Đông Quan, gần trường FPT, phố Đông",Ngõ Nông Rộng,,Cầu Giấy,Hà Nội,dedicated_address,consistent,alley_or_lane,success,
177889,https://batdongsan.vn/ban-gap-nha-5-tang-gan-nga-tu-troi-an-cu-chuan-tien-ich-chi-hon-3-ty-r177889,"Hoài Đức, Hà Nội","🔥 BÁ.N GẤP! NHÀ 5 TẦNG GẦN NGÃ TƯ TRÔI – AN CƯ CHUẨN TIỆN ÍCH, CHỈ HƠN 3 TỶ!","🔥 BÁ.N GẤP! NHÀ 5 TẦNG GẦN NGÃ TƯ TRÔI – AN CƯ CHUẨN TIỆN ÍCH, CHỈ HƠN 3 TỶ!","🔥 BÁ.N GẤP! NHÀ 5 TẦNG GẦN NGÃ TƯ TRÔI – AN CƯ CHUẨN TIỆN ÍCH, CHỈ HƠN 3 TỶ!","An Cư Chuẩn Tiện Ích, Chỉ Hơn",,Hoài Đức,Hà Nội,title,consistent,street_only,success,
107690,https://batdongsan.vn/nha-dai-kim-sau-nha-do-thi-dai-kim-chu-de-i-toan-bo-noi-that-dt-34m-4tx4ty150-r277884,"Hoàng Mai, Hà Nội","NHÀ ĐẠI KIM, sau nhà Đô Thị Đại Kim, chủ để ị toàn bộ nội thất, DT: 34m 4Tx4tỷ150","NHÀ ĐẠI KIM, sau nhà Đô Thị Đại Kim, chủ để ị toàn bộ nội thất, DT: 34m 4Tx4tỷ150","NHÀ ĐẠI KIM, sau nhà Đô Thị Đại Kim, chủ để ị toàn bộ nội thất","Nhà Đại Kim,",,Hoàng Mai,Hà Nội,title,consistent,street_only,success,
165486,https://batdongsan.vn/ban-nha-hoang-hoa-tham-ba-dinh-ngo-thong-90m2-45-tang-thang-may-chi-179-ty-r165486,"Ba Đình, Hà Nội","Bán nhà Hoàng Hoa Thám, Ba Đình, ngõ thông 90m2, 4.5 tầng thang máy, chỉ 17.9 tỷ",ngõ thông 90m2,ngõ thông 90m2,Ngõ Thông 90M2 Bán Nhà Hoàng Hoa Thám,,Ba Đình,Hà Nội,title,consistent,alley_or_lane,success,
142657,https://batdongsan.vn/ban-nha-khuong-hathanh-xuantruoc-nha-25mthang-maygan-o-to43m2115-tyctl-r142657,"Thanh Xuân, Hà Nội","BÁN NHÀ KHƯƠNG HẠ,THANH XUÂN,TRƯỚC NHÀ 2,5M,THANG MÁY,GẦN Ô TÔ,43M2,11.5 TỶ(CTL)","BÁN NHÀ KHƯƠNG HẠ,THANH XUÂN,TRƯỚC NHÀ 2,5M,THANG MÁY,GẦN Ô TÔ,43M2,11.5 TỶ(CTL)","BÁN NHÀ KHƯƠNG HẠ,THANH XUÂN,TRƯỚC NHÀ 2,5M,THANG MÁY,GẦN Ô TÔ,43M2,11.5 TỶ(CTL)","Bán Nhà Khương Hạ,Thanh Xuân,Trước Nhà 2,5M,Thang Máy,Gần",,Thanh Xuân,Hà Nội,title,consistent,street_only,success,
126079,https://batdongsan.vn/qua-dep-ban-nha-pho-my-dinh-nam-tu-liem-vai-buoc-ra-pho-dien-tich-50m2-mat-tien-4m-r126079,"Nam Từ Liêm, Hà Nội","Quá Đẹp. Bán nhà phố Mỹ Đình, Nam Từ Liêm, vài bước ra phố, diện tích 50m2, mặt tiền 4m.",phố Mỹ Đình,phố Mỹ Đình,Phố Mỹ Đình Quá Đẹp,,Nam Từ Liêm,Hà Nội,title,consistent,street_only,success,
164976,https://batdongsan.vn/ban-nha-phan-lo-khuong-trung-o-to-vong-quanh-view-vuon-hoa-r164976,"Thanh Xuân, Hà Nội",BÁN NHÀ PHÂN LÔ KHƯƠNG TRUNG – Ô TÔ VÒNG QUANH – VIEW VƯỜN HOA,BÁN NHÀ PHÂN LÔ KHƯƠNG TRUNG – Ô TÔ VÒNG QUANH – VIEW VƯỜN HOA,BÁN NHÀ PHÂN LÔ KHƯƠNG TRUNG – Ô TÔ VÒNG QUANH – VIEW VƯỜN HOA,Bán Nhà Phân Lô Khương Trung,,Thanh Xuân,Hà Nội,title,consistent,street_only,success,
118849,https://batdongsan.vn/ban-nha-mat-ngo-khuong-trung-thanh-xuan-dt-40m-5-tang-xe-ba-gac-do-tan-cua-gia-nhinh-8-ty-nho-r118849,"Thanh Xuân, Hà Nội","Bán nhà mặt ngõ Khương Trung, Thanh Xuân. DT 40m, 5 tầng, xe ba gác đỗ tận cửa. Giá Nhỉnh 8 tỷ nhỏ","Ngõ 97 Khương Trung quá hot quận Thanh Xuân, ngay cạnh khu phân lô quân đội an ninh, dân trí cao","Ngõ 97 Khương Trung quá hot quận Thanh Xuân, ngay cạnh khu phân lô quân đội an ninh, dân trí cao",Ngõ 97 Khương Trung Quá Hot,,Quận Thanh Xuân,Hà Nội,dedicated_address,consistent,alley_or_lane,success,
170424,https://batdongsan.vn/co-linh-doi-dien-aeon-mall-dan-xay-mat-tien-6m-kinh-doanh-79-ty-r170424,"Long Biên, Hà Nội",Cổ Linh - Đối diện Aeon mall - Dân xây - Mặt tiền 6m - Kinh doanh - 7.9 tỷ,Mặt tiền 6m - Kinh doanh - 7.9 tỷ,Mặt tiền 6m - Kinh doanh - 7.9 tỷ,Mặt Tiền 6M,,Long Biên,Hà Nội,title,consistent,street_only,success,
176471,https://batdongsan.vn/ban-nha-mat-pho-kim-dong-50m2-6-tang-thang-may-o-to-do-trong-nha-21-ty-r176471,"Hoàng Mai, Hà Nội","BÁN NHÀ MẶT PHỐ KIM ĐỒNG – 50m², 6 TẦNG, THANG MÁY, Ô TÔ ĐỖ TRONG NHÀ – 21 TỶ","Mặt phố Kim Đồng, quận Hoàng Mai, Hà Nội✨ Tuyến phố kinh doanh sầm uất, giao thông thuận lợi, thông Giải Phóng – Trương Định – Giáp","Mặt phố Kim Đồng, quận Hoàng Mai, Hà Nội✨ Tuyến phố kinh doanh sầm uất, giao thông thuận lợi, thông Giải Phóng – Trương Định – Giáp",Phố Kim Đồng,,Quận Hoàng Mai,Hà Nội,dedicated_address,consistent,street_only,success,
117496,https://batdongsan.vn/ban-dat-tang-nha-cap-4-o-to-vao-nha-thoai-mai-ngo-thang-tap-r117496,"Hà Đông, Hà Nội","BÁN ĐẤT TẶNG NHÀ CẤP 4 – Ô TÔ VÀO NHÀ THOẢI MÁI, NGÕ THẲNG TẮP",NGÕ THẲNG TẮP,NGÕ THẲNG TẮP,Ngõ Thẳng Tắp,,Hà Đông,Hà Nội,title,consistent,alley_or_lane,success,
142500,https://batdongsan.vn/5-ty-x-tieu-hoc-nhan-nha-o-ngay-tai-trau-quy-gia-lam-so-51m2-full-tho-cu-r142500,"Gia Lâm, Hà Nội","5 tỷ x tiểu học nhận nhà ở ngay tại Trâu Quỳ, Gia Lâm. Sổ 51m2 full thổ cư.","5 tỷ x tiểu học nhận nhà ở ngay tại Trâu Quỳ, Gia Lâm. Sổ 51m2 full thổ cư.","5 tỷ x tiểu học nhận nhà ở ngay tại Trâu Quỳ, Gia Lâm. Sổ 51m2 full thổ cư.",,,Gia Lâm,Hà Nội,title,consistent,landmark_only,success,
141288,https://batdongsan.vn/nha-pho-vinh-hung-hoang-mai-35-met-2-tang-chi-39-ty-r141288,"Hoàng Mai, Hà Nội","Nhà phố Vĩnh Hưng Hoàng Mai 35 mét, 2 tầng chỉ 3,9 tỷ",phố Vĩnh Hưng Hoàng Mai 35 mét,phố Vĩnh Hưng Hoàng Mai 35 mét,,,Hoàng Mai,Hà Nội,title,consistent,street_only,success,
183757,https://batdongsan.vn/nhacanhtruong-doanthi-diemnam-tu-liemthang-mayoto-45mx6tmt5m148ty-r183757,"Nam Từ Liêm, Hà Nội","NHÀCẠNHTRƯỜNG ĐOÀNTHỊ ĐIỂM,NAM TỪ LIÊM,THANG MÁY,OTO ,45Mx6T,MT=5M,14,8ty","NHÀCẠNHTRƯỜNG ĐOÀNTHỊ ĐIỂM,NAM TỪ LIÊM,THANG MÁY,OTO ,45Mx6T,MT=5M,14,8ty","NHÀCẠNHTRƯỜNG ĐOÀNTHỊ ĐIỂM,NAM TỪ LIÊM,THANG MÁY,OTO ,45Mx6T,MT=5M,14,8ty","Nhàcạnhtrường Đoànthị Điểm,Nam Từ Liêm,Thang Máy,Oto",,Nam Từ Liêm,Hà Nội,title,consistent,street_only,success,
145723,https://batdongsan.vn/nha-mat-pho-lo-duc-55m2-7t-thang-may-cuc-dep-kinh-doanh-o-to-do-cua-37-ty-tl-manh-r145723,"Hai Bà Trưng, Hà Nội",Nhà mặt phố Lò Đúc 55m2 7T thang máy cực đẹp kinh doanh ô tô đỗ cửa 37 tỷ TL mạnh,phố Lò Đúc 55m2 7T thang máy cực đẹp kinh doanh ô tô đỗ cửa 37 tỷ TL mạnh,phố Lò Đúc 55m2 7T thang máy cực đẹp kinh doanh ô tô đỗ cửa 37 tỷ TL mạnh,,,Hai Bà Trưng,Hà Nội,title,consistent,street_only,success,
92765,https://batdongsan.vn/36-ty-20m-ra-pho-ho-khau-tran-quoc-vuong-cau-giay-32m2-x-5-tang-r262940,"Cầu Giấy, Hà Nội",3.6 Tỷ - 20M ra phố - Hổ khẩu Trần Quốc Vượng - Cầu Giấy - 32M2 x 5 Tầng,phố - Hổ khẩu Trần Quốc Vượng - Cầu Giấy - 32M2 x 5 Tầng,phố - Hổ khẩu Trần Quốc Vượng - Cầu Giấy - 32M2 x 5 Tầng,Phố - Hổ Khẩu Trần Quốc Vượng,,Cầu Giấy,Hà Nội,title,consistent,street_only,success,
146594,https://batdongsan.vn/nha-dan-xay-58m-x-5t-ngo-thong-kinh-doanh-gan-o-to-ngoc-khanh-ba-dinh-gia-158-ty-r146594,"Ba Đình, Hà Nội","NHÀ DÂN XÂY 58M x 5T, NGÕ THÔNG KINH DOANH, GẦN Ô TÔ, NGỌC KHÁNH, BA ĐÌNH, GIÁ 15.8 TỶ",NGÕ THÔNG KINH DOANH,NGÕ THÔNG KINH DOANH,Nhà Dân Xây 58M,,Ba Đình,Hà Nội,title,consistent,alley_or_lane,success,
161363,https://batdongsan.vn/ban-gap-nha-kim-giang-so-do-cc-615-ty-38m2-r161363,"Thanh Trì, Hà Nội",BÁN GẤP - NHÀ KIM GIANG - SỔ ĐỎ CC 6.15 TỶ 38M2,BÁN GẤP - NHÀ KIM GIANG - SỔ ĐỎ CC 6.15 TỶ 38M2,BÁN GẤP - NHÀ KIM GIANG - SỔ ĐỎ CC 6.15 TỶ 38M2,Nhà Kim Giang,,Thanh Trì,Hà Nội,title,consistent,street_only,success,
137515,https://batdongsan.vn/o-to-tranh-nha-moi-tinh-tien-ich-bat-ngan-r137515,"Long Biên, Hà Nội",Ô TÔ TRÁNH - NHÀ MỚI TINH - TIỆN ÍCH BẠT NGÀN,Ô TÔ TRÁNH - NHÀ MỚI TINH - TIỆN ÍCH BẠT NGÀN,Ô TÔ TRÁNH - NHÀ MỚI TINH - TIỆN ÍCH BẠT NGÀN,Tô Tránh,,Long Biên,Hà Nội,title,consistent,street_only,success,
166006,https://batdongsan.vn/ban-toa-apartment-cao-cap-mat-pho-xay-moi-9-tang-29-can-ho-dong-tien-290thang-155m-79-ty-r166006,"Bắc Từ Liêm, Hà Nội",BÁN TÒA APARTMENT CAO CẤP MẶT PHỐ XÂY MỚI 9 TẦNG 29 CĂN HỘ DÒNG TIỀN 290/THÁNG 155M 79 TỶ,PHỐ XÂY MỚI 9 TẦNG 29 CĂN HỘ DÒNG TIỀN 290/THÁNG 155M 79 TỶ,PHỐ XÂY MỚI 9 TẦNG 29 CĂN HỘ DÒNG TIỀN 290/THÁNG 155M 79 TỶ,Bán Tòa Apartment Cao Cấp Mặt Phố Xây Mới,,Bắc Từ Liêm,Hà Nội,title,consistent,project_or_residential_area,success,
143884,https://batdongsan.vn/chinh-chu-phap-ly-day-du-nha-mat-duong-chien-thang-2-o-tranh-gan-cho-co-cho-de-o-to-truoc-cua-r143884,"Hà Đông, Hà Nội","Chính chủ, pháp lý đầy đủ, nhà mặt đường Chiến Thắng 2 ô tránh, gần chợ, có chỗ để ô tô trước cửa",đường Chiến Thắng 2 ô tránh,đường Chiến Thắng 2 ô tránh,Đường Chiến Thắng 2 Ô Tránh Chính Chủ,,Hà Đông,Hà Nội,title,consistent,street_only,success,
189725,https://batdongsan.vn/ban-nha-dai-tu-hoang-mai-o-to-lo-goc-30m2-x-5-tang-688-ty-r189725,"Hoàng Mai, Hà Nội","Bán nhà Đại Từ, Hoàng Mai, Ô tô, Lô góc, 30m2 x 5 tầng, 6.88 tỷ","Bán nhà Đại Từ, Hoàng Mai, Ô tô, Lô góc, 30m2 x 5 tầng, 6.88 tỷ","Bán nhà Đại Từ, Hoàng Mai, Ô tô, Lô góc, 30m2 x 5 tầng, 6.88 tỷ",,,Hoàng Mai,Hà Nội,title,consistent,unclear,success,
132977,https://batdongsan.vn/ban-nha-duong-noi-ha-dong-16m-ra-mat-pho-43m-4-tang-mt-38m-45-ty-r132977,"Hà Đông, Hà Nội",🏠 BÁN NHÀ Dương Nội- HÀ ĐÔNG 16m ra mặt phố 43m- 4 tầng- MT 3.8m- 4.5 tỷ,phố 43m- 4 tầng- MT 3.8m- 4.5 tỷ,phố 43m- 4 tầng- MT 3.8m- 4.5 tỷ,Phố 43M,,Hà Đông,Hà Nội,title,consistent,street_only,success,
134583,https://batdongsan.vn/ban-nha-nguyen-trai-ha-dong-o-to-do-cua-60m2-mat-tien-61m-chi-12-ty-r134583,"Hà Đông, Hà Nội","BÁN NHÀ NGUYỄN TRÃI, HÀ ĐÔNG, Ô TÔ ĐỖ CỬA, 60M², MẶT TIỀN 6.1M, CHỈ 12 TỶ",MẶT TIỀN 6.1M,MẶT TIỀN 6.1M,Mặt Tiền 6,,Hà Đông,Hà Nội,title,consistent,street_only,success,
160317,https://batdongsan.vn/nha-dep-phuong-mai-trung-tam-dong-dai-oto-do-cua-xe-tai-cach-30m-gia-11-ty-r160317,"Đống Đa, Hà Nội",NHÀ ĐẸP PHƯƠNG MAI - TRUNG TÂM ĐỐNG ĐAI – ÔTÔ ĐỖ CỬA – XE TẢI CÁCH 30M – GIÁ 11 TỶ,NHÀ ĐẸP PHƯƠNG MAI - TRUNG TÂM ĐỐNG ĐAI – ÔTÔ ĐỖ CỬA – XE TẢI CÁCH 30M – GIÁ 11 TỶ,NHÀ ĐẸP PHƯƠNG MAI - TRUNG TÂM ĐỐNG ĐAI – ÔTÔ ĐỖ CỬA – XE TẢI CÁCH 30M – GIÁ 11 TỶ,Nhà Đẹp Phương Mai,,Đống Đa,Hà Nội,title,consistent,street_only,success,
119436,https://batdongsan.vn/ban-gap-nha-nguyen-khanh-toan-phuong-quan-hoa-cau-giay-55m2-53-ty-gan-pho-r119436,"Cầu Giấy, Hà Nội",BÁN GẤP NHÀ NGUYỄN KHÁNH TOÀN PHƯỜNG QUAN HOA CẦU GIẤY 55M2 5.3 TỶ GẦN PHỐ,BÁN GẤP NHÀ NGUYỄN KHÁNH TOÀN PHƯỜNG QUAN HOA CẦU GIẤY 55M2 5.3 TỶ GẦN PHỐ,BÁN GẤP NHÀ NGUYỄN KHÁNH TOÀN PHƯỜNG QUAN HOA CẦU GIẤY 55M2 5.3 TỶ GẦN PHỐ,Phố Bán Gấp Nhà Nguyễn Khánh Toàn,,Cầu Giấy,Hà Nội,description,consistent,street_and_ward,success,
164635,https://batdongsan.vn/ban-nha-chinh-chu-ngo-69-thuy-khue-gan-ho-tay-so-do-rieng-gia-tot-r164635,"Tây Hồ, Hà Nội",BÁN NHÀ CHÍNH CHỦ NGÕ 69 THỤY KHUÊ – GẦN HỒ TÂY – SỔ ĐỎ RIÊNG – GIÁ TỐT,"Số 18 ngõ 69 Thụy Khuê, Tây Hồ, Hà Nội","Số 18 ngõ 69 Thụy Khuê, Tây Hồ, Hà Nội",Ngõ 69 Thụy Khuê,,Tây Hồ,Hà Nội,dedicated_address,consistent,alley_or_lane,success,
110815,https://batdongsan.vn/sieu-hiem-mat-pho-cho-thanh-xuan-bac-o-to-do-cua-kinh-doanh-du-loai-12-ty-r281009,"Thanh Xuân, Hà Nội","Siêu hiếm – mặt phố chợ Thanh Xuân Bắc - ô tô đỗ cửa, kinh doanh đủ loại 1,2 tỷ",phố chợ Thanh Xuân Bắc - ô tô đỗ cửa,phố chợ Thanh Xuân Bắc - ô tô đỗ cửa,Phố Chợ Thanh Xuân Bắc,,Thanh Xuân,Hà Nội,title,consistent,street_only,success,
182403,https://batdongsan.vn/ban-38m-dat-tang-nha-cap-4-nhat-tao-dong-ngac-sat-cipucha-15-ty-r182403,"Bắc Từ Liêm, Hà Nội",Bán 38m đất tặng nhà cấp 4 Nhật Tảo- Đông Ngạc- sát CIPUCHA- 1.5 tỷ,Bán 38m đất tặng nhà cấp 4 Nhật Tảo- Đông Ngạc- sát CIPUCHA- 1.5 tỷ,Bán 38m đất tặng nhà cấp 4 Nhật Tảo- Đông Ngạc- sát CIPUCHA- 1.5 tỷ,,,Bắc Từ Liêm,Hà Nội,title,consistent,unclear,success,
165175,https://batdongsan.vn/ban-chung-cu-mini-le-duc-tho-my-dinh-nam-tu-liem-81m2-7-tang-22p-gia-168-ti-r165175,"Nam Từ Liêm, Hà Nội","bán chung cư mini lê đức thọ, mỹ đình, nam từ liêm, 81m2, 7 tầng, 22P, giá 16,8 tỉ","bán chung cư mini lê đức thọ, mỹ đình, nam từ liêm, 81m2, 7 tầng, 22P, giá 16,8 tỉ","bán chung cư mini lê đức thọ, mỹ đình, nam từ liêm, 81m2, 7 tầng, 22P",,,Nam Từ Liêm,Hà Nội,title,consistent,project_or_residential_area,success,
193542,https://batdongsan.vn/chi-362-trieu-m-nha-mp-tay-ho-1193m-5-tang-mt-48m-kd-tot-sau-qh-thanh-nha-mp-vip-gia-432-ty-r193542,"Tây Hồ, Hà Nội",CHỈ 362 TRIỆU M NHÀ MP TÂY HỒ 119.3M 5 TẦNG MT 4.8M KD TỐT SAU QH THÀNH NHÀ MP VIP GIÁ 43.2 TỶ,CHỈ 362 TRIỆU M NHÀ MP TÂY HỒ 119.3M 5 TẦNG MT 4.8M KD TỐT SAU QH THÀNH NHÀ MP VIP GIÁ 43.2 TỶ,CHỈ 362 TRIỆU M NHÀ MP TÂY HỒ 119.3M 5 TẦNG MT 4.8M KD TỐT SAU QH THÀNH NHÀ MP VIP GIÁ 43.2 TỶ,Nhà Mp Tây Hồ 119.3M,,Tây Hồ,Hà Nội,title,consistent,street_only,success,
178776,https://batdongsan.vn/le-thanh-nghihai-ba-trung-26ty-111m-mat-tien-8m-tu-xay-o-ngo-thong-thoang-thuan-tien-di-chuyen-r178776,"Hai Bà Trưng, Hà Nội","LÊ THANH NGHỊ,HAI BÀ TRƯNG 26tỷ 111m MẶT TIỀN 8m TỰ XÂY Ở NGÕ THÔNG THOÁNG THUẬN TIỆN DI CHUYỂN",MẶT TIỀN 8m TỰ XÂY Ở NGÕ THÔNG THOÁNG THUẬN TIỆN DI CHUYỂN,MẶT TIỀN 8m TỰ XÂY Ở NGÕ THÔNG THOÁNG THUẬN TIỆN DI CHUYỂN,"Lê Thanh Nghị,Hai Bà Trưng",,Hai Bà Trưng,Hà Nội,title,consistent,alley_or_lane,success,
177599,https://batdongsan.vn/ban-nha-tran-phu-ha-dong-hai-mat-thoang-truoc-sau-ba-buoc-ra-pho-55m2-hon-10-ty-r177599,"Hà Đông, Hà Nội","Bán nhà Trần Phú Hà Đông, hai mặt thoáng trước sau, ba bước ra phố, 55m2, hơn 10 tỷ","Bán nhà Trần Phú Hà Đông, hai mặt thoáng trước sau, ba bước ra phố, 55m2, hơn 10 tỷ","Bán nhà Trần Phú Hà Đông, hai mặt thoáng trước sau, ba bước ra phố, 55m2, hơn 10 tỷ",,,Hà Đông,Hà Nội,description,consistent,street_only,success,
93124,https://batdongsan.vn/ban-nha-sieu-vip-tu-liem-50m-5-tang-r263299,"Bắc Từ Liêm, Hà Nội",BÁN NHÀ SIÊU VIP- TỪ LIÊM: 50M - 5 TẦNG,"Đắc địa, kết nối các trục giao thông trọng điểm, Phạm Văn Đồng * Khu phố văn minh, đoàn kết,","Đắc địa, kết nối các trục giao thông trọng điểm, Phạm Văn Đồng * Khu phố văn minh, đoàn kết",Phố Văn Minh,,Bắc Từ Liêm,Hà Nội,dedicated_address,consistent,street_only,success,
128910,https://batdongsan.vn/nhinh-5-ty-nha-moi-42m-x-5-tang-3-ngu-du-cong-nang-3-thoang-gan-pho-giap-bat-hoang-mai-r128910,"Hoàng Mai, Hà Nội","Nhỉnh 5 tỷ-nhà mới 42m x 5 tầng 3 ngủ đủ công năng-3 thoáng-gần phố-Giáp Bát, Hoàng Mai","Nhỉnh 5 tỷ-nhà mới 42m x 5 tầng 3 ngủ đủ công năng-3 thoáng-gần phố-Giáp Bát, Hoàng Mai","Nhỉnh 5 tỷ-nhà mới 42m x 5 tầng 3 ngủ đủ công năng-3 thoáng-gần phố-Giáp Bát, Hoàng Mai",,,Hoàng Mai,Hà Nội,description,consistent,street_only,success,
165647,https://batdongsan.vn/nha-gan-aeon-colinh-long-bien-chao-6x-ty-dien-tich-37-m2-4-tang-mat-r165647,"Long Biên, Hà Nội","💥💥💥 NHÀ GẦN #AEON, #CỔLINH- LONG BIÊN - CHÀO 6,x TỶ 🔥🔥 
🏘️ Diện tích: 37 m2,  4 tầng, Mặt","💥💥💥 NHÀ GẦN #AEON, #CỔLINH- LONG BIÊN - CHÀO 6,x TỶ 🔥🔥 
🏘️ Diện tích: 37 m2,  4 tầng, Mặt","💥💥💥 NHÀ GẦN #AEON, #CỔLINH- LONG BIÊN - CHÀO 6,x TỶ 🔥🔥 🏘️ Diện tích: 37 m2, 4 tầng, Mặt","Nhà Gần #Aeon, #Cổlinh- Long Biên",,Long Biên,Hà Nội,title,consistent,street_only,success,
91428,https://batdongsan.vn/giao-su-vu-trong-phung-cong-chuc-ngo-nong-dt-53m2-gia-47ty-r261602,"Thanh Xuân, Hà Nội","Giáo sư Vũ Trọng Phụng, Công chức, Ngõ nông, DT: 53m2 giá 4.7tỷ.",Ngõ nông,Ngõ nông,Ngõ Nông,,Thanh Xuân,Hà Nội,title,consistent,alley_or_lane,success,
102894,https://batdongsan.vn/chi-voi-315-ty-chinh-kinh-thanh-xuan-gan-pho-6-tang-full-do-o-to-do-gan-r273086,"Thanh Xuân, Hà Nội",CHỈ VỚI 3.15 TỶ CHÍNH KINH - THANH XUÂN - GẦN PHỐ - 6 TẦNG - FULL ĐỒ - Ô TÔ ĐỖ GẦN,PHỐ - 6 TẦNG - FULL ĐỒ - Ô TÔ ĐỖ GẦN,PHỐ - 6 TẦNG - FULL ĐỒ - Ô TÔ ĐỖ GẦN,Phố - 6 Tầng,,Thanh Xuân,Hà Nội,title,consistent,street_only,success,
131610,https://batdongsan.vn/ban-nha-phap-van-hoang-mai-ngo-nong-sat-pho-dien-tich-rong-mat-tien-dep-2-thoang-truoc-sau-r131610,"Hoàng Mai, Hà Nội","BÁN NHÀ - PHÁP VÂN - HOÀNG MAI, NGÕ NÔNG SÁT PHỐ, DIỆN TÍCH RỘNG, MẶT TIỀN ĐẸP, 2 THOÁNG TRƯỚC SAU",NGÕ NÔNG SÁT PHỐ,NGÕ NÔNG SÁT PHỐ,Ngõ Nông Sát Phố Bán Nhà,,Hoàng Mai,Hà Nội,title,consistent,alley_or_lane,success,
131191,https://batdongsan.vn/ban-nha-pho-tram-45m2-gia-chi-nhinh-6-ty-co-o-cho-thang-may-r131191,"Long Biên, Hà Nội",BÁN NHÀ PHỐ TRẠM - 45M2 - GIÁ CHỈ NHỈNH 6 TỶ CÓ Ô CHỜ THANG MÁY,PHỐ TRẠM - 45M2 - GIÁ CHỈ NHỈNH 6 TỶ CÓ Ô CHỜ THANG MÁY,PHỐ TRẠM - 45M2 - GIÁ CHỈ NHỈNH 6 TỶ CÓ Ô CHỜ THANG MÁY,Phố Trạm,,Long Biên,Hà Nội,title,consistent,street_only,success,
146895,https://batdongsan.vn/ban-nha-dam-quang-trung-6-tang-thang-maygara-o-tofull-noi-that-chi-106-ty-r146895,"Long Biên, Hà Nội","Bán nhà Đàm Quang Trung 6 tầng thang máy,gara ô tô,full nội thất chỉ 10,6 tỷ","Bán nhà Đàm Quang Trung 6 tầng thang máy,gara ô tô,full nội thất chỉ 10,6 tỷ","Bán nhà Đàm Quang Trung 6 tầng thang máy,gara ô tô,full nội thất chỉ 10,6 tỷ",,,Long Biên,Hà Nội,title,consistent,unclear,success,
151625,https://batdongsan.vn/nhanh-tay-moi-kip-kham-thien-46-m-3-tang-4-phong-ngu-nha-moi-thoang-dep-cach-o-to-dung-20-r151625,"Đống Đa, Hà Nội","Nhanh Tay mới kịp. Khâm Thiên 46 m, 3 tầng, 4 phòng ngủ, nhà mới, thoáng đẹp, cách ô tô đúng 20","Nhanh Tay mới kịp. Khâm Thiên 46 m, 3 tầng, 4 phòng ngủ, nhà mới, thoáng đẹp, cách ô tô đúng 20","Nhanh Tay mới kịp. Khâm Thiên 46 m, 3 tầng, 4 phòng ngủ, nhà mới, thoáng đẹp, cách ô tô đúng 20",,,Đống Đa,Hà Nội,title,consistent,unclear,success,
175098,https://batdongsan.vn/ban-nha-tai-dong-mai-ha-dong-dt-35m2-thiet-ke-4-tang-nhinh-3-ty-r175098,"Hà Đông, Hà Nội","BÁN NHÀ TẠI ĐỒNG MAI - HÀ ĐÔNG DT 35M2 THIẾT KẾ 4 TẦNG, NHỈNH 3 TỶ","BÁN NHÀ TẠI ĐỒNG MAI - HÀ ĐÔNG DT 35M2 THIẾT KẾ 4 TẦNG, NHỈNH 3 TỶ","BÁN NHÀ TẠI ĐỒNG MAI - HÀ ĐÔNG DT 35M2 THIẾT KẾ 4 TẦNG, NHỈNH 3 TỶ",Bán Nhà Tại Đồng Mai,,Hà Đông,Hà Nội,title,consistent,street_only,success,
143021,https://batdongsan.vn/ban-can-ho-nho-xinh-tai-pho-tran-cung-cau-giay-36m2-1n-1k-1vs-chi-165-ty-r143021,"Cầu Giấy, Hà Nội","Bán Căn Họ nhỏ xinh Tại Phố Trần Cung- Cầu Giấy  36m2, 1N, 1K, 1VS Chỉ 1.65 tỷ",Phố Trần Cung- Cầu Giấy  36m2,Phố Trần Cung- Cầu Giấy 36m2,Phố Trần Cung,,Cầu Giấy,Hà Nội,title,consistent,street_only,success,
128659,https://batdongsan.vn/ban-nha-dong-tien-pho-ha-tri-1-moi-ngay-co-1-trieu-5-tang-82m-103-ty-r128659,"Hà Đông, Hà Nội","Bán nhà dòng tiền phố Hà Trì 1, mỗi ngày có 1 triệu, 5 tầng, 82m, 10.3 tỷ",phố Hà Trì 1,phố Hà Trì 1,,,Hà Đông,Hà Nội,title,consistent,street_only,success,
178599,https://batdongsan.vn/ban-nha-ngo-85-xuan-thuy-cau-giay-vi-tri-dep-o-to-tranh-kinh-doanh-dt-154m2-39-ty-r178599,"Cầu Giấy, Hà Nội",BÁN NHÀ NGÕ 85 XUÂN THỦY CẦU GIẤY - VỊ TRÍ ĐẸP Ô TÔ TRÁNH KINH DOANH: DT 154M2 - 39 TỶ,NGÕ 85 XUÂN THỦY CẦU GIẤY - VỊ TRÍ ĐẸP Ô TÔ TRÁNH KINH DOANH,NGÕ 85 XUÂN THỦY CẦU GIẤY - VỊ TRÍ ĐẸP Ô TÔ TRÁNH KINH DOANH,Ngõ 85 Xuân Thủy Cầu Giấy,,Cầu Giấy,Hà Nội,title,consistent,alley_or_lane,success,
106785,https://batdongsan.vn/ban-nha-mat-pho-co-hang-buom-64m2-4-tang-ngang-5m-55-tythuong-luong-r276979,"Hoàn Kiếm, Hà Nội","Bán nhà mặt Phố Cổ Hàng Buồm, 64m², 4 tầng, ngang 5m, 55 tỷ(thương lượng).",Phố Cổ Hàng Buồm,Phố Cổ Hàng Buồm,,,Hoàn Kiếm,Hà Nội,title,consistent,street_only,success,
147863,https://batdongsan.vn/nha-moi-83m-x-5-tang-gia-138-ty-o-to-tranh-thang-may-kinh-doanh-bat-chap-hang-hiem-ngo-gia-tu-r147863,"Long Biên, Hà Nội","NHÀ MỚI 83m x 5 TẦNG GIÁ 13,8 TỶ Ô TÔ TRÁNH THANG MÁY KINH DOANH BẤT CHẤP HÀNG HIẾM NGÔ GIA TỰ-","NHÀ MỚI 83m x 5 TẦNG GIÁ 13,8 TỶ Ô TÔ TRÁNH THANG MÁY KINH DOANH BẤT CHẤP HÀNG HIẾM NGÔ GIA TỰ-","NHÀ MỚI 83m x 5 TẦNG GIÁ 13,8 TỶ Ô TÔ TRÁNH THANG MÁY KINH DOANH BẤT CHẤP HÀNG HIẾM NGÔ GIA TỰ",Nhà Mới,,Long Biên,Hà Nội,title,consistent,street_only,success,
148140,https://batdongsan.vn/ban-nha-mat-pho-vip-hao-nam-ban-gap-42m2-x-5-tang-chi-18-ty-vi-tri-kim-cuong-r148140,"Đống Đa, Hà Nội",Bán nhà mặt phố Vip Hào Nam bán gấp 42m2 x 5 tầng chỉ 18 tỷ - vị trí kim cương,phố Vip Hào Nam bán gấp 42m2 x 5 tầng chỉ 18 tỷ - vị trí kim cương,phố Vip Hào Nam bán gấp 42m2 x 5 tầng chỉ 18 tỷ - vị trí kim cương,,,Đống Đa,Hà Nội,title,consistent,street_only,success,
128144,https://batdongsan.vn/nha-dep-don-tet-o-to-sieu-gan-phan-khuc-hiem-nha-dep-34m2-42-ty-r128144,"Hà Đông, Hà Nội",NHÀ ĐẸP ĐÓN TẾT - Ô TÔ SIÊU GẦN - PHÂN KHÚC HIẾM NHÀ ĐẸP – 34M2 – 4.2 TỶ,NHÀ ĐẸP ĐÓN TẾT - Ô TÔ SIÊU GẦN - PHÂN KHÚC HIẾM NHÀ ĐẸP – 34M2 – 4.2 TỶ,NHÀ ĐẸP ĐÓN TẾT - Ô TÔ SIÊU GẦN - PHÂN KHÚC HIẾM NHÀ ĐẸP – 34M2 – 4.2 TỶ,Nhà Đẹp Đón Tết,,Hà Đông,Hà Nội,title,consistent,street_only,success,
133002,https://batdongsan.vn/boom-tan-nha-pho-kinh-doanh-duong-nguyen-xien-92m2-8-tang-699-ty-r133002,"Thanh Xuân, Hà Nội",Boom tấn - Nhà phố - Kinh doanh - Đường Nguyễn Xiển 92m2 8 tầng 69.9 tỷ,phố - Kinh doanh - Đường Nguyễn Xiển 92m2 8 tầng 69.9 tỷ,phố - Kinh doanh - Đường Nguyễn Xiển 92m2 8 tầng 69.9 tỷ,Phố - Kinh Doanh,,Thanh Xuân,Hà Nội,title,consistent,street_only,success,
196008,https://batdongsan.vn/nha-pho-vuong-thua-vu-khu-phan-lo-quan-doi-hai-mat-ngo-thoang-truoc-sau-kinh-doanh-r196008,"Thanh Xuân, Hà Nội",NHÀ PHỐ VƯƠNG THỪA VŨ - KHU PHÂN LÔ QUÂN ĐỘI - HAI MẶT NGÕ THOÁNG TRƯỚC SAU - KINH DOANH,PHỐ VƯƠNG THỪA VŨ - KHU PHÂN LÔ QUÂN ĐỘI - HAI MẶT NGÕ THOÁNG TRƯỚC SAU - KINH DOANH,PHỐ VƯƠNG THỪA VŨ - KHU PHÂN LÔ QUÂN ĐỘI - HAI MẶT NGÕ THOÁNG TRƯỚC SAU - KINH DOANH,Phố Vương Thừa Vũ,,Thanh Xuân,Hà Nội,title,consistent,alley_or_lane,success,
168707,https://batdongsan.vn/ban-dat-mat-pho-ngoc-tri-giu-tien-an-toan-sinh-loi-ben-vung-r168707,"Long Biên, Hà Nội","BÁN ĐẤT MẶT PHỐ NGỌC TRÌ – GIỮ TIỀN AN TOÀN, SINH LỜI BỀN VỮNG",PHỐ NGỌC TRÌ – GIỮ TIỀN AN TOÀN,PHỐ NGỌC TRÌ – GIỮ TIỀN AN TOÀN,Bán Đất Mặt Phố Ngọc Trì,,Long Biên,Hà Nội,title,consistent,street_only,success,
166501,https://batdongsan.vn/cuc-hotnha-phan-lo-otovia-he-ham-nghi-canh-vin-gardeniadt35mx5tmt4mnhinh-8-y-r166501,"Nam Từ Liêm, Hà Nội","CỰC HOT!NHÀ PHÂN LÔ OTO,VỈA HÈ HÀM NGHI cạnh Vin Gardenia,DT=35Mx5T,MT=4m,nhỉnh 8 ỷ","CỰC HOT!NHÀ PHÂN LÔ OTO,VỈA HÈ HÀM NGHI cạnh Vin Gardenia,DT=35Mx5T,MT=4m,nhỉnh 8 ỷ","CỰC HOT!NHÀ PHÂN LÔ OTO,VỈA HÈ HÀM NGHI cạnh Vin Gardenia",,,Nam Từ Liêm,Hà Nội,title,consistent,landmark_only,success,
148750,https://batdongsan.vn/ban-nha-nguyen-van-troi-tx-5-tang-32m2-mt-59m-gia-625-ty-r148750,"Thanh Xuân, Hà Nội","BÁN NHÀ NGUYỄN VĂN TRỖI TX 5 TẦNG - 32M²- MT 5.9M, GIÁ 6.25 TỶ.","Nguyễn Văn Trỗi, Đống Đa, Hà Nội","Nguyễn Văn Trỗi, Đống Đa, Hà Nội",Bán Nhà Nguyễn Văn Trỗi Tx,,Thanh Xuân,Hà Nội,dedicated_address,consistent,street_only,success,
121971,https://batdongsan.vn/nha-moi-ba-trieu-le-loi-5tang-50m-gan-pho-gia-79-ty-r121971,"Hà Đông, Hà Nội","Nhà mới Bà Triệu- Lê Lợi 5tầng 50m, gần phố giá 7,9 tỷ.",phố giá 7,phố giá 7,Phố Giá 7 Nhà Mới Bà Triệu,,Hà Đông,Hà Nội,title,consistent,street_only,success,
174627,https://batdongsan.vn/thach-ban-o-to-do-cua-36m-chi-54-ty-r174627,"Long Biên, Hà Nội",Thạch Bàn - Ô tô đỗ cửa - 36m chỉ 5.4 tỷ,Thạch Bàn - Ô tô đỗ cửa - 36m chỉ 5.4 tỷ,Thạch Bàn - Ô tô đỗ cửa - 36m chỉ 5.4 tỷ,,,Long Biên,Hà Nội,title,consistent,unclear,success,
195247,https://batdongsan.vn/ban-nha-pho-kim-nguu-hai-ba-trung-40m-5-tang-gia-89-ty-lh-0937158386-r195247,"Hai Bà Trưng, Hà Nội","Bán nhà phố Kim Ngưu, Hai Bà Trưng 40m, 5 tầng. Giá: 8.9 tỷ. LH: 0937158386",phố Kim Ngưu,phố Kim Ngưu,Phố Kim Ngưu Bán Nhà Phố Kim Ngưu,,Hai Bà Trưng,Hà Nội,title,consistent,street_only,success,
141929,https://batdongsan.vn/ban-nha-pho-tran-quy-kien-cau-giay-6-tang-thiet-ke-thong-san-via-he-o-to-tranh-kinh-doanh-r141929,"Cầu Giấy, Hà Nội","Bán Nhà Phố trần Quý Kiên, Cầu Giấy, 6 tầng thiết kế thông sàn, vỉa hè, ô tô tránh, kinh  doanh",Phố trần Quý Kiên,Phố trần Quý Kiên,,,Cầu Giấy,Hà Nội,title,consistent,street_only,success,
137936,https://batdongsan.vn/50m-nha-pho-o-to-thang-may-mat-tien-rong-san-sang-don-tet-chi-nhinh-9-dong-r137936,"Long Biên, Hà Nội",50M NHÀ PHỐ Ô TÔ THANG MÁY MẶT TIỀN RỘNG SẴN SÀNG ĐÓN TẾT CHỈ NHỈNH 9 ĐỒNG,PHỐ Ô TÔ THANG MÁY MẶT TIỀN RỘNG SẴN SÀNG ĐÓN TẾT CHỈ NHỈNH 9 ĐỒNG,PHỐ Ô TÔ THANG MÁY MẶT TIỀN RỘNG SẴN SÀNG ĐÓN TẾT CHỈ NHỈNH 9 ĐỒNG,50M Nhà Phố,,Long Biên,Hà Nội,title,consistent,street_only,success,
160003,https://batdongsan.vn/dai-la-tran-dai-nghia-39m2-4-tang-4vngu-mt-6m-tai-chinh-7ty-r160003,"Hai Bà Trưng, Hà Nội",🏡 ĐẠI LA – TRẦN ĐẠI NGHĨA  39m² – 4 TẦNG - 4VNGỦ – MT 6M – TÀI CHÍNH 7TỶ 🔥,🏡 ĐẠI LA – TRẦN ĐẠI NGHĨA  39m² – 4 TẦNG - 4VNGỦ – MT 6M – TÀI CHÍNH 7TỶ 🔥,🏡 ĐẠI LA – TRẦN ĐẠI NGHĨA 39m² – 4 TẦNG - 4VNGỦ – MT 6M – TÀI CHÍNH 7TỶ 🔥,Đại La,,Hai Bà Trưng,Hà Nội,title,consistent,street_only,success,
166199,https://batdongsan.vn/ban-nha-ngo-509-vu-tong-phan-ngo-3-gac-tranh-thong-so-vang-gia-dau-tu-48m2-r166199,"Thanh Xuân, Hà Nội",Bán nhà ngõ 509 Vũ Tông Phan- Ngõ 3 gác tránh- Thông số vàng- Giá đầu tư- 48m2,ngõ 509 Vũ Tông Phan- Ngõ 3 gác tránh- Thông số vàng- Giá đầu tư- 48m2,ngõ 509 Vũ Tông Phan- Ngõ 3 gác tránh- Thông số vàng- Giá đầu tư- 48m2,Ngõ 509 Vũ Tông Phan,,Thanh Xuân,Hà Nội,title,consistent,alley_or_lane,success,
179664,https://batdongsan.vn/ban-chung-cu-mat-pho-hai-ba-trung-80m-3-ngu-2-wc-chi-nhinh-3-ty-chua-so-r179664,"Hai Bà Trưng, Hà Nội",Bán chung cư mặt phố Hai Bà Trưng 80m 3 ngủ 2 wc chỉ nhỉnh 3 tỷ chưa sổ,Bán chung cư mặt phố Hai Bà Trưng 80m 3 ngủ 2 wc chỉ nhỉnh 3 tỷ chưa sổ,Bán chung cư mặt phố Hai Bà Trưng 80m 3 ngủ 2 wc chỉ nhỉnh 3 tỷ chưa sổ,,,Hai Bà Trưng,Hà Nội,title,consistent,project_or_residential_area,success,
153804,https://batdongsan.vn/ban-nha-bui-quoc-khai-hoang-mai-phan-lo-20m-o-to-tranh-51m2-112tyctl-r153804,"Hoàng Mai, Hà Nội","BÁN NHÀ BÙI QUỐC KHÁI, HOÀNG MAI, PHÂN LÔ 20M Ô TÔ TRÁNH, 51M2, 11.2TỶ(CTL)","BÁN NHÀ BÙI QUỐC KHÁI, HOÀNG MAI, PHÂN LÔ 20M Ô TÔ TRÁNH, 51M2, 11.2TỶ(CTL)","BÁN NHÀ BÙI QUỐC KHÁI, HOÀNG MAI, PHÂN LÔ 20M Ô TÔ TRÁNH, 51M2, 11.2TỶ(CTL)","Bán Nhà Bùi Quốc Khái, Hoàng Mai, Phân Lô 20M",,Hoàng Mai,Hà Nội,title,consistent,street_only,success,
147336,https://batdongsan.vn/ban-nha-mat-pho-au-co-nha-dan-xay-kien-co-so-vuong-dep-57m2-mt55-48-ty-r147336,"Tây Hồ, Hà Nội","BÁN NHÀ MẶT PHỐ ÂU CƠ, NHÀ DÂN XÂY KIÊN CỐ. SỔ VUÔNG ĐẸP. 57M2 MT5.5 $4.8 TY.",PHỐ ÂU CƠ,PHỐ ÂU CƠ,"Bán Nhà Mặt Phố Âu Cơ, Nhà Dân Xây Kiên Cố. Sổ Vuông Đẹp. 57M2 Mt5.5",,Tây Hồ,Hà Nội,title,consistent,street_only,success,
127575,https://batdongsan.vn/ban-nha-35m2-5-tang-3pn-4wc-linh-nam-hoang-mai-45-ty-r127575,"Hoàng Mai, Hà Nội","Bán nhà 35m², 5 tầng, 3PN, 4WC, Lĩnh Nam - Hoàng Mai - 4.5 tỷ","Bán nhà 35m², 5 tầng, 3PN, 4WC, Lĩnh Nam - Hoàng Mai - 4.5 tỷ","Bán nhà 35m², 5 tầng, 3PN, 4WC, Lĩnh Nam - Hoàng Mai - 4.5 tỷ","3Pn, 4Wc,",,Hoàng Mai,Hà Nội,title,consistent,street_only,success,
186301,https://batdongsan.vn/nha-moi-tan-xuan-38m2-5-tang-dep-ngo-thong-thoang-o-suong-gia-chi-6-ty-r186301,"Bắc Từ Liêm, Hà Nội","Nhà mới Tân Xuân 38m2, 5 tầng đẹp, ngõ thông thoáng, ở sướng, giá chỉ 6  tỷ",ngõ thông thoáng,ngõ thông thoáng,Ngõ Thông Thoáng Nhà Mới Tân Xuân 38M2,,Bắc Từ Liêm,Hà Nội,title,consistent,alley_or_lane,success,
120322,https://batdongsan.vn/ban-nha-my-dinh-nam-tu-liem-ngo-thong-thoang-gan-o-to-nha-thoang-sang-5-tang-66-ty-r120322,"Nam Từ Liêm, Hà Nội","BÁN NHÀ MỸ ĐÌNH NAM TỪ LIÊM NGÕ THÔNG THOÁNG GẦN Ô TÔ NHÀ THOÁNG SÁNG 5 TẦNG 6,6 TỶ","Vị trí cực đẹp, nhà mặt ngách thông ra Phú Mỹ, Lê Đức Thọ","Vị trí cực đẹp, nhà mặt ngách thông ra Phú Mỹ, Lê Đức Thọ",Bán Nhà Mỹ Đình Nam Từ Liêm Ngõ Thông Thoáng Gần,,Nam Từ Liêm,Hà Nội,dedicated_address,consistent,alley_or_lane,success,
135159,https://batdongsan.vn/ban-toa-ccmn-pho-tan-trieu-70-m2-x7-tang-22-phong-khep-kin-r135159,"Thanh Trì, Hà Nội",💥💥 Bán Tòa CCMN Phố Tân Triều 70 m2 X7 Tầng + 22 Phòng Khép Kín 💥💥,Phố Tân Triều 70 m2 X7 Tầng + 22 Phòng Khép Kín 💥💥,Phố Tân Triều 70 m2 X7 Tầng + 22 Phòng Khép Kín 💥💥,,,Thanh Trì,Hà Nội,title,consistent,street_only,success,
183275,https://batdongsan.vn/ban-nha-nguyen-van-cu-118m-x-5-tang-mat-tien-55m-thang-may-gara-kinh-doanh-r183275,"Long Biên, Hà Nội","bán nhà Nguyễn Văn Cừ, 118m x 5 tầng, mặt tiền 5.5m, thang máy, gara, kinh doanh","khu vực Nguyễn Văn Cừ, cách cầu Chương Dương 200m, mặt ngõ ôtô thông , cạnh bệnh viện Bắc Hà","khu vực Nguyễn Văn Cừ, cách cầu Chương Dương 200m, mặt ngõ ôtô thông , cạnh bệnh viện Bắc Hà",Ngõ Ôtô Thông,,Long Biên,Hà Nội,dedicated_address,consistent,alley_or_lane,success,
189981,https://batdongsan.vn/mat-pho-co-long-duong-o-to-tranh-via-he-menh-mong-kinh-doanh-vo-doi-5-tang-dep-nhinh-25-ty-r189981,"Hoàn Kiếm, Hà Nội","MẶT PHỐ CỔ LÒNG ĐƯỜNG Ô TÔ TRÁNH, VỈA HÈ MÊNH MÔNG, KINH DOANH VÔ ĐỐI 5 TẦNG ĐẸP NHỈNH 25 TỶ",PHỐ CỔ LÒNG ĐƯỜNG Ô TÔ TRÁNH,PHỐ CỔ LÒNG ĐƯỜNG Ô TÔ TRÁNH,Mặt Phố Cổ Lòng Đường,,Hoàn Kiếm,Hà Nội,title,consistent,street_only,success,
172724,https://batdongsan.vn/ban-nha-mat-pho-nguyen-cong-hoan-ba-dinh-164m2-mt-115m-dong-tien-100-trth-r172724,"Ba Đình, Hà Nội","BÁN NHÀ MẶT PHỐ NGUYỄN CÔNG HOAN, BA ĐÌNH - 164M² - MT 11.5M - DÒNG TIỀN 100 TR/TH",PHỐ NGUYỄN CÔNG HOAN,PHỐ NGUYỄN CÔNG HOAN,"Bán Nhà Mặt Phố Nguyễn Công Hoan, Ba Đình",,Ba Đình,Hà Nội,title,consistent,street_only,success,
173940,https://batdongsan.vn/ban-nha-le-trong-tan-34mngo-o-to-hon-12-ty-r173940,"Thanh Xuân, Hà Nội","Bán nhà Lê Trọng Tấn 34m,ngõ ô tô, hơn 12 tỷ.",ngõ ô tô,ngõ ô tô,,,Thanh Xuân,Hà Nội,title,consistent,alley_or_lane,success,
117747,https://batdongsan.vn/yen-phu-tay-ho-42m2-x-7-tang-nha-mat-pho-lo-goc-ba-mat-thoang-via-he-kinh-doanh-sam-uat-gia-r117747,"Tây Hồ, Hà Nội","YÊN PHỤ, TÂY HỒ, 42M2 x 7 TẦNG, NHÀ MẶT PHỐ, LÔ GÓC, BA MẶT THOÁNG, VỈA HÈ, KINH DOANH SẦM UẤT GIÁ","YÊN PHỤ, TÂY HỒ, 42M2 x 7 TẦNG, NHÀ MẶT PHỐ, LÔ GÓC, BA MẶT THOÁNG, VỈA HÈ, KINH DOANH SẦM UẤT GIÁ","YÊN PHỤ, TÂY HỒ, 42M2 x 7 TẦNG, NHÀ MẶT PHỐ, LÔ GÓC, BA MẶT THOÁNG, VỈA HÈ, KINH DOANH SẦM UẤT GIÁ","Yên Phụ, Tây Hồ, 42M2",,Tây Hồ,Hà Nội,description,consistent,street_only,success,
118762,https://batdongsan.vn/ban-nha-hoang-hoa-tham-ba-dinh-ngo-ba-gac-tranh-san-go-cua-chong-chay-noi-that-cao-cap-r118762,"Ba Đình, Hà Nội","Bán Nhà Hoàng Hoa Thám Ba Đình Ngõ  Ba Gác Tránh, Sàn Gỗ, Cửa Chống Cháy, Nội Thất Cao Cấp","Đường Hoàng Hoa Thám, Ngõ thông, Khu vực 3 Đình","Đường Hoàng Hoa Thám, Ngõ thông, Khu vực 3 Đình",Đường Hoàng Hoa Thám,,Ba Đình,Hà Nội,dedicated_address,consistent,alley_or_lane,success,
161276,https://batdongsan.vn/hoa-haube-van-danquang-trungha-dong40m-5-tang-gia-hon-8-ty-r161276,"Hà Đông, Hà Nội","HOA HẬU,BÊ VĂN ĐAN,QUANG TRUNG,HÀ ĐÔNG,40M 5 TẦNG GIÁ HƠN 8 TỶ","Ngay gần Ga Cát Linh Hà Đông, Bệnh viện,siêu thị ,trường","Ngay gần Ga Cát Linh Hà Đông, Bệnh viện,siêu thị ,trường","Hoa Hậu,Bê Văn Đan,Quang Trung,Hà Đông,40M",,Hà Đông,Hà Nội,dedicated_address,consistent,street_only,success,
124463,https://batdongsan.vn/ban-gap-nha-bach-mai-dt-35m2-mt-41m-cach-mat-pho-tram-m-gia-chi-525ty-r124463,"Hai Bà Trưng, Hà Nội","Bán gấp nhà Bạch Mai . DT 35m2 , MT 4,1m. Cách mặt phố trăm m. Giá chỉ 5,25tỷ",phố trăm m. Giá chỉ 5,phố trăm m. Giá chỉ 5,Phố Trăm M,,Hai Bà Trưng,Hà Nội,title,consistent,street_only,success,
182135,https://batdongsan.vn/phung-chi-kien-30m-x5-tang-88-ty-phan-loo-to-tranh-nha-dan-xay2-thoangfull-noi-that-r182135,"Cầu Giấy, Hà Nội","PHÙNG CHÍ KIÊN 30M x5 TẦNG 8,8 TỶ-PHÂN LÔ,Ô TÔ TRÁNH NHÀ DÂN XÂY,2 THOÁNG,FULL NỘI THẤT","PHÙNG CHÍ KIÊN 30M x5 TẦNG 8,8 TỶ-PHÂN LÔ,Ô TÔ TRÁNH NHÀ DÂN XÂY,2 THOÁNG,FULL NỘI THẤT","PHÙNG CHÍ KIÊN 30M x5 TẦNG 8,8 TỶ-PHÂN LÔ,Ô TÔ TRÁNH NHÀ DÂN XÂY,2 THOÁNG,FULL NỘI THẤT",Phùng Chí Kiên 30M,,Cầu Giấy,Hà Nội,title,consistent,street_only,success,
85976,https://batdongsan.vn/pho-tan-mai-ban-nha-38m6t-oto-do-cong-nha-dep-lung-linh-gia-re-bat-ngo-lh-ngay-097xxx-r256144,"Hoàng Mai, Hà Nội","Phố Tân Mai, Bán Nhà 38m6T Ôtô đỗ cổng, Nhà đẹp lung linh giá rẻ bất ngờ! LH ngay 097xxx",Phố Tân Mai,Phố Tân Mai,Phố Tân Mai Phố Tân Mai,,Hoàng Mai,Hà Nội,title,consistent,street_only,success,
119763,https://batdongsan.vn/dong-da-sieu-pham-mat-pho-35m2-4-tang-kinh-doanh-sam-uat-thang-may-via-he-lo-goc-3-mat-r119763,"Đống Đa, Hà Nội","ĐỐNG ĐA, SIÊU PHẨM MẶT PHỐ 35M2 4 TẦNG - KINH DOANH SẦM UẤT - THANG MÁY - VỈA HÈ - LÔ GÓC 3 MẶT",PHỐ 35M2 4 TẦNG - KINH DOANH SẦM UẤT - THANG MÁY - VỈA HÈ - LÔ GÓC 3 MẶT,PHỐ 35M2 4 TẦNG - KINH DOANH SẦM UẤT - THANG MÁY - VỈA HÈ - LÔ GÓC 3 MẶT,Phố 35M2 4 Tầng,,Đống Đa,Hà Nội,title,consistent,street_only,success,
150770,https://batdongsan.vn/toa-nha-van-phong-mat-pho-giang-vo-120m-x-10-tang-thang-may-2-mat-thoang-kd-84-ty-r150770,"Ba Đình, Hà Nội",TOÀ NHÀ VĂN PHÒNG MẶT PHỐ GIẢNG VÕ – 120M x 10 TẦNG THANG MÁY – 2 MẶT THOÁNG – KD – 84 TỶ,PHỐ GIẢNG VÕ – 120M x 10 TẦNG THANG MÁY – 2 MẶT THOÁNG – KD – 84 TỶ,PHỐ GIẢNG VÕ – 120M x 10 TẦNG THANG MÁY – 2 MẶT THOÁNG – KD – 84 TỶ,Toà Nhà Văn Phòng Mặt Phố Giảng Võ,,Ba Đình,Hà Nội,title,consistent,street_only,success,
191617,https://batdongsan.vn/lo-goc-mat-ngo-lon-co-via-he-206m2-ngo-298-ngoc-lam-2-mat-thoang-r191617,"Long Biên, Hà Nội",LÔ GÓC – MẶT NGÕ LỚN CÓ VỈA HÈ – 206m² – NGÕ 298 NGỌC LÂM – 2 MẶT THOÁNG,"Ngõ 298 Ngọc Lâm, phường Bồ Đề, quận Long Biên","Ngõ 298 Ngọc Lâm, phường Bồ Đề, quận Long Biên",Ngõ 298 Ngọc Lâm,Phường Bồ Đề,Long Biên,Hà Nội,dedicated_address,consistent,full_address,success,
126974,https://batdongsan.vn/ban-2-toa-chdv-cao-cap-pham-van-dong-ngay-kdt-tp-giao-luu-cv-hoa-binh-gan-mega-market-giap-r126974,"Bắc Từ Liêm, Hà Nội","BÁN 2 TÒA CHDV CAO CẤP PHẠM VĂN ĐỒNG ( NGAY KĐT TP GIAO LƯU, CV HÒA BÌNH GẦN MEGA MARKET): GIÁP","BÁN 2 TÒA CHDV CAO CẤP PHẠM VĂN ĐỒNG ( NGAY KĐT TP GIAO LƯU, CV HÒA BÌNH GẦN MEGA MARKET): GIÁP","BÁN 2 TÒA CHDV CAO CẤP PHẠM VĂN ĐỒNG ( NGAY KĐT TP GIAO LƯU, CV HÒA BÌNH GẦN MEGA MARKET): GIÁP",Tòa Chdv Cao Cấp Phạm Văn Đồng,,Bắc Từ Liêm,Hà Nội,title,consistent,project_or_residential_area,success,
81796,https://batdongsan.vn/ban-nha-lang-trung-lo-goc-vua-o-vua-cho-thue-o-to-chi-6-ty-lh-trang-0968588737-r251948,"Đống Đa, Hà Nội","Bán nhà Láng Trung lô góc, vừa ở vừa cho thuê, ô tô, chỉ 6 tỷ. LH Trang 0968588737.","Bán nhà Láng Trung lô góc, vừa ở vừa cho thuê, ô tô, chỉ 6 tỷ. LH Trang 0968588737.","Bán nhà Láng Trung lô góc, vừa ở vừa cho thuê, ô tô, chỉ 6 tỷ. LH Trang 0968588737.",,,Đống Đa,Hà Nội,title,consistent,unclear,success,
182297,https://batdongsan.vn/mat-pho-nguyen-khang-toa-vp-8-tang-80m2-via-he-view-song-so-vuong-det-r182297,"Cầu Giấy, Hà Nội",MẶT PHỐ NGUYỄN KHANG - TÒA VP 8 TẦNG - 80M² - VỈA HÈ - VIEW SÔNG - SỔ VUÔNG ĐÉT,PHỐ NGUYỄN KHANG - TÒA VP 8 TẦNG - 80M² - VỈA HÈ - VIEW SÔNG - SỔ VUÔNG ĐÉT,PHỐ NGUYỄN KHANG - TÒA VP 8 TẦNG - 80M² - VỈA HÈ - VIEW SÔNG - SỔ VUÔNG ĐÉT,Phố Nguyễn Khang,,Cầu Giấy,Hà Nội,title,consistent,street_only,success,
106106,https://batdongsan.vn/ban-nha-rieng-p-nghia-tan-cau-giay-50m-mt-45m-o-to-tranh-5m-chi-7-ty-hon-hoang-quoc-viet-r276300,"Cầu Giấy, Hà Nội",Bán nhà riêng P Nghĩa Tân Cầu Giấy 50m Mt 4.5m Ô TÔ TRÁNH 5M Chỉ 7 tỷ hơn Hoàng Quốc Việt,Bán nhà riêng P Nghĩa Tân Cầu Giấy 50m Mt 4.5m Ô TÔ TRÁNH 5M Chỉ 7 tỷ hơn Hoàng Quốc Việt,Bán nhà riêng P Nghĩa Tân Cầu Giấy 50m Mt 4.5m Ô TÔ TRÁNH 5M Chỉ 7 tỷ hơn Hoàng Quốc Việt,Tô Tránh 5M,,Cầu Giấy,Hà Nội,title,consistent,street_only,success,
163742,https://batdongsan.vn/ban-nha-tu-dinh-18-ty-85m-phan-lo-via-he-o-to-kinh-doanhlong-bien-r163742,"Long Biên, Hà Nội","BÁN NHÀ TƯ ĐÌNH 18 tỷ 85m PHÂN LÔ VỈA HÈ Ô TÔ KINH DOANH,LONG BIÊN","BÁN NHÀ TƯ ĐÌNH 18 tỷ 85m PHÂN LÔ VỈA HÈ Ô TÔ KINH DOANH,LONG BIÊN","BÁN NHÀ TƯ ĐÌNH 18 tỷ 85m PHÂN LÔ VỈA HÈ Ô TÔ KINH DOANH,LONG BIÊN",Bán Nhà Tư Đình,,Long Biên,Hà Nội,title,consistent,street_only,success,
104762,https://batdongsan.vn/toa-nha-8-tang-mat-pho-hai-ba-trung-mat-tien-54m-thang-may-thong-san-r274956,"Hai Bà Trưng, Hà Nội","Toà nhà 8 tầng mặt phố Hai Bà Trưng, mặt tiền 5.4m, thang máy, thông sàn",phố Hai Bà Trưng,phố Hai Bà Trưng,,,Hai Bà Trưng,Hà Nội,title,consistent,street_only,success,
121320,https://batdongsan.vn/52m2-nha-mat-ngo-xuan-phuong-ngay-nga-tu-nhon-3-tang-re-nhat-nam-tu-liem-chi-nhinh-6-ty-r121320,"Nam Từ Liêm, Hà Nội","52m2 NHÀ MẶT NGÕ XUÂN PHƯƠNG – NGAY NGÃ TƯ NHỔN - 3 tầng - RẺ NHẤT NAM TỪ LIÊM, chỉ nhỉnh 6 tỷ",NGÕ XUÂN PHƯƠNG – NGAY NGÃ TƯ NHỔN - 3 tầng - RẺ NHẤT NAM TỪ LIÊM,NGÕ XUÂN PHƯƠNG – NGAY NGÃ TƯ NHỔN - 3 tầng - RẺ NHẤT NAM TỪ LIÊM,Nhà Mặt Ngõ Xuân Phương,,Nam Từ Liêm,Hà Nội,title,consistent,alley_or_lane,success,
158606,https://batdongsan.vn/ban-nha-pho-minh-khai-vai-buoc-ra-o-to-sat-pho-minh-khai-dt-30m2-nhinh-7-ty-r158606,"Hai Bà Trưng, Hà Nội","Bán nhà phố MInh Khai, vài bước ra ô tô, sát phố Minh Khai, DT 30m2, nhỉnh 7 tỷ",phố MInh Khai,phố MInh Khai,Phố Minh Khai Bán Nhà Phố Minh Khai,,Hai Bà Trưng,Hà Nội,title,consistent,street_only,success,
80704,https://batdongsan.vn/ban-nha-dinh-cong-thuong-hoang-mai-32m-5tang-gia-con-lau-moi-den-4ty-r250855,"Hoàng Mai, Hà Nội","Bán nhà Định Công Thượng, Hoàng Mai 32m 5Tầng giá còn lâu mới đến 4Tỷ","Bán nhà Định Công Thượng, Hoàng Mai 32m 5Tầng giá còn lâu mới đến 4Tỷ","Bán nhà Định Công Thượng, Hoàng Mai 32m 5Tầng giá còn lâu mới đến 4Tỷ",,,Hoàng Mai,Hà Nội,title,consistent,unclear,success,
128965,https://batdongsan.vn/nha-dep-don-tet-gia-78-ty-khuong-trung-thanh-xuan-40m-4-tang-cach-o-to-15m-gan-ho-an-sinh-r128965,"Thanh Xuân, Hà Nội","Nhà đẹp đón tết, Giá 7.8 tỷ Khương Trung, Thanh Xuân, 40m, 4 tầng, cách ô tô 15m, gần Hồ, an sinh","Nhà đẹp đón tết, Giá 7.8 tỷ Khương Trung, Thanh Xuân, 40m, 4 tầng, cách ô tô 15m, gần Hồ, an sinh",Nhà đẹp đón tết,,,Thanh Xuân,Hà Nội,title,consistent,landmark_only,success,
158884,https://batdongsan.vn/sieu-dep-doi-can-ba-dinhngo-rong-42m2-x-5-tang4-pn-du-cong-nang-chi-viec-ve-o-r158884,"Ba Đình, Hà Nội","SIÊU ĐẸP ĐỘI CẤN- BA ĐÌNH,NGÕ RỘNG -42M2 x 5 Tầng,4 PN ĐỦ CÔNG NĂNG -CHỈ VIỆC VỀ Ở",NGÕ RỘNG -42M2 x 5 Tầng,NGÕ RỘNG -42M2 x 5 Tầng,Ngõ Rộng,,Ba Đình,Hà Nội,title,consistent,alley_or_lane,success,
187675,https://batdongsan.vn/yen-hoa-45m-x4-tang-96-ty-nha-mat-ngo-thonggan-phongo-rong-25mgia-dau-tu-r187675,"Cầu Giấy, Hà Nội","YÊN HÒA 45M x4 TẦNG 9,6 TỶ NHÀ MẶT NGÕ THÔNG,GẦN PHỐ,NGÕ RỘNG 2,5M,GIÁ ĐẦU TƯ",NGÕ THÔNG,NGÕ THÔNG,Ngõ Thông Yên Hòa 45M X4 Tầng 9,,Cầu Giấy,Hà Nội,title,consistent,alley_or_lane,success,
104416,https://batdongsan.vn/chu-can-ban-gap-nha-ngay-nga-tu-to-huu-van-phuc-40m-5-tang-6-ngu-gia-425-ty-r274610,"Hà Đông, Hà Nội",CHỦ CẦN BÁN GẤP NHÀ NGAY NGÃ TƯ TỖ HỮU - VẠN PHÚC 40M 5 TẦNG 6 NGỦ GIÁ 4.25 TỶ,CHỦ CẦN BÁN GẤP NHÀ NGAY NGÃ TƯ TỖ HỮU - VẠN PHÚC 40M 5 TẦNG 6 NGỦ GIÁ 4.25 TỶ,CHỦ CẦN BÁN GẤP NHÀ NGAY NGÃ TƯ TỖ HỮU - VẠN PHÚC 40M 5 TẦNG 6 NGỦ GIÁ 4.25 TỶ,Vạn Phúc 40M,,Hà Đông,Hà Nội,title,consistent,street_only,success,
169735,https://batdongsan.vn/em-ban-nha-tap-the-pho-tan-mai-t1-so-do-2460m-1-phong-khach-2-phong-ngu-bep-1-nha-ra-pho-tan-r169735,"Hoàng Mai, Hà Nội","Em bán Nhà tập thể Phố Tân Mai T1 sổ đỏ 24/60m 1 Phòng Khách, 2 phòng ngủ, bếp, 1 nhà ra phố Tân",Phố Tân Mai T1 sổ đỏ 24/60m 1 Phòng Khách,Phố Tân Mai T1 sổ đỏ 24/60m 1 Phòng Khách,Phố Tân,,Hoàng Mai,Hà Nội,title,consistent,house_number_and_street,success,
151123,https://batdongsan.vn/nguyen-van-cu-long-bien-lo-goc-ngo-o-to-nha-dep-5-tang-o-ngay-hoac-kinh-doanh-nho-r151123,"Long Biên, Hà Nội",NGUYỄN VĂN CỪ – LONG BIÊN – LÔ GÓC – NGÕ Ô TÔ – NHÀ ĐẸP 5 TẦNG – Ở NGAY HOẶC KINH DOANH NHỎ,"Nguyễn Văn Cừ, Long Biên, Hà Nội","Nguyễn Văn Cừ, Long Biên, Hà Nội",Nguyễn Văn Cừ,,Long Biên,Hà Nội,dedicated_address,consistent,street_only,success,
108123,https://batdongsan.vn/gia-dinh-can-ban-nha-mat-ngo-doi-can-gia-108-ty-367mx6-tang-oto-vao-full-noi-that-r278317,"Ba Đình, Hà Nội","Gia đình cần bán nhà Mặt ngõ Đội Cấn giá 10,8 tỷ, 36,7mx6 tầng, Oto vào, Full Nội thất",ngõ Đội Cấn giá 10,ngõ Đội Cấn giá 10,Ngõ Đội Cấn,,Ba Đình,Hà Nội,title,consistent,alley_or_lane,success,
133821,https://batdongsan.vn/thuy-khue-tay-ho-dt55m2-x4t-mt3m-105-ty-full-noi-that-gan-pho-r133821,"Tây Hồ, Hà Nội",THỤY KHUÊ - TÂY HỒ - DT55M2 X4T - MT3M - 10.5 TỶ - FULL NỘI THẤT  - GẦN PHỐ,THỤY KHUÊ - TÂY HỒ - DT55M2 X4T - MT3M - 10.5 TỶ - FULL NỘI THẤT  - GẦN PHỐ,THỤY KHUÊ - TÂY HỒ - DT55M2 X4T - MT3M - 10.5 TỶ - FULL NỘI THẤT - GẦN PHỐ,Phố Thụy Khuê,,Tây Hồ,Hà Nội,description,consistent,street_only,success,
185748,https://batdongsan.vn/ban-nha-xuan-dinh-sieu-dep-oto-kinh-doanh-o-suong-gan-cong-vien-40m2-so-dep-nhinh-9-ty-r185748,"Bắc Từ Liêm, Hà Nội","BÁN NHÀ XUÂN ĐỈNH SIÊU ĐẸP, OTO, KINH DOANH, Ở SƯỚNG GẦN CÔNG VIÊN 40m2 Sổ đẹp nhỉnh 9 tỷ","BÁN NHÀ XUÂN ĐỈNH SIÊU ĐẸP, OTO, KINH DOANH, Ở SƯỚNG GẦN CÔNG VIÊN 40m2 Sổ đẹp nhỉnh 9 tỷ","BÁN NHÀ XUÂN ĐỈNH SIÊU ĐẸP, OTO, KINH DOANH, Ở SƯỚNG GẦN CÔNG VIÊN 40m2 Sổ đẹp nhỉnh 9 tỷ","Bán Nhà Xuân Đỉnh Siêu Đẹp, Oto, Kinh Doanh,",,Bắc Từ Liêm,Hà Nội,title,consistent,street_only,success,
112823,https://batdongsan.vn/duong-noi-ha-dong-dt-35m2-lo-goc-no-hau-aeon-ha-dong-chi-hon-2-ty-r283017,"Hà Đông, Hà Nội","Dương Nội - Hà Đông: Dt 35m2 - lô góc - Nở hậu - Aeon Hà Đông, chỉ hơn 2 tỷ","Dương Nội - Hà Đông: Dt 35m2 - lô góc - Nở hậu - Aeon Hà Đông, chỉ hơn 2 tỷ",Dương Nội - Hà Đông,,,Hà Đông,Hà Nội,title,consistent,unclear,success,
178208,https://batdongsan.vn/khuong-dinh-50m-4-tang-lo-goc-gan-mat-pho-chi-96-ty-r178208,"Thanh Xuân, Hà Nội","Khương Đình 50m 4 tầng, lô góc, gần mặt phố chỉ 9,6 tỷ",phố chỉ 9,phố chỉ 9,Phố Chỉ 9 Khương Đình 50M 4 Tầng,,Thanh Xuân,Hà Nội,title,consistent,street_only,success,
156771,https://batdongsan.vn/sieu-pham-nha-phan-lo-2-mat-ngo-full-noi-that-mt-to-42-m-gia-chi-76-ty-r156771,"Đống Đa, Hà Nội","SIÊU PHẨM NHÀ PHÂN LÔ 2 MẶT NGÕ-FULL NỘI THẤT-MT TO 4,2 M-GIÁ CHỈ 7.6 TỶ","SIÊU PHẨM NHÀ PHÂN LÔ 2 MẶT NGÕ-FULL NỘI THẤT-MT TO 4,2 M-GIÁ CHỈ 7.6 TỶ","SIÊU PHẨM NHÀ PHÂN LÔ 2 MẶT NGÕ-FULL NỘI THẤT-MT TO 4,2 M-GIÁ CHỈ 7.6 TỶ",Mặt Ngõ-Full Nội Thất-Mt To,,Đống Đa,Hà Nội,description,consistent,alley_or_lane,success,
177171,https://batdongsan.vn/chi-361-trieu-m-nha-ngo-279-doi-can-47m-6tang-thang-may-full-noi-that-gia-17-ty-0878168006-r177171,"Ba Đình, Hà Nội",CHỈ 361 TRIỆU M NHÀ NGÕ 279 ĐỘI CẤN 47M 6TẦNG THANG MÁY FULL NỘI THẤT GIÁ 17 TỶ 0878168006,NGÕ 279 ĐỘI CẤN 47M 6TẦNG THANG MÁY FULL NỘI THẤT GIÁ 17 TỶ 0878168006,NGÕ 279 ĐỘI CẤN 47M 6TẦNG THANG MÁY FULL NỘI THẤT GIÁ 17 TỶ 0878168006,Nhà Ngõ,,Ba Đình,Hà Nội,title,consistent,alley_or_lane,success,
191476,https://batdongsan.vn/ban-nha-ngoc-lam-full-noi-that-30m2-6-tang-gia-83-ty-r191476,"Long Biên, Hà Nội",BÁN NHÀ NGỌC LÂM – FULL NỘI THẤT – 30M² – 6 TẦNG – GIÁ 8.3 TỶ,BÁN NHÀ NGỌC LÂM – FULL NỘI THẤT – 30M² – 6 TẦNG – GIÁ 8.3 TỶ,BÁN NHÀ NGỌC LÂM – FULL NỘI THẤT – 30M² – 6 TẦNG – GIÁ 8.3 TỶ,Bán Nhà Ngọc Lâm,,Long Biên,Hà Nội,title,consistent,street_only,success,
192599,https://batdongsan.vn/ban-nha-4-tang-moi-39m2-phuong-o-cho-dua-dong-da-o-ngay-gia-88-ty-r192599,"Đống Đa, Hà Nội","Bán nhà 4 tầng mới – 39m² – Phường Ô Chợ Dừa – Đống Đa – Ở ngay – Giá 8,8 tỷ","Bán nhà 4 tầng mới – 39m² – Phường Ô Chợ Dừa – Đống Đa – Ở ngay – Giá 8,8 tỷ","Bán nhà 4 tầng mới – 39m² – Phường Ô Chợ Dừa – Đống Đa – Ở ngay – Giá 8,8 tỷ",,,Đống Đa,Hà Nội,description,consistent,landmark_only,success,
120072,https://batdongsan.vn/mat-pho-minh-khai-hai-ba-trung-91m-gia-31-ty-r120072,"Hai Bà Trưng, Hà Nội","Mặt Phố Minh Khai, Hai Bà Trưng. 91m, Giá 31 tỷ","Đoạn đẹp nhất phố, giao thông thuận tiện, view TTTM Chợ Mơ rất đẹp","Đoạn đẹp nhất phố, giao thông thuận tiện, view TTTM Chợ Mơ rất đẹp",Phố Minh Khai,,Hai Bà Trưng,Hà Nội,dedicated_address,consistent,street_only,success,
196473,https://batdongsan.vn/ban-nha-tap-the-nguyen-phong-sac-cau-giay-dt-4890m-gia-555-ty-o-to-do-cua-r196473,"Cầu Giấy, Hà Nội","bán nhà tập thể nguyễn phong sắc cầu giấy DT 48/90m giá 5,55 tỷ ô tô đỗ cửa","bán nhà tập thể nguyễn phong sắc cầu giấy DT 48/90m giá 5,55 tỷ ô tô đỗ cửa","bán nhà tập thể nguyễn phong sắc cầu giấy DT 48/90m giá 5,55 tỷ ô tô đỗ cửa",,,Cầu Giấy,Hà Nội,title,consistent,unclear,success,
150633,https://batdongsan.vn/ngoc-thuy-38-m-4t-mt-35m-gia-83-ty-long-bien-r150633,"Long Biên, Hà Nội",Ngọc Thụy 38 M 4T MT 3.5M Giá 8.3 tỷ Long Biên,Ngọc Thụy 38 M 4T MT 3.5M Giá 8.3 tỷ Long Biên,Ngọc Thụy 38 M 4T MT 3.5M Giá 8.3 tỷ Long Biên,4T Mt 3.5M,,Long Biên,Hà Nội,title,consistent,street_only,success,
122305,https://batdongsan.vn/hoa-khoi-toa-vp-mat-pho-hoang-quoc-viet-cau-giay-kd-vip-dt-200mxmt-11mx9-tang-110-ty-tl-r122305,"Cầu Giấy, Hà Nội",HOA KHÔI-TOÀ VP-MẶT PHỐ HOÀNG QUỐC VIỆT-CẦU GIẤY-KD VIP-DT 200MxMT 11Mx9 TẦNG-110 TỶ TL,PHỐ HOÀNG QUỐC VIỆT-CẦU GIẤY-KD VIP-DT 200MxMT 11Mx9 TẦNG-110 TỶ TL,PHỐ HOÀNG QUỐC VIỆT-CẦU GIẤY-KD VIP-DT 200MxMT 11Mx9 TẦNG-110 TỶ TL,Phố Hoàng Quốc Việt,,Cầu Giấy,Hà Nội,title,consistent,street_only,success,
157434,https://batdongsan.vn/ban-nha-4-tang-pho-ngoc-thuy-ful-noi-that-co-thang-may-r157434,"Long Biên, Hà Nội",BÁN NHÀ 4 TẦNG PHỐ NGỌC THỤY-FUL NỘI THẤT - CÓ THANG MÁY,PHỐ NGỌC THỤY-FUL NỘI THẤT - CÓ THANG MÁY,PHỐ NGỌC THỤY-FUL NỘI THẤT - CÓ THANG MÁY,Phố Ngọc Thụy,,Long Biên,Hà Nội,title,consistent,street_only,success,
162270,https://batdongsan.vn/gia-dinh-toi-can-ban-gap-nha-ngo-201-phuc-loi-lo-goc-30m-mat-tien-rong-10m-ra-oto-tranh-495-r162270,"Long Biên, Hà Nội","Gia đình tôi cần bán gấp nhà ngõ 201 Phúc Lợi, lô góc, 30m, mặt tiền rộng, 10m ra oto tránh, 4,95",ngõ 201 Phúc Lợi,ngõ 201 Phúc Lợi,,,Long Biên,Hà Nội,title,consistent,alley_or_lane,success,
138008,https://batdongsan.vn/thuy-khue-tay-ho-41m2-7-tang-mt-41m-gia-148-ty-nha-moi-thang-may-phan-lo-o-to-7c-ngo-r138008,"Tây Hồ, Hà Nội","THỤY KHUÊ, TÂY HỒ. 41M2 7 TẦNG MT 4.1M GIÁ 14,8 TỶ-NHÀ MỚI - THANG MÁY - PHÂN LÔ - Ô TÔ 7C - NGÕ","THỤY KHUÊ, TÂY HỒ. 41M2 7 TẦNG MT 4.1M GIÁ 14,8 TỶ-NHÀ MỚI - THANG MÁY - PHÂN LÔ - Ô TÔ 7C - NGÕ","THỤY KHUÊ, TÂY HỒ. 41M2 7 TẦNG MT 4.1M GIÁ 14,8 TỶ-NHÀ MỚI - THANG MÁY - PHÂN LÔ - Ô TÔ 7C - NGÕ",Ngõ Thụy Khuê,,Tây Hồ,Hà Nội,description,consistent,alley_or_lane,success,
170059,https://batdongsan.vn/can-ban-nha-trung-liet-27m-6-tang-thang-may-hon-10-ty-r170059,"Đống Đa, Hà Nội","Cần bán nhà Trung Liệt 27m 6 tầng thang máy, hơn 10 tỷ","Cần bán nhà Trung Liệt 27m 6 tầng thang máy, hơn 10 tỷ","Cần bán nhà Trung Liệt 27m 6 tầng thang máy, hơn 10 tỷ",,,Đống Đa,Hà Nội,title,consistent,unclear,success,
130085,https://batdongsan.vn/phu-do-35m2-6-tang-nhinh-6-ty-ngo-thong-kd-vua-o-vua-cho-thue-r130085,"Nam Từ Liêm, Hà Nội",Phú Đô 35m2 6 tầng nhỉnh 6 tỷ - Ngõ thông KD vừa ở vừa cho thuê,Ngõ thông KD vừa ở vừa cho thuê,Ngõ thông KD vừa ở vừa cho thuê,,,Nam Từ Liêm,Hà Nội,title,consistent,alley_or_lane,success,
195288,https://batdongsan.vn/ban-nha-dong-tien-luong-khanh-thien-7-tang-thang-may-long-lanh-lo-goc-hoang-mai-r195288,"Hoàng Mai, Hà Nội",Bán nhà dòng tiền lương khánh thiện 7 tầng thang máy long lanh lô góc hoàng mai,Bán nhà dòng tiền lương khánh thiện 7 tầng thang máy long lanh lô góc hoàng mai,Bán nhà dòng tiền lương khánh thiện 7 tầng thang máy long lanh lô góc hoàng mai,,,Hoàng Mai,Hà Nội,title,consistent,unclear,success,
90667,https://batdongsan.vn/ban-nha-97m2-f361-an-duong-tay-ho-o-to-tranh-kinh-doanh-99-ty-r260839,"Tây Hồ, Hà Nội","Bán nhà 97m2 F361 An Dương, Tây Hồ Ô tô tránh Kinh doanh 9.9 tỷ","Bán nhà 97m2 F361 An Dương, Tây Hồ Ô tô tránh Kinh doanh 9.9 tỷ","Bán nhà 97m2 F361 An Dương, Tây Hồ Ô tô tránh Kinh doanh 9.9 tỷ",,,Tây Hồ,Hà Nội,title,consistent,unclear,success,
163834,https://batdongsan.vn/ban-cc-t8-times-city-dt-76m2-2n2vs-full-noi-that-gia-71-ty-r163834,"Hai Bà Trưng, Hà Nội","Bán CC T8 Times City, Dt 76m2, 2N2VS, full nội thất, Giá 7,1 tỷ","số 458 Minh Khai, phường Vĩnh Tuy, quận Hai Bà Trưng và số 25 ngõ 13 Lĩnh Nam, phường Mai Động, quận Hoàng Mai, Hà Nội","số 458 Minh Khai, phường Vĩnh Tuy, quận Hai Bà Trưng và số 25 ngõ 13 Lĩnh Nam, phường Mai Động, quận Hoàng Mai, Hà Nội",Ngõ 13 Lĩnh Nam,Phường Vĩnh Tuy,Hai Bà Trưng,Hà Nội,dedicated_address,consistent,full_address,success,
155929,https://batdongsan.vn/ban-nha-vu-trong-phung-sieu-net-40m5t35m-mt-gia-9-ty-r155929,"Thanh Xuân, Hà Nội","BÁN NHÀ VU TRỌNG PHỤNG ! SIÊU NET .40M.5T.3,5M MT GIÁ 9 TỶ .","BÁN NHÀ VU TRỌNG PHỤNG ! SIÊU NET .40M.5T.3,5M MT GIÁ 9 TỶ .","BÁN NHÀ VU TRỌNG PHỤNG ! SIÊU NET .40M.5T.3,5M MT GIÁ 9 TỶ .",Bán Nhà Vu Trọng Phụng,,Thanh Xuân,Hà Nội,title,consistent,street_only,success,
107764,https://batdongsan.vn/ban-nha-pho-dao-tan-ba-dinh-gan-pho-o-ngay-5-tang-50m2-gia-88-ty-r277958,"Ba Đình, Hà Nội","Bán nhà phố Đào Tấn, Ba Đình gần phố, ở ngay 5 tầng 50m2 giá 8.8 tỷ",phố Đào Tấn,phố Đào Tấn,Phố Đào Tấn Bán Nhà Phố Đào Tấn,,Ba Đình,Hà Nội,title,consistent,street_only,success,
157284,https://batdongsan.vn/nha-kim-giang-thanh-tri-o-to-do-cong-gan-pho-o-ngay-full-noi-that-35m2-74tyctl-r157284,"Thanh Trì, Hà Nội","NHÀ KIM GIANG, THANH TRÌ, Ô TÔ ĐỖ CỔNG, GẦN PHỐ, Ở NGAY FULL NỘI THẤT, 35M2, 7.4Tỷ(CTL)","NHÀ KIM GIANG, THANH TRÌ, Ô TÔ ĐỖ CỔNG, GẦN PHỐ, Ở NGAY FULL NỘI THẤT, 35M2, 7.4Tỷ(CTL)","NHÀ KIM GIANG, THANH TRÌ, Ô TÔ ĐỖ CỔNG, GẦN PHỐ, Ở NGAY FULL NỘI THẤT, 35M2, 7.4Tỷ(CTL)","Nhà Kim Giang, Thanh Trì,",,Thanh Trì,Hà Nội,description,consistent,street_only,success,
93117,https://batdongsan.vn/nha-dep-43m-gia-hop-ly-34-ty-hoang-liet-hoang-mai-gan-o-to-r263292,"Hoàng Mai, Hà Nội","NHÀ ĐẸP 43M, GIÁ HỢP LÝ 3.4 TỶ HOÀNG LIỆT- HOÀNG MAI, GẦN Ô TÔ","NHÀ ĐẸP 43M, GIÁ HỢP LÝ 3.4 TỶ HOÀNG LIỆT- HOÀNG MAI, GẦN Ô TÔ",NHÀ ĐẸP 43M,"Nhà Đẹp 43M, Giá Hợp Lý",,Hoàng Mai,Hà Nội,title,consistent,street_only,success,
