listing_id,detail_url,province,district,granularity,provenance,address_raw,address_sanitized,raw_query,raw_status,raw_lat,raw_lon,raw_display_name,raw_candidate_count,raw_admin_match,raw_spatial_precision,raw_spatially_useful,sanitized_query,sanitized_status,sanitized_lat,sanitized_lon,sanitized_display_name,sanitized_candidate_count,sanitized_admin_match,sanitized_spatial_precision,sanitized_spatially_useful
158884,https://batdongsan.vn/sieu-dep-doi-can-ba-dinhngo-rong-42m2-x-5-tang4-pn-du-cong-nang-chi-viec-ve-o-r158884,Hà Nội,Ba Đình,alley_or_lane,title,NGÕ RỘNG -42M2 x 5 Tầng,NGÕ RỘNG x,"NGÕ RỘNG -42M2 x 5 Tầng, Ba Đình, Hà Nội, Việt Nam",NO_RESULT,,,,0,UNKNOWN,UNKNOWN,False,"NGÕ RỘNG x, Ba Đình, Thành phố Hà Nội, Việt Nam",NO_RESULT,,,,0,UNKNOWN,UNKNOWN,False
173940,https://batdongsan.vn/ban-nha-le-trong-tan-34mngo-o-to-hon-12-ty-r173940,Hà Nội,Thanh Xuân,alley_or_lane,title,ngõ ô tô,ngõ ô tô,"ngõ ô tô, Thanh Xuân, Hà Nội, Việt Nam",NO_RESULT,,,,0,UNKNOWN,UNKNOWN,False,"ngõ ô tô, Thanh Xuân, Thành phố Hà Nội, Việt Nam",NO_RESULT,,,,0,UNKNOWN,UNKNOWN,False
156771,https://batdongsan.vn/sieu-pham-nha-phan-lo-2-mat-ngo-full-noi-that-mt-to-42-m-gia-chi-76-ty-r156771,Hà Nội,Đống Đa,alley_or_lane,description,"SIÊU PHẨM NHÀ PHÂN LÔ 2 MẶT NGÕ-FULL NỘI THẤT-MT TO 4,2 M-GIÁ CHỈ 7.6 TỶ",NHÀ 2 MẶT NGÕ MT TO 4 2 M,"SIÊU PHẨM NHÀ PHÂN LÔ 2 MẶT NGÕ-FULL NỘI THẤT-MT TO 4,2 M-GIÁ CHỈ 7.6 TỶ, Đống Đa, Hà Nội, Việt Nam",NO_RESULT,,,,0,UNKNOWN,UNKNOWN,False,"NHÀ 2 MẶT NGÕ MT TO 4 2 M, Đống Đa, Thành phố Hà Nội, Việt Nam",EXACT_MATCH,21.0107304,105.8182024,"Phường Đống Đa, Thành phố Hà Nội, 11527, Việt Nam",1,ADMIN_MATCH,WARD,True
175583,https://batdongsan.vn/ban-nha-5-tang-40m2-bui-xuong-trach-thanh-xuan-8-ty-so-do-hoac-nha-5-tang-40m2-vi-tri-r175583,Hà Nội,Thanh Xuân,alley_or_lane,dedicated_address,"Mặt tiền Hẻm Định Công Thượng, Định Công, Hoàng Mai, Hà Nội",Hẻm Định Công Thượng Định Công Hoàng Mai Hà Nội,"Mặt tiền Hẻm Định Công Thượng, Định Công, Hoàng Mai, Hà Nội, Thanh Xuân, Hà Nội, Việt Nam",NO_RESULT,,,,0,UNKNOWN,UNKNOWN,False,"Hẻm Định Công Thượng Định Công Hoàng Mai Hà Nội, Thanh Xuân, Việt Nam",NO_RESULT,,,,0,UNKNOWN,UNKNOWN,False
137861,https://batdongsan.vn/nha-dan-xay-thanh-cong-ba-dinh-38m-mt-43m-2-thoang-ngo-thong-rong-779-ty-r137861,Hà Nội,Ba Đình,alley_or_lane,title,NGÕ THÔNG RỘNG,NGÕ THÔNG RỘNG,"NGÕ THÔNG RỘNG, Ba Đình, Hà Nội, Việt Nam",NO_RESULT,,,,0,UNKNOWN,UNKNOWN,False,"NGÕ THÔNG RỘNG, Ba Đình, Thành phố Hà Nội, Việt Nam",NO_RESULT,,,,0,UNKNOWN,UNKNOWN,False
178776,https://batdongsan.vn/le-thanh-nghihai-ba-trung-26ty-111m-mat-tien-8m-tu-xay-o-ngo-thong-thoang-thuan-tien-di-chuyen-r178776,Hà Nội,Hai Bà Trưng,alley_or_lane,title,MẶT TIỀN 8m TỰ XÂY Ở NGÕ THÔNG THOÁNG THUẬN TIỆN DI CHUYỂN,TỰ XÂY Ở NGÕ THÔNG THOÁNG THUẬN TIỆN DI CHUYỂN,"MẶT TIỀN 8m TỰ XÂY Ở NGÕ THÔNG THOÁNG THUẬN TIỆN DI CHUYỂN, Hai Bà Trưng, Hà Nội, Việt Nam",NO_RESULT,,,,0,UNKNOWN,UNKNOWN,False,"TỰ XÂY Ở NGÕ THÔNG THOÁNG THUẬN TIỆN DI CHUYỂN, Hai Bà Trưng, Thành phố Hà Nội, Việt Nam",NO_RESULT,,,,0,UNKNOWN,UNKNOWN,False
131353,https://batdongsan.vn/ban-nha-dai-tu-hoang-mai-gan-o-to-tranh-ngach-ba-gac-dtsd-40m2-715-ty-khu-hiem-it-nha-ban-r131353,Hà Nội,Hoàng Mai,alley_or_lane,title,"Bán nhà Đại Từ, Hoàng Mai, gần ô tô tránh, ngách ba gác, DTSD 40m2, 7.15 tỷ. Khu hiếm ít nhà bán",Đại Từ Hoàng Mai gần ngách ba gác DTSD,"Bán nhà Đại Từ, Hoàng Mai, gần ô tô tránh, ngách ba gác, DTSD 40m2, 7.15 tỷ. Khu hiếm ít nhà bán, Hoàng Mai, Hà Nội, Việt Nam",NO_RESULT,,,,0,UNKNOWN,UNKNOWN,False,"Đại Từ Hoàng Mai gần ngách ba gác DTSD, Thành phố Hà Nội, Việt Nam",NO_RESULT,,,,0,UNKNOWN,UNKNOWN,False
91428,https://batdongsan.vn/giao-su-vu-trong-phung-cong-chuc-ngo-nong-dt-53m2-gia-47ty-r261602,Hà Nội,Thanh Xuân,alley_or_lane,title,Ngõ nông,Ngõ nông,"Ngõ nông, Thanh Xuân, Hà Nội, Việt Nam",EXACT_MATCH,21.0088871,105.93402,"Công ty Tư vấn dịch vụ khoa học Nông nghiệp - Ngô Xuân Quảng, Phố Ngô Xuân Quảng, Thành Trung, Xã Gia Lâm, Thành phố Hà Nội, 12428, Việt Nam",1,ADMIN_PARTIAL_MATCH,UNKNOWN,False,"Ngõ nông, Thanh Xuân, Thành phố Hà Nội, Việt Nam",EXACT_MATCH,21.0088871,105.93402,"Công ty Tư vấn dịch vụ khoa học Nông nghiệp - Ngô Xuân Quảng, Phố Ngô Xuân Quảng, Thành Trung, Xã Gia Lâm, Thành phố Hà Nội, 12428, Việt Nam",1,ADMIN_PARTIAL_MATCH,UNKNOWN,False
95330,https://batdongsan.vn/ban-nha-mat-ngo-91-nguyen-chi-thanh-dong-da-40m-4-tang-gia-12-ty-r265505,Hà Nội,Đống Đa,alley_or_lane,title,ngõ 91 Nguyễn Chi Thanh,ngõ 91 Nguyễn Chi Thanh,"ngõ 91 Nguyễn Chi Thanh, Đống Đa, Hà Nội, Việt Nam",NO_RESULT,,,,0,UNKNOWN,UNKNOWN,False,"ngõ 91 Nguyễn Chi Thanh, Đống Đa, Thành phố Hà Nội, Việt Nam",NO_RESULT,,,,0,UNKNOWN,UNKNOWN,False
164635,https://batdongsan.vn/ban-nha-chinh-chu-ngo-69-thuy-khue-gan-ho-tay-so-do-rieng-gia-tot-r164635,Hà Nội,Tây Hồ,alley_or_lane,dedicated_address,"Số 18 ngõ 69 Thụy Khuê, Tây Hồ, Hà Nội",Số 18 ngõ 69 Thụy Khuê Tây Hồ Hà Nội,"Số 18 ngõ 69 Thụy Khuê, Tây Hồ, Hà Nội, Tây Hồ, Hà Nội, Việt Nam",EXACT_MATCH,21.0414022,105.8260996,"Ngõ 69 Đường Thụy Khuê, Sun Grand City Thụy Khuê, Phường Tây Hồ, Thành phố Hà Nội, 11214, Việt Nam",1,ADMIN_MATCH,STREET,True,"Số 18 ngõ 69 Thụy Khuê Tây Hồ Hà Nội, Việt Nam",EXACT_MATCH,21.0414022,105.8260996,"Ngõ 69 Đường Thụy Khuê, Sun Grand City Thụy Khuê, Phường Tây Hồ, Thành phố Hà Nội, 11214, Việt Nam",1,ADMIN_MATCH,STREET,True
130980,https://batdongsan.vn/ban-nha-mat-ngo-663-truong-dinh-ngo-thong-o-to-kinh-doanh-r130980,Hà Nội,Hoàng Mai,alley_or_lane,title,NGÕ 663 TRƯƠNG ĐỊNH - NGÕ THÔNG  Ô TÔ KINH DOANH,NGÕ 663 TRƯƠNG ĐỊNH NGÕ THÔNG Ô TÔ,"NGÕ 663 TRƯƠNG ĐỊNH - NGÕ THÔNG  Ô TÔ KINH DOANH, Hoàng Mai, Hà Nội, Việt Nam",NO_RESULT,,,,0,UNKNOWN,UNKNOWN,False,"NGÕ 663 TRƯƠNG ĐỊNH NGÕ THÔNG Ô TÔ, Hoàng Mai, Thành phố Hà Nội, Việt Nam",NO_RESULT,,,,0,UNKNOWN,UNKNOWN,False
146531,https://batdongsan.vn/ban-nha-dep-mat-ngo-thong-pho-cho-kham-thien-28m2-5tang-mat-tien-28m-48-ty-dong-da-r146531,Hà Nội,Đống Đa,alley_or_lane,title,ngõ thông phố Chợ Khâm Thiên 28m2 5tầng mặt tiền 2.8m 4.8 Tỷ Đống Đa,ngõ thông phố Chợ Khâm Thiên 2,"ngõ thông phố Chợ Khâm Thiên 28m2 5tầng mặt tiền 2.8m 4.8 Tỷ Đống Đa, Đống Đa, Hà Nội, Việt Nam",NO_RESULT,,,,0,UNKNOWN,UNKNOWN,False,"ngõ thông phố Chợ Khâm Thiên 2, Đống Đa, Thành phố Hà Nội, Việt Nam",NO_RESULT,,,,0,UNKNOWN,UNKNOWN,False
138008,https://batdongsan.vn/thuy-khue-tay-ho-41m2-7-tang-mt-41m-gia-148-ty-nha-moi-thang-may-phan-lo-o-to-7c-ngo-r138008,Hà Nội,Tây Hồ,alley_or_lane,description,"THỤY KHUÊ, TÂY HỒ. 41M2 7 TẦNG MT 4.1M GIÁ 14,8 TỶ-NHÀ MỚI - THANG MÁY - PHÂN LÔ - Ô TÔ 7C - NGÕ",THỤY KHUÊ TÂY HỒ MT 4,"THỤY KHUÊ, TÂY HỒ. 41M2 7 TẦNG MT 4.1M GIÁ 14,8 TỶ-NHÀ MỚI - THANG MÁY - PHÂN LÔ - Ô TÔ 7C - NGÕ, Tây Hồ, Hà Nội, Việt Nam",NO_RESULT,,,,0,UNKNOWN,UNKNOWN,False,"THỤY KHUÊ TÂY HỒ MT 4, Thành phố Hà Nội, Việt Nam",NO_RESULT,,,,0,UNKNOWN,UNKNOWN,False
144032,https://batdongsan.vn/ban-nha-moi-lo-goc-dinh-cong-ngo-thong-cach-pho-chi-10m-r144032,Hà Nội,Hoàng Mai,alley_or_lane,title,NGÕ THÔNG - CÁCH PHỐ CHỈ 10M,NGÕ THÔNG CÁCH PHỐ CHỈ,"NGÕ THÔNG - CÁCH PHỐ CHỈ 10M, Hoàng Mai, Hà Nội, Việt Nam",NO_RESULT,,,,0,UNKNOWN,UNKNOWN,False,"NGÕ THÔNG CÁCH PHỐ CHỈ, Hoàng Mai, Thành phố Hà Nội, Việt Nam",NO_RESULT,,,,0,UNKNOWN,UNKNOWN,False
177171,https://batdongsan.vn/chi-361-trieu-m-nha-ngo-279-doi-can-47m-6tang-thang-may-full-noi-that-gia-17-ty-0878168006-r177171,Hà Nội,Ba Đình,alley_or_lane,title,NGÕ 279 ĐỘI CẤN 47M 6TẦNG THANG MÁY FULL NỘI THẤT GIÁ 17 TỶ 0878168006,NGÕ 279 ĐỘI CẤN,"NGÕ 279 ĐỘI CẤN 47M 6TẦNG THANG MÁY FULL NỘI THẤT GIÁ 17 TỶ 0878168006, Ba Đình, Hà Nội, Việt Nam",NO_RESULT,,,,0,UNKNOWN,UNKNOWN,False,"NGÕ 279 ĐỘI CẤN, Ba Đình, Thành phố Hà Nội, Việt Nam",NO_RESULT,,,,0,UNKNOWN,UNKNOWN,False
156318,https://batdongsan.vn/ban-nha-pho-nguyen-an-ninh-mat-ngo-rong-o-to-vao-nha-5-tang-50m2-gia-tot-r156318,Hà Nội,Hai Bà Trưng,alley_or_lane,title,phố Nguyến An Ninh mặt ngõ rộng,phố Nguyến An Ninh mặt ngõ rộng,"phố Nguyến An Ninh mặt ngõ rộng, Hai Bà Trưng, Hà Nội, Việt Nam",NO_RESULT,,,,0,UNKNOWN,UNKNOWN,False,"phố Nguyến An Ninh mặt ngõ rộng, Hai Bà Trưng, Thành phố Hà Nội, Việt Nam",NO_RESULT,,,,0,UNKNOWN,UNKNOWN,False
166199,https://batdongsan.vn/ban-nha-ngo-509-vu-tong-phan-ngo-3-gac-tranh-thong-so-vang-gia-dau-tu-48m2-r166199,Hà Nội,Thanh Xuân,alley_or_lane,title,ngõ 509 Vũ Tông Phan- Ngõ 3 gác tránh- Thông số vàng- Giá đầu tư- 48m2,ngõ 509 Vũ Tông Phan Ngõ 3 gác tránh Thông số vàng Giá đầu tư,"ngõ 509 Vũ Tông Phan- Ngõ 3 gác tránh- Thông số vàng- Giá đầu tư- 48m2, Thanh Xuân, Hà Nội, Việt Nam",NO_RESULT,,,,0,UNKNOWN,UNKNOWN,False,"ngõ 509 Vũ Tông Phan Ngõ 3 gác tránh Thông số vàng Giá đầu tư, Thanh Xuân, Thành phố Hà Nội, Việt Nam",NO_RESULT,,,,0,UNKNOWN,UNKNOWN,False
131610,https://batdongsan.vn/ban-nha-phap-van-hoang-mai-ngo-nong-sat-pho-dien-tich-rong-mat-tien-dep-2-thoang-truoc-sau-r131610,Hà Nội,Hoàng Mai,alley_or_lane,title,NGÕ NÔNG SÁT PHỐ,NGÕ NÔNG SÁT PHỐ,"NGÕ NÔNG SÁT PHỐ, Hoàng Mai, Hà Nội, Việt Nam",NO_RESULT,,,,0,UNKNOWN,UNKNOWN,False,"NGÕ NÔNG SÁT PHỐ, Hoàng Mai, Thành phố Hà Nội, Việt Nam",NO_RESULT,,,,0,UNKNOWN,UNKNOWN,False
139036,https://batdongsan.vn/ban-nha-cau-giay37m25t-phan-lo-ngo-thong-kd-oto-10m-chi-8899ty-r139036,Hà Nội,Cầu Giấy,alley_or_lane,title,ngõ thông,ngõ thông,"ngõ thông, Cầu Giấy, Hà Nội, Việt Nam",NO_RESULT,,,,0,UNKNOWN,UNKNOWN,False,"ngõ thông, Cầu Giấy, Thành phố Hà Nội, Việt Nam",NO_RESULT,,,,0,UNKNOWN,UNKNOWN,False
162270,https://batdongsan.vn/gia-dinh-toi-can-ban-gap-nha-ngo-201-phuc-loi-lo-goc-30m-mat-tien-rong-10m-ra-oto-tranh-495-r162270,Hà Nội,Long Biên,alley_or_lane,title,ngõ 201 Phúc Lợi,ngõ 201 Phúc Lợi,"ngõ 201 Phúc Lợi, Long Biên, Hà Nội, Việt Nam",NO_RESULT,,,,0,UNKNOWN,UNKNOWN,False,"ngõ 201 Phúc Lợi, Long Biên, Thành phố Hà Nội, Việt Nam",NO_RESULT,,,,0,UNKNOWN,UNKNOWN,False
188501,https://batdongsan.vn/phan-lo-can-bo-be-van-dan-ha-dong-ngo-to-nhu-pho-o-to-do-cua-45m2-hon-13-ty-r188501,Hà Nội,Hà Đông,alley_or_lane,title,ngõ to như phố,ngõ to như phố,"ngõ to như phố, Hà Đông, Hà Nội, Việt Nam",NO_RESULT,,,,0,UNKNOWN,UNKNOWN,False,"ngõ to như phố, Hà Đông, Thành phố Hà Nội, Việt Nam",NO_RESULT,,,,0,UNKNOWN,UNKNOWN,False
182575,https://batdongsan.vn/nguyen-khang-51m-chi-79-ty-nha-depfull-noi-thatgan-bai-gui-xengo-thong-r182575,Hà Nội,Cầu Giấy,alley_or_lane,dedicated_address,"Nguyễn Khang, Yên Hòa, Cầu Giấy, Hà Nội (ngõ thông các hướng nha, đi lại tiện lợi lắm ạ!)",Nguyễn Khang Yên Hòa Cầu Giấy Hà Nội ngõ thông các hướng nha đi lại tiện lợi lắm ạ,"Nguyễn Khang, Yên Hòa, Cầu Giấy, Hà Nội (ngõ thông các hướng nha, đi lại tiện lợi lắm ạ!), Cầu Giấy, Hà Nội, Việt Nam",NO_RESULT,,,,0,UNKNOWN,UNKNOWN,False,"Nguyễn Khang Yên Hòa Cầu Giấy Hà Nội ngõ thông các hướng nha đi lại tiện lợi lắm ạ, Việt Nam",NO_RESULT,,,,0,UNKNOWN,UNKNOWN,False
184850,https://batdongsan.vn/trung-tam-cau-giay-5-tang-dan-xay-ngo-thong-tu-tung-o-to-tranh-5-tang-30m2-72-ty-r184850,Hà Nội,Cầu Giấy,alley_or_lane,title,NGÕ THÔNG TỨ TUNG- Ô TÔ TRÁNH _ 5 TẦNG – 30M2 – 7,7,"NGÕ THÔNG TỨ TUNG- Ô TÔ TRÁNH _ 5 TẦNG – 30M2 – 7, Cầu Giấy, Hà Nội, Việt Nam",NO_RESULT,,,,0,UNKNOWN,UNKNOWN,False,"7, Cầu Giấy, Thành phố Hà Nội, Việt Nam",STREET_MATCH,21.0273542,105.7847284,"Tòa nhà Hội Liên hiệp Phụ nữ thành phố Hà Nội, 7, Phố Tôn Thất Thuyết, Kẻ Vòng (Dịch Vọng), Phường Cầu Giấy, Thành phố Hà Nội, 10192, Việt Nam",3,ADMIN_MATCH,LANDMARK,True
165486,https://batdongsan.vn/ban-nha-hoang-hoa-tham-ba-dinh-ngo-thong-90m2-45-tang-thang-may-chi-179-ty-r165486,Hà Nội,Ba Đình,alley_or_lane,title,ngõ thông 90m2,ngõ thông,"ngõ thông 90m2, Ba Đình, Hà Nội, Việt Nam",NO_RESULT,,,,0,UNKNOWN,UNKNOWN,False,"ngõ thông, Ba Đình, Thành phố Hà Nội, Việt Nam",NO_RESULT,,,,0,UNKNOWN,UNKNOWN,False
187675,https://batdongsan.vn/yen-hoa-45m-x4-tang-96-ty-nha-mat-ngo-thonggan-phongo-rong-25mgia-dau-tu-r187675,Hà Nội,Cầu Giấy,alley_or_lane,title,NGÕ THÔNG,NGÕ THÔNG,"NGÕ THÔNG, Cầu Giấy, Hà Nội, Việt Nam",NO_RESULT,,,,0,UNKNOWN,UNKNOWN,False,"NGÕ THÔNG, Cầu Giấy, Thành phố Hà Nội, Việt Nam",NO_RESULT,,,,0,UNKNOWN,UNKNOWN,False
119594,https://batdongsan.vn/ban-nha-dong-quan-35m2-gia-nhinh-6-ty-trung-tam-4-quan-5-tang-moi-dep-long-lanh-ngo-nong-r119594,Hà Nội,Cầu Giấy,alley_or_lane,dedicated_address,"ngõ nông rộng, đầu phố Đông Quan, gần trường FPT, phố Đông",ngõ nông rộng đầu phố Đông Quan gần trường FPT phố Đông,"ngõ nông rộng, đầu phố Đông Quan, gần trường FPT, phố Đông, Cầu Giấy, Hà Nội, Việt Nam",NO_RESULT,,,,0,UNKNOWN,UNKNOWN,False,"ngõ nông rộng đầu phố Đông Quan gần trường FPT phố Đông, Cầu Giấy, Thành phố Hà Nội, Việt Nam",NO_RESULT,,,,0,UNKNOWN,UNKNOWN,False
167782,https://batdongsan.vn/ban-nha-xuan-thuy-cau-giay-ngo-thong-o-to-57m2-5-tang-mt-4m-chi-156-ty-r167782,Hà Nội,Cầu Giấy,alley_or_lane,dedicated_address,"Ngõ đẹp, phố Xuân Thủy, Cầu Giấy, Hà Nội",Ngõ đẹp phố Xuân Thủy Cầu Giấy Hà Nội,"Ngõ đẹp, phố Xuân Thủy, Cầu Giấy, Hà Nội, Cầu Giấy, Hà Nội, Việt Nam",NO_RESULT,,,,0,UNKNOWN,UNKNOWN,False,"Ngõ đẹp phố Xuân Thủy Cầu Giấy Hà Nội, Việt Nam",NO_RESULT,,,,0,UNKNOWN,UNKNOWN,False
189560,https://batdongsan.vn/co-nhue-hot-nha-pho-dep-ngo-rong-nhu-pho-quy-hoach-view-ho-tuong-lai-r189560,Hà Nội,Bắc Từ Liêm,alley_or_lane,title,PHỐ ĐẸP - NGÕ RỘNG NHƯ PHỐ - QUY HOẠCH VIEW HỒ TƯƠNG LAI!,PHỐ ĐẸP NGÕ RỘNG NHƯ PHỐ QUY HOẠCH VIEW HỒ TƯƠNG LAI,"PHỐ ĐẸP - NGÕ RỘNG NHƯ PHỐ - QUY HOẠCH VIEW HỒ TƯƠNG LAI!, Bắc Từ Liêm, Hà Nội, Việt Nam",NO_RESULT,,,,0,UNKNOWN,UNKNOWN,False,"PHỐ ĐẸP NGÕ RỘNG NHƯ PHỐ QUY HOẠCH VIEW HỒ TƯƠNG LAI, Bắc Từ Liêm, Thành phố Hà Nội, Việt Nam",NO_RESULT,,,,0,UNKNOWN,UNKNOWN,False
108123,https://batdongsan.vn/gia-dinh-can-ban-nha-mat-ngo-doi-can-gia-108-ty-367mx6-tang-oto-vao-full-noi-that-r278317,Hà Nội,Ba Đình,alley_or_lane,title,ngõ Đội Cấn giá 10,ngõ Đội Cấn giá 10,"ngõ Đội Cấn giá 10, Ba Đình, Hà Nội, Việt Nam",EXACT_MATCH,21.0395325,105.836423,"Phường Ba Đình, Thành phố Hà Nội, 11120, Việt Nam",1,ADMIN_MATCH,WARD,True,"ngõ Đội Cấn giá 10, Ba Đình, Thành phố Hà Nội, Việt Nam",EXACT_MATCH,21.0395325,105.836423,"Phường Ba Đình, Thành phố Hà Nội, 11120, Việt Nam",1,ADMIN_MATCH,WARD,True
118849,https://batdongsan.vn/ban-nha-mat-ngo-khuong-trung-thanh-xuan-dt-40m-5-tang-xe-ba-gac-do-tan-cua-gia-nhinh-8-ty-nho-r118849,Hà Nội,Quận Thanh Xuân,alley_or_lane,dedicated_address,"Ngõ 97 Khương Trung quá hot quận Thanh Xuân, ngay cạnh khu phân lô quân đội an ninh, dân trí cao",Ngõ 97 Khương Trung quá hot quận Thanh Xuân ngay cạnh khu quân đội an ninh dân trí cao,"Ngõ 97 Khương Trung quá hot quận Thanh Xuân, ngay cạnh khu phân lô quân đội an ninh, dân trí cao, Quận Thanh Xuân, Hà Nội, Việt Nam",NO_RESULT,,,,0,UNKNOWN,UNKNOWN,False,"Ngõ 97 Khương Trung quá hot quận Thanh Xuân ngay cạnh khu quân đội an ninh dân trí cao, Thành phố Hà Nội, Việt Nam",NO_RESULT,,,,0,UNKNOWN,UNKNOWN,False
178599,https://batdongsan.vn/ban-nha-ngo-85-xuan-thuy-cau-giay-vi-tri-dep-o-to-tranh-kinh-doanh-dt-154m2-39-ty-r178599,Hà Nội,Cầu Giấy,alley_or_lane,title,NGÕ 85 XUÂN THỦY CẦU GIẤY - VỊ TRÍ ĐẸP Ô TÔ TRÁNH KINH DOANH,NGÕ 85 XUÂN THỦY CẦU GIẤY VỊ TRÍ ĐẸP,"NGÕ 85 XUÂN THỦY CẦU GIẤY - VỊ TRÍ ĐẸP Ô TÔ TRÁNH KINH DOANH, Cầu Giấy, Hà Nội, Việt Nam",NO_RESULT,,,,0,UNKNOWN,UNKNOWN,False,"NGÕ 85 XUÂN THỦY CẦU GIẤY VỊ TRÍ ĐẸP, Thành phố Hà Nội, Việt Nam",NO_RESULT,,,,0,UNKNOWN,UNKNOWN,False
138070,https://batdongsan.vn/hiem-nha-hoe-nhai-ba-dinh-35m2-2-tang-gia-3ty-nha-dep-vai-buoc-ra-pho-ho-khau-pho-co-nha-dep-r138070,Hà Nội,Ba Đình,alley_or_lane,dedicated_address,"Phố Hoè Nhai là phố nối thông Quán Thánh- Nguyễn Trường Tộ - Hàng Than, cửa ngõ Hoàn Kiếm -",Phố Hoè Nhai là phố nối thông Quán Thánh Nguyễn Trường Tộ Hàng Than cửa ngõ Hoàn Kiếm,"Phố Hoè Nhai là phố nối thông Quán Thánh- Nguyễn Trường Tộ - Hàng Than, cửa ngõ Hoàn Kiếm -, Ba Đình, Hà Nội, Việt Nam",NO_RESULT,,,,0,UNKNOWN,UNKNOWN,False,"Phố Hoè Nhai là phố nối thông Quán Thánh Nguyễn Trường Tộ Hàng Than cửa ngõ Hoàn Kiếm, Ba Đình, Thành phố Hà Nội, Việt Nam",NO_RESULT,,,,0,UNKNOWN,UNKNOWN,False
146594,https://batdongsan.vn/nha-dan-xay-58m-x-5t-ngo-thong-kinh-doanh-gan-o-to-ngoc-khanh-ba-dinh-gia-158-ty-r146594,Hà Nội,Ba Đình,alley_or_lane,title,NGÕ THÔNG KINH DOANH,NGÕ THÔNG,"NGÕ THÔNG KINH DOANH, Ba Đình, Hà Nội, Việt Nam",NO_RESULT,,,,0,UNKNOWN,UNKNOWN,False,"NGÕ THÔNG, Ba Đình, Thành phố Hà Nội, Việt Nam",NO_RESULT,,,,0,UNKNOWN,UNKNOWN,False
186301,https://batdongsan.vn/nha-moi-tan-xuan-38m2-5-tang-dep-ngo-thong-thoang-o-suong-gia-chi-6-ty-r186301,Hà Nội,Bắc Từ Liêm,alley_or_lane,title,ngõ thông thoáng,ngõ thông thoáng,"ngõ thông thoáng, Bắc Từ Liêm, Hà Nội, Việt Nam",NO_RESULT,,,,0,UNKNOWN,UNKNOWN,False,"ngõ thông thoáng, Bắc Từ Liêm, Thành phố Hà Nội, Việt Nam",NO_RESULT,,,,0,UNKNOWN,UNKNOWN,False
170331,https://batdongsan.vn/ban-nha-dep-ngoc-thuy-long-bien-ngo-thong-view-vuon-hoa-gan-pho-co-hang-xom-than-thien-r170331,Hà Nội,Long Biên,alley_or_lane,title,NGÕ THÔNG - VIEW VƯỜN HOA - GẦN PHỐ CỔ- HÀNG XÓM THÂN THIỆN,NGÕ THÔNG VIEW VƯỜN HOA GẦN PHỐ CỔ HÀNG XÓM THÂN THIỆN,"NGÕ THÔNG - VIEW VƯỜN HOA - GẦN PHỐ CỔ- HÀNG XÓM THÂN THIỆN, Long Biên, Hà Nội, Việt Nam",NO_RESULT,,,,0,UNKNOWN,UNKNOWN,False,"NGÕ THÔNG VIEW VƯỜN HOA GẦN PHỐ CỔ HÀNG XÓM THÂN THIỆN, Long Biên, Thành phố Hà Nội, Việt Nam",NO_RESULT,,,,0,UNKNOWN,UNKNOWN,False
190097,https://batdongsan.vn/ban-nha-ngo-8-vong-thi-tay-ho-vi-tri-dep-o-to-tranh-kinh-doanh-6-tang-dt-50m2-236-ty-r190097,Hà Nội,Tây Hồ,alley_or_lane,title,NGÕ 8 VÕNG THỊ TÂY HỒ - VỊ TRÍ DẸP Ô TÔ TRÁNH KINH DOANH 6 TẦNG,NGÕ 8 VÕNG THỊ TÂY HỒ VỊ TRÍ DẸP,"NGÕ 8 VÕNG THỊ TÂY HỒ - VỊ TRÍ DẸP Ô TÔ TRÁNH KINH DOANH 6 TẦNG, Tây Hồ, Hà Nội, Việt Nam",NO_RESULT,,,,0,UNKNOWN,UNKNOWN,False,"NGÕ 8 VÕNG THỊ TÂY HỒ VỊ TRÍ DẸP, Thành phố Hà Nội, Việt Nam",NO_RESULT,,,,0,UNKNOWN,UNKNOWN,False
119519,https://batdongsan.vn/ban-nha-do-duc-duc-nam-tu-liem-ngo-nong-30m-ra-pho-an-sinh-khu-vuc-tot-r119519,Hà Nội,Nam Từ Liêm,alley_or_lane,title,NGÕ NÔNG 30M RA PHỐ AN SINH KHU VỰC TỐT,NGÕ NÔNG RA PHỐ AN SINH KHU VỰC TỐT,"NGÕ NÔNG 30M RA PHỐ AN SINH KHU VỰC TỐT, Nam Từ Liêm, Hà Nội, Việt Nam",NO_RESULT,,,,0,UNKNOWN,UNKNOWN,False,"NGÕ NÔNG RA PHỐ AN SINH KHU VỰC TỐT, Nam Từ Liêm, Thành phố Hà Nội, Việt Nam",NO_RESULT,,,,0,UNKNOWN,UNKNOWN,False
183275,https://batdongsan.vn/ban-nha-nguyen-van-cu-118m-x-5-tang-mat-tien-55m-thang-may-gara-kinh-doanh-r183275,Hà Nội,Long Biên,alley_or_lane,dedicated_address,"khu vực Nguyễn Văn Cừ, cách cầu Chương Dương 200m, mặt ngõ ôtô thông , cạnh bệnh viện Bắc Hà",khu vực Nguyễn Văn Cừ cách cầu Chương Dương mặt ngõ ôtô thông cạnh bệnh viện Bắc Hà,"khu vực Nguyễn Văn Cừ, cách cầu Chương Dương 200m, mặt ngõ ôtô thông , cạnh bệnh viện Bắc Hà, Long Biên, Hà Nội, Việt Nam",NO_RESULT,,,,0,UNKNOWN,UNKNOWN,False,"khu vực Nguyễn Văn Cừ cách cầu Chương Dương mặt ngõ ôtô thông cạnh bệnh viện Bắc Hà, Long Biên, Thành phố Hà Nội, Việt Nam",NO_RESULT,,,,0,UNKNOWN,UNKNOWN,False
196008,https://batdongsan.vn/nha-pho-vuong-thua-vu-khu-phan-lo-quan-doi-hai-mat-ngo-thoang-truoc-sau-kinh-doanh-r196008,Hà Nội,Thanh Xuân,alley_or_lane,title,PHỐ VƯƠNG THỪA VŨ - KHU PHÂN LÔ QUÂN ĐỘI - HAI MẶT NGÕ THOÁNG TRƯỚC SAU - KINH DOANH,PHỐ VƯƠNG THỪA VŨ KHU QUÂN ĐỘI HAI MẶT NGÕ THOÁNG TRƯỚC SAU,"PHỐ VƯƠNG THỪA VŨ - KHU PHÂN LÔ QUÂN ĐỘI - HAI MẶT NGÕ THOÁNG TRƯỚC SAU - KINH DOANH, Thanh Xuân, Hà Nội, Việt Nam",NO_RESULT,,,,0,UNKNOWN,UNKNOWN,False,"PHỐ VƯƠNG THỪA VŨ KHU QUÂN ĐỘI HAI MẶT NGÕ THOÁNG TRƯỚC SAU, Thanh Xuân, Thành phố Hà Nội, Việt Nam",NO_RESULT,,,,0,UNKNOWN,UNKNOWN,False
119434,https://batdongsan.vn/ban-nha-o-nghia-do-o-to-do-cua-ngo-thong-tu-tung-gia-chi-nho-11-ty-r119434,Hà Nội,Cầu Giấy,alley_or_lane,title,NGÕ THÔNG TỨ TUNG - GIÁ CHỈ NHÔ 11 TỶ,GIÁ CHỈ NHÔ,"NGÕ THÔNG TỨ TUNG - GIÁ CHỈ NHÔ 11 TỶ, Cầu Giấy, Hà Nội, Việt Nam",NO_RESULT,,,,0,UNKNOWN,UNKNOWN,False,"GIÁ CHỈ NHÔ, Cầu Giấy, Thành phố Hà Nội, Việt Nam",NO_RESULT,,,,0,UNKNOWN,UNKNOWN,False
118762,https://batdongsan.vn/ban-nha-hoang-hoa-tham-ba-dinh-ngo-ba-gac-tranh-san-go-cua-chong-chay-noi-that-cao-cap-r118762,Hà Nội,Ba Đình,alley_or_lane,dedicated_address,"Đường Hoàng Hoa Thám, Ngõ thông, Khu vực 3 Đình",Đường Hoàng Hoa Thám Ngõ thông Khu vực 3 Đình,"Đường Hoàng Hoa Thám, Ngõ thông, Khu vực 3 Đình, Ba Đình, Hà Nội, Việt Nam",NO_RESULT,,,,0,UNKNOWN,UNKNOWN,False,"Đường Hoàng Hoa Thám Ngõ thông Khu vực 3 Đình, Ba Đình, Thành phố Hà Nội, Việt Nam",NO_RESULT,,,,0,UNKNOWN,UNKNOWN,False
101016,https://batdongsan.vn/ban-nha-ngo-73-hoang-ngan-phuong-nhan-chinh-tang-1-de-o-to-mat-tien-5m-gia-77-ty-r271199,Hà Nội,Thanh Xuân,full_address,title,"ngõ 73 Hoàng Ngân, phường Nhân Chính",ngõ 73 Hoàng Ngân phường Nhân Chính,"ngõ 73 Hoàng Ngân, phường Nhân Chính, Thanh Xuân, Hà Nội, Việt Nam",NO_RESULT,,,,0,UNKNOWN,UNKNOWN,False,"ngõ 73 Hoàng Ngân phường Nhân Chính, Thanh Xuân, Thành phố Hà Nội, Việt Nam",NO_RESULT,,,,0,UNKNOWN,UNKNOWN,False
191617,https://batdongsan.vn/lo-goc-mat-ngo-lon-co-via-he-206m2-ngo-298-ngoc-lam-2-mat-thoang-r191617,Hà Nội,Long Biên,full_address,dedicated_address,"Ngõ 298 Ngọc Lâm, phường Bồ Đề, quận Long Biên",Ngõ 298 Ngọc Lâm phường Bồ Đề quận Long Biên,"Ngõ 298 Ngọc Lâm, phường Bồ Đề, quận Long Biên, Long Biên, Hà Nội, Việt Nam",NO_RESULT,,,,0,UNKNOWN,UNKNOWN,False,"Ngõ 298 Ngọc Lâm phường Bồ Đề quận Long Biên, Thành phố Hà Nội, Việt Nam",NO_RESULT,,,,0,UNKNOWN,UNKNOWN,False
143100,https://batdongsan.vn/dep-thattt-nghia-tan-cau-giay-5470m-2pn-noi-that-xin-so-38-ty-r143100,Hà Nội,Cầu Giấy,house_number_and_street,title,"💥ĐẸP THẬT💥TT Nghĩa Tân, Cầu Giấy 54/70m 2PN Nội thất xịn sò, 3.8 Tỷ",💥ĐẸP THẬT💥TT Nghĩa Tân Cầu Giấy 54/ Nội thất xịn sò,"💥ĐẸP THẬT💥TT Nghĩa Tân, Cầu Giấy 54/70m 2PN Nội thất xịn sò, 3.8 Tỷ, Cầu Giấy, Hà Nội, Việt Nam",NO_RESULT,,,,0,UNKNOWN,UNKNOWN,False,"💥ĐẸP THẬT💥TT Nghĩa Tân Cầu Giấy 54/ Nội thất xịn sò, Thành phố Hà Nội, Việt Nam",NO_RESULT,,,,0,UNKNOWN,UNKNOWN,False
109964,https://batdongsan.vn/ban-nha-dai-mo-nam-tu-liem-mat-tien-4m-duong-nhua-oto-do-cua-5-tang-full-noi-thatdien-tich-35m-chi-hon-4-ty-r280158,Hà Nội,Nam Từ Liêm,house_number_and_street,title,MẶT TIỀN 4m ĐƯỜNG NHỰA,ĐƯỜNG NHỰA,"MẶT TIỀN 4m ĐƯỜNG NHỰA, Nam Từ Liêm, Hà Nội, Việt Nam",NO_RESULT,,,,0,UNKNOWN,UNKNOWN,False,"ĐƯỜNG NHỰA, Nam Từ Liêm, Thành phố Hà Nội, Việt Nam",NO_RESULT,,,,0,UNKNOWN,UNKNOWN,False
188118,https://batdongsan.vn/ban-nha-co-linh-lo-goc-via-he-xe-container-quay-dau-r188118,Hà Nội,Long Biên,landmark_only,dedicated_address,"khu vực Cổ Linh, gần Aeonmall, cách cầu Trần Hưng Đạo 500m, trước nhà vỉa hè, xe container quay đầu, view vườn hoa",khu vực Cổ Linh gần Aeonmall cách cầu Trần Hưng Đạo trước nhà vỉa hè xe container quay đầu view vườn hoa,"khu vực Cổ Linh, gần Aeonmall, cách cầu Trần Hưng Đạo 500m, trước nhà vỉa hè, xe container quay đầu, view vườn hoa, Long Biên, Hà Nội, Việt Nam",NO_RESULT,,,,0,UNKNOWN,UNKNOWN,False,"khu vực Cổ Linh gần Aeonmall cách cầu Trần Hưng Đạo trước nhà vỉa hè xe container quay đầu view vườn hoa, Long Biên, Thành phố Hà Nội, Việt Nam",NO_RESULT,,,,0,UNKNOWN,UNKNOWN,False
164265,https://batdongsan.vn/ban-nha-hoang-liet-hoang-mai-gan-o-to-vai-buoc-ra-vanh-dai-3-36m2-62-ty-r164265,Hà Nội,Hoàng Mai,landmark_only,title,"Bán nhà Hoàng Liệt, Hoàng Mai, gần ô tô, vài bước ra Vành Đai 3, 36m2, 6.2 tỷ",Hoàng Liệt Hoàng Mai vài bước ra Vành Đai 3,"Bán nhà Hoàng Liệt, Hoàng Mai, gần ô tô, vài bước ra Vành Đai 3, 36m2, 6.2 tỷ, Hoàng Mai, Hà Nội, Việt Nam",NO_RESULT,,,,0,UNKNOWN,UNKNOWN,False,"Hoàng Liệt Hoàng Mai vài bước ra Vành Đai 3, Thành phố Hà Nội, Việt Nam",NO_RESULT,,,,0,UNKNOWN,UNKNOWN,False
192599,https://batdongsan.vn/ban-nha-4-tang-moi-39m2-phuong-o-cho-dua-dong-da-o-ngay-gia-88-ty-r192599,Hà Nội,Đống Đa,landmark_only,description,"Bán nhà 4 tầng mới – 39m² – Phường Ô Chợ Dừa – Đống Đa – Ở ngay – Giá 8,8 tỷ",mới 39m² Phường Ô Chợ Dừa Đống Đa,"Bán nhà 4 tầng mới – 39m² – Phường Ô Chợ Dừa – Đống Đa – Ở ngay – Giá 8,8 tỷ, Đống Đa, Hà Nội, Việt Nam",NO_RESULT,,,,0,UNKNOWN,UNKNOWN,False,"mới 39m² Phường Ô Chợ Dừa Đống Đa, Thành phố Hà Nội, Việt Nam",NO_RESULT,,,,0,UNKNOWN,UNKNOWN,False
142500,https://batdongsan.vn/5-ty-x-tieu-hoc-nhan-nha-o-ngay-tai-trau-quy-gia-lam-so-51m2-full-tho-cu-r142500,Hà Nội,Gia Lâm,landmark_only,title,"5 tỷ x tiểu học nhận nhà ở ngay tại Trâu Quỳ, Gia Lâm. Sổ 51m2 full thổ cư.",Gia Lâm Sổ full thổ cư,"5 tỷ x tiểu học nhận nhà ở ngay tại Trâu Quỳ, Gia Lâm. Sổ 51m2 full thổ cư., Gia Lâm, Hà Nội, Việt Nam",NO_RESULT,,,,0,UNKNOWN,UNKNOWN,False,"Gia Lâm Sổ full thổ cư, Thành phố Hà Nội, Việt Nam",NO_RESULT,,,,0,UNKNOWN,UNKNOWN,False
128965,https://batdongsan.vn/nha-dep-don-tet-gia-78-ty-khuong-trung-thanh-xuan-40m-4-tang-cach-o-to-15m-gan-ho-an-sinh-r128965,Hà Nội,Thanh Xuân,landmark_only,title,"Nhà đẹp đón tết, Giá 7.8 tỷ Khương Trung, Thanh Xuân, 40m, 4 tầng, cách ô tô 15m, gần Hồ, an sinh",đón tết Thanh Xuân cách ô tô gần Hồ an sinh,"Nhà đẹp đón tết, Giá 7.8 tỷ Khương Trung, Thanh Xuân, 40m, 4 tầng, cách ô tô 15m, gần Hồ, an sinh, Thanh Xuân, Hà Nội, Việt Nam",NO_RESULT,,,,0,UNKNOWN,UNKNOWN,False,"đón tết Thanh Xuân cách ô tô gần Hồ an sinh, Thành phố Hà Nội, Việt Nam",NO_RESULT,,,,0,UNKNOWN,UNKNOWN,False
179664,https://batdongsan.vn/ban-chung-cu-mat-pho-hai-ba-trung-80m-3-ngu-2-wc-chi-nhinh-3-ty-chua-so-r179664,Hà Nội,Hai Bà Trưng,project_or_residential_area,title,Bán chung cư mặt phố Hai Bà Trưng 80m 3 ngủ 2 wc chỉ nhỉnh 3 tỷ chưa sổ,Bán chung cư mặt phố Hai Bà Trưng 3 ngủ chỉ chưa sổ,"Bán chung cư mặt phố Hai Bà Trưng 80m 3 ngủ 2 wc chỉ nhỉnh 3 tỷ chưa sổ, Hai Bà Trưng, Hà Nội, Việt Nam",NO_RESULT,,,,0,UNKNOWN,UNKNOWN,False,"Bán chung cư mặt phố Hai Bà Trưng 3 ngủ chỉ chưa sổ, Thành phố Hà Nội, Việt Nam",NO_RESULT,,,,0,UNKNOWN,UNKNOWN,False
135308,https://batdongsan.vn/ban-can-ho-tap-the-tang-1-nhan-hoa-vu-trong-phung-o-to-kd-72m-3pn-4-ty-hon-r135308,Hà Nội,Thanh Xuân,project_or_residential_area,title,"Bán Căn Hộ Tập Thể Tầng 1 Nhân Hoà, Vũ Trọng Phụng, Ô Tô, KD 72m 3PN 4 Tỷ Hơn.",Tập Thể Tầng 1 Nhân Hoà Vũ Trọng Phụng Ô Tô KD,"Bán Căn Hộ Tập Thể Tầng 1 Nhân Hoà, Vũ Trọng Phụng, Ô Tô, KD 72m 3PN 4 Tỷ Hơn., Thanh Xuân, Hà Nội, Việt Nam",NO_RESULT,,,,0,UNKNOWN,UNKNOWN,False,"Tập Thể Tầng 1 Nhân Hoà Vũ Trọng Phụng Ô Tô KD, Thanh Xuân, Thành phố Hà Nội, Việt Nam",NO_RESULT,,,,0,UNKNOWN,UNKNOWN,False
122320,https://batdongsan.vn/toa-can-ho-dich-vu-do-duc-duc-nam-tu-liem-120m-10-tang-thang-may-mt-5m-gia-35-ty-r122320,Hà Nội,Nam Từ Liêm,project_or_residential_area,title,"TOÀ CĂN HỘ DỊCH VỤ ĐỖ ĐỨC DỤC, NAM TỪ LIÊM. 120M 10 TẦNG THANG MÁY MT 5M GIÁ 35 TỶ",TOÀ CĂN HỘ DỊCH VỤ ĐỖ ĐỨC DỤC NAM TỪ LIÊM MT,"TOÀ CĂN HỘ DỊCH VỤ ĐỖ ĐỨC DỤC, NAM TỪ LIÊM. 120M 10 TẦNG THANG MÁY MT 5M GIÁ 35 TỶ, Nam Từ Liêm, Hà Nội, Việt Nam",NO_RESULT,,,,0,UNKNOWN,UNKNOWN,False,"TOÀ CĂN HỘ DỊCH VỤ ĐỖ ĐỨC DỤC NAM TỪ LIÊM MT, Thành phố Hà Nội, Việt Nam",NO_RESULT,,,,0,UNKNOWN,UNKNOWN,False
85293,https://batdongsan.vn/ban-nha-dat-dich-vu-kdt-van-khe-o-to-vao-nha-50m2-5-tang-thiet-ke-hop-ly-nhinh-8-ty-r255458,Hà Nội,Hà Đông,project_or_residential_area,title,"Bán nhà đất dịch vụ KĐT Văn Khê, ô tô vào nhà, 50m2, 5 tầng, thiết kế hợp lý, nhỉnh 8 tỷ",dịch vụ KĐT Văn Khê thiết kế hợp lý,"Bán nhà đất dịch vụ KĐT Văn Khê, ô tô vào nhà, 50m2, 5 tầng, thiết kế hợp lý, nhỉnh 8 tỷ, Hà Đông, Hà Nội, Việt Nam",NO_RESULT,,,,0,UNKNOWN,UNKNOWN,False,"dịch vụ KĐT Văn Khê thiết kế hợp lý, Hà Đông, Thành phố Hà Nội, Việt Nam",NO_RESULT,,,,0,UNKNOWN,UNKNOWN,False
165175,https://batdongsan.vn/ban-chung-cu-mini-le-duc-tho-my-dinh-nam-tu-liem-81m2-7-tang-22p-gia-168-ti-r165175,Hà Nội,Nam Từ Liêm,project_or_residential_area,title,"bán chung cư mini lê đức thọ, mỹ đình, nam từ liêm, 81m2, 7 tầng, 22P, giá 16,8 tỉ",bán chung cư mini lê đức thọ mỹ đình nam từ liêm 22P,"bán chung cư mini lê đức thọ, mỹ đình, nam từ liêm, 81m2, 7 tầng, 22P, giá 16,8 tỉ, Nam Từ Liêm, Hà Nội, Việt Nam",NO_RESULT,,,,0,UNKNOWN,UNKNOWN,False,"bán chung cư mini lê đức thọ mỹ đình nam từ liêm 22P, Thành phố Hà Nội, Việt Nam",NO_RESULT,,,,0,UNKNOWN,UNKNOWN,False
185318,https://batdongsan.vn/hot-ngo-quyen-ha-dong-75m-nhinh-15-ty-lo-goc-oto-do-cua-nha-dan-xay-biet-thu-an-sinh-dinh-r185318,Hà Nội,Hà Đông,project_or_residential_area,dedicated_address,"cạnh học viện trính trị ,kđt văn khê ,bạt ngàn",cạnh học viện trính trị kđt văn khê bạt ngàn,"cạnh học viện trính trị ,kđt văn khê ,bạt ngàn, Hà Đông, Hà Nội, Việt Nam",NO_RESULT,,,,0,UNKNOWN,UNKNOWN,False,"cạnh học viện trính trị kđt văn khê bạt ngàn, Hà Đông, Thành phố Hà Nội, Việt Nam",NO_RESULT,,,,0,UNKNOWN,UNKNOWN,False
126974,https://batdongsan.vn/ban-2-toa-chdv-cao-cap-pham-van-dong-ngay-kdt-tp-giao-luu-cv-hoa-binh-gan-mega-market-giap-r126974,Hà Nội,Bắc Từ Liêm,project_or_residential_area,title,"BÁN 2 TÒA CHDV CAO CẤP PHẠM VĂN ĐỒNG ( NGAY KĐT TP GIAO LƯU, CV HÒA BÌNH GẦN MEGA MARKET): GIÁP",BÁN 2 TÒA CHDV CAO CẤP PHẠM VĂN ĐỒNG NGAY KĐT TP GIAO LƯU CV HÒA BÌNH GẦN MEGA MARKET GIÁP,"BÁN 2 TÒA CHDV CAO CẤP PHẠM VĂN ĐỒNG ( NGAY KĐT TP GIAO LƯU, CV HÒA BÌNH GẦN MEGA MARKET): GIÁP, Bắc Từ Liêm, Hà Nội, Việt Nam",NO_RESULT,,,,0,UNKNOWN,UNKNOWN,False,"BÁN 2 TÒA CHDV CAO CẤP PHẠM VĂN ĐỒNG NGAY KĐT TP GIAO LƯU CV HÒA BÌNH GẦN MEGA MARKET GIÁP, Bắc Từ Liêm, Thành phố Hà Nội, Việt Nam",NO_RESULT,,,,0,UNKNOWN,UNKNOWN,False
127920,https://batdongsan.vn/toa-can-ho-dich-my-dinh-9-phong-khep-kin-dong-tien-dinh-so-hoa-hau-58m2-nhinh-10-ty-r127920,Hà Nội,Nam Từ Liêm,project_or_residential_area,title,TOÀ CĂN HỘ DỊCH MỸ ĐÌNH  - 9 PHÒNG KHÉP KÍN - DÒNG TIỀN ĐỈNH - SỔ HOA HẬU 58m2 - nhỉnh 10 tỷ,TOÀ CĂN HỘ DỊCH MỸ ĐÌNH 9 PHÒNG KHÉP KÍN DÒNG TIỀN ĐỈNH SỔ HOA HẬU,"TOÀ CĂN HỘ DỊCH MỸ ĐÌNH  - 9 PHÒNG KHÉP KÍN - DÒNG TIỀN ĐỈNH - SỔ HOA HẬU 58m2 - nhỉnh 10 tỷ, Nam Từ Liêm, Hà Nội, Việt Nam",NO_RESULT,,,,0,UNKNOWN,UNKNOWN,False,"TOÀ CĂN HỘ DỊCH MỸ ĐÌNH 9 PHÒNG KHÉP KÍN DÒNG TIỀN ĐỈNH SỔ HOA HẬU, Nam Từ Liêm, Thành phố Hà Nội, Việt Nam",NO_RESULT,,,,0,UNKNOWN,UNKNOWN,False
119436,https://batdongsan.vn/ban-gap-nha-nguyen-khanh-toan-phuong-quan-hoa-cau-giay-55m2-53-ty-gan-pho-r119436,Hà Nội,Cầu Giấy,street_and_ward,description,BÁN GẤP NHÀ NGUYỄN KHÁNH TOÀN PHƯỜNG QUAN HOA CẦU GIẤY 55M2 5.3 TỶ GẦN PHỐ,BÁN GẤP NHÀ NGUYỄN KHÁNH TOÀN PHƯỜNG QUAN HOA CẦU GIẤY,"BÁN GẤP NHÀ NGUYỄN KHÁNH TOÀN PHƯỜNG QUAN HOA CẦU GIẤY 55M2 5.3 TỶ GẦN PHỐ, Cầu Giấy, Hà Nội, Việt Nam",NO_RESULT,,,,0,UNKNOWN,UNKNOWN,False,"BÁN GẤP NHÀ NGUYỄN KHÁNH TOÀN PHƯỜNG QUAN HOA CẦU GIẤY, Thành phố Hà Nội, Việt Nam",NO_RESULT,,,,0,UNKNOWN,UNKNOWN,False
163640,https://batdongsan.vn/ban-nha-4-tang-tai-553-giai-phong-phuong-giap-bat-quan-hoang-mai-hn-r163640,Hà Nội,Quận Hoàng Mai,street_and_ward,description,"BÁN NHÀ 4 TẦNG TẠI 553 GIẢI PHÓNG, PHƯỜNG GIÁP BÁT, QUẬN HOÀNG MAI, HN",TẠI 553 GIẢI PHÓNG PHƯỜNG GIÁP BÁT QUẬN HOÀNG MAI HN,"BÁN NHÀ 4 TẦNG TẠI 553 GIẢI PHÓNG, PHƯỜNG GIÁP BÁT, QUẬN HOÀNG MAI, HN, Quận Hoàng Mai, Hà Nội, Việt Nam",NO_RESULT,,,,0,UNKNOWN,UNKNOWN,False,"TẠI 553 GIẢI PHÓNG PHƯỜNG GIÁP BÁT QUẬN HOÀNG MAI HN, Thành phố Hà Nội, Việt Nam",NO_RESULT,,,,0,UNKNOWN,UNKNOWN,False
172724,https://batdongsan.vn/ban-nha-mat-pho-nguyen-cong-hoan-ba-dinh-164m2-mt-115m-dong-tien-100-trth-r172724,Hà Nội,Ba Đình,street_only,title,PHỐ NGUYỄN CÔNG HOAN,PHỐ NGUYỄN CÔNG HOAN,"PHỐ NGUYỄN CÔNG HOAN, Ba Đình, Hà Nội, Việt Nam",NO_RESULT,,,,0,UNKNOWN,UNKNOWN,False,"PHỐ NGUYỄN CÔNG HOAN, Ba Đình, Thành phố Hà Nội, Việt Nam",NO_RESULT,,,,0,UNKNOWN,UNKNOWN,False
167726,https://batdongsan.vn/nha-pho-viet-hung-56-ty-190m-via-he-rongkinh-doanh-dinhlong-bien-ha-noi-r167726,Hà Nội,Long Biên,street_only,title,PHỐ VIỆT HƯNG 56 tỷ 190m VỈA HÈ RỘNG,PHỐ VIỆT HƯNG,"PHỐ VIỆT HƯNG 56 tỷ 190m VỈA HÈ RỘNG, Long Biên, Hà Nội, Việt Nam",NO_RESULT,,,,0,UNKNOWN,UNKNOWN,False,"PHỐ VIỆT HƯNG, Long Biên, Thành phố Hà Nội, Việt Nam",EXACT_MATCH,21.0491358,105.892902,"Phố Việt Hưng, Phường Việt Hưng, Thành phố Hà Nội, 11806, Việt Nam",1,ADMIN_PARTIAL_MATCH,STREET,False
92765,https://batdongsan.vn/36-ty-20m-ra-pho-ho-khau-tran-quoc-vuong-cau-giay-32m2-x-5-tang-r262940,Hà Nội,Cầu Giấy,street_only,title,phố - Hổ khẩu Trần Quốc Vượng - Cầu Giấy - 32M2 x 5 Tầng,phố Hổ khẩu Trần Quốc Vượng Cầu Giấy x,"phố - Hổ khẩu Trần Quốc Vượng - Cầu Giấy - 32M2 x 5 Tầng, Cầu Giấy, Hà Nội, Việt Nam",NO_RESULT,,,,0,UNKNOWN,UNKNOWN,False,"phố Hổ khẩu Trần Quốc Vượng Cầu Giấy x, Thành phố Hà Nội, Việt Nam",NO_RESULT,,,,0,UNKNOWN,UNKNOWN,False
175098,https://batdongsan.vn/ban-nha-tai-dong-mai-ha-dong-dt-35m2-thiet-ke-4-tang-nhinh-3-ty-r175098,Hà Nội,Hà Đông,street_only,title,"BÁN NHÀ TẠI ĐỒNG MAI - HÀ ĐÔNG DT 35M2 THIẾT KẾ 4 TẦNG, NHỈNH 3 TỶ",TẠI ĐỒNG MAI HÀ ĐÔNG THIẾT KẾ,"BÁN NHÀ TẠI ĐỒNG MAI - HÀ ĐÔNG DT 35M2 THIẾT KẾ 4 TẦNG, NHỈNH 3 TỶ, Hà Đông, Hà Nội, Việt Nam",NO_RESULT,,,,0,UNKNOWN,UNKNOWN,False,"TẠI ĐỒNG MAI HÀ ĐÔNG THIẾT KẾ, Thành phố Hà Nội, Việt Nam",NO_RESULT,,,,0,UNKNOWN,UNKNOWN,False
187443,https://batdongsan.vn/ban-nha-mat-duong-tran-vy-cau-giay-vi-tri-dat-gia-kinh-doanh-dinh-dt-172m2-895-ty-r187443,Hà Nội,Cầu Giấy,street_only,title,ĐƯỜNG TRẦN VỸ CẦU GIẤY - VỊ TRÍ ĐẮT GIÁ KINH DOANH ĐỈNH,ĐƯỜNG TRẦN VỸ CẦU GIẤY VỊ TRÍ ĐẮT GIÁ ĐỈNH,"ĐƯỜNG TRẦN VỸ CẦU GIẤY - VỊ TRÍ ĐẮT GIÁ KINH DOANH ĐỈNH, Cầu Giấy, Hà Nội, Việt Nam",NO_RESULT,,,,0,UNKNOWN,UNKNOWN,False,"ĐƯỜNG TRẦN VỸ CẦU GIẤY VỊ TRÍ ĐẮT GIÁ ĐỈNH, Thành phố Hà Nội, Việt Nam",NO_RESULT,,,,0,UNKNOWN,UNKNOWN,False
110666,https://batdongsan.vn/cuc-pham-trung-tam-thanh-xuan-lo-goc-kinh-doanh-nhinh-7-ty-r280860,Hà Nội,Thanh Xuân,street_only,title,CỰC PHẨM - TRUNG TÂM THANH XUÂN - LÔ GÓC- KINH DOANH - NHỈNH 7 TỶ,TRUNG TÂM THANH XUÂN LÔ GÓC,"CỰC PHẨM - TRUNG TÂM THANH XUÂN - LÔ GÓC- KINH DOANH - NHỈNH 7 TỶ, Thanh Xuân, Hà Nội, Việt Nam",NO_RESULT,,,,0,UNKNOWN,UNKNOWN,False,"TRUNG TÂM THANH XUÂN LÔ GÓC, Thành phố Hà Nội, Việt Nam",NO_RESULT,,,,0,UNKNOWN,UNKNOWN,False
133821,https://batdongsan.vn/thuy-khue-tay-ho-dt55m2-x4t-mt3m-105-ty-full-noi-that-gan-pho-r133821,Hà Nội,Tây Hồ,street_only,description,THỤY KHUÊ - TÂY HỒ - DT55M2 X4T - MT3M - 10.5 TỶ - FULL NỘI THẤT  - GẦN PHỐ,THỤY KHUÊ TÂY HỒ X4T MT3M,"THỤY KHUÊ - TÂY HỒ - DT55M2 X4T - MT3M - 10.5 TỶ - FULL NỘI THẤT  - GẦN PHỐ, Tây Hồ, Hà Nội, Việt Nam",NO_RESULT,,,,0,UNKNOWN,UNKNOWN,False,"THỤY KHUÊ TÂY HỒ X4T MT3M, Thành phố Hà Nội, Việt Nam",NO_RESULT,,,,0,UNKNOWN,UNKNOWN,False
146699,https://batdongsan.vn/ban-can-vip-kim-giang-5-tang-35m2-mt-45m-gia-nhinh-8-ty-r146699,Hà Nội,Thanh Xuân,street_only,dedicated_address,"Kim Giang, Thanh Xuân, Hà Nội",Kim Giang Thanh Xuân Hà Nội,"Kim Giang, Thanh Xuân, Hà Nội, Thanh Xuân, Hà Nội, Việt Nam",STREET_MATCH,20.984939,105.8117827,"Chung Cư A1 Kim Giang Tái Định Cư, Ngõ 80 Phố Hoàng Đạo Thành, Phường Khương Đình, Thành phố Hà Nội, 11410, Việt Nam",2,ADMIN_PARTIAL_MATCH,UNKNOWN,False,"Kim Giang Thanh Xuân Hà Nội, Việt Nam",STREET_MATCH,20.984939,105.8117827,"Chung Cư A1 Kim Giang Tái Định Cư, Ngõ 80 Phố Hoàng Đạo Thành, Phường Khương Đình, Thành phố Hà Nội, 11410, Việt Nam",2,ADMIN_PARTIAL_MATCH,UNKNOWN,False
142882,https://batdongsan.vn/ban-nha-pho-phuong-mai-vi-tri-trung-tam-lo-goc-thoang-sang-31mx6t-gia-68-ty-lh-0396935190-r142882,Hà Nội,Đống Đa,street_only,title,Phố Phương Mai_Vị Trí Trung Tâm_Lô Góc Thoáng Sáng_31mx6T_Giá,Phố Phương Mai Vị Trí Trung Tâm Lô Góc Thoáng Sáng 31mx6T Giá,"Phố Phương Mai_Vị Trí Trung Tâm_Lô Góc Thoáng Sáng_31mx6T_Giá, Đống Đa, Hà Nội, Việt Nam",NO_RESULT,,,,0,UNKNOWN,UNKNOWN,False,"Phố Phương Mai Vị Trí Trung Tâm Lô Góc Thoáng Sáng 31mx6T Giá, Đống Đa, Thành phố Hà Nội, Việt Nam",NO_RESULT,,,,0,UNKNOWN,UNKNOWN,False
193973,https://batdongsan.vn/ban-nha-thanh-am-long-bienoto-do-congmoi-tinh-gan-cho-truong-62m-r193973,Hà Nội,Long Biên,street_only,title,"BÁN NHÀ THANH AM LONG BIÊN,OTO ĐỖ CỔNG,MỚI TINH, GẦN CHỢ ,TRƯỜNG 62M",THANH AM LONG BIÊN OTO ĐỖ CỔNG MỚI TINH GẦN CHỢ TRƯỜNG,"BÁN NHÀ THANH AM LONG BIÊN,OTO ĐỖ CỔNG,MỚI TINH, GẦN CHỢ ,TRƯỜNG 62M, Long Biên, Hà Nội, Việt Nam",NO_RESULT,,,,0,UNKNOWN,UNKNOWN,False,"THANH AM LONG BIÊN OTO ĐỖ CỔNG MỚI TINH GẦN CHỢ TRƯỜNG, Thành phố Hà Nội, Việt Nam",NO_RESULT,,,,0,UNKNOWN,UNKNOWN,False
80511,https://batdongsan.vn/ban-nha-mat-pho-tan-mai-truong-dinh-kd-ac-liet-o-to-tranh-64m-mt-5m-735-ty-0976600386-r250659,Hà Nội,Hoàng Mai,street_only,title,PHỐ TÂN MAI,PHỐ TÂN MAI,"PHỐ TÂN MAI, Hoàng Mai, Hà Nội, Việt Nam",STREET_MATCH,20.9835366,105.8594845,"Phố Tân Mai, Phường Hoàng Mai, Thành phố Hà Nội, 11720, Việt Nam",4,ADMIN_MATCH,STREET,True,"PHỐ TÂN MAI, Hoàng Mai, Thành phố Hà Nội, Việt Nam",STREET_MATCH,20.981907,105.8498755,"Phố Tân Mai, Giáp Lục, Kẻ Sét, Phường Hoàng Mai, Thành phố Hà Nội, 11720, Việt Nam",4,ADMIN_MATCH,STREET,True
176471,https://batdongsan.vn/ban-nha-mat-pho-kim-dong-50m2-6-tang-thang-may-o-to-do-trong-nha-21-ty-r176471,Hà Nội,Quận Hoàng Mai,street_only,dedicated_address,"Mặt phố Kim Đồng, quận Hoàng Mai, Hà Nội✨ Tuyến phố kinh doanh sầm uất, giao thông thuận lợi, thông Giải Phóng – Trương Định – Giáp",Mặt phố Kim Đồng quận Hoàng Mai Hà Nội Tuyến phố sầm uất giao thông thuận lợi thông Giải Phóng Trương Định Giáp,"Mặt phố Kim Đồng, quận Hoàng Mai, Hà Nội✨ Tuyến phố kinh doanh sầm uất, giao thông thuận lợi, thông Giải Phóng – Trương Định – Giáp, Quận Hoàng Mai, Hà Nội, Việt Nam",NO_RESULT,,,,0,UNKNOWN,UNKNOWN,False,"Mặt phố Kim Đồng quận Hoàng Mai Hà Nội Tuyến phố sầm uất giao thông thuận lợi thông Giải Phóng Trương Định Giáp, Việt Nam",NO_RESULT,,,,0,UNKNOWN,UNKNOWN,False
165647,https://batdongsan.vn/nha-gan-aeon-colinh-long-bien-chao-6x-ty-dien-tich-37-m2-4-tang-mat-r165647,Hà Nội,Long Biên,street_only,title,"💥💥💥 NHÀ GẦN #AEON, #CỔLINH- LONG BIÊN - CHÀO 6,x TỶ 🔥🔥 
🏘️ Diện tích: 37 m2,  4 tầng, Mặt",💥💥💥 NHÀ GẦN #AEON #CỔLINH LONG BIÊN CHÀO 6 x TỶ 🏘️ Diện tích 37 m2 Mặt,"💥💥💥 NHÀ GẦN #AEON, #CỔLINH- LONG BIÊN - CHÀO 6,x TỶ 🔥🔥 
🏘️ Diện tích: 37 m2,  4 tầng, Mặt, Long Biên, Hà Nội, Việt Nam",NO_RESULT,,,,0,UNKNOWN,UNKNOWN,False,"💥💥💥 NHÀ GẦN #AEON #CỔLINH LONG BIÊN CHÀO 6 x TỶ 🏘️ Diện tích 37 m2 Mặt, Thành phố Hà Nội, Việt Nam",NO_RESULT,,,,0,UNKNOWN,UNKNOWN,False
185748,https://batdongsan.vn/ban-nha-xuan-dinh-sieu-dep-oto-kinh-doanh-o-suong-gan-cong-vien-40m2-so-dep-nhinh-9-ty-r185748,Hà Nội,Bắc Từ Liêm,street_only,title,"BÁN NHÀ XUÂN ĐỈNH SIÊU ĐẸP, OTO, KINH DOANH, Ở SƯỚNG GẦN CÔNG VIÊN 40m2 Sổ đẹp nhỉnh 9 tỷ",XUÂN ĐỈNH SIÊU ĐẸP OTO GẦN CÔNG VIÊN,"BÁN NHÀ XUÂN ĐỈNH SIÊU ĐẸP, OTO, KINH DOANH, Ở SƯỚNG GẦN CÔNG VIÊN 40m2 Sổ đẹp nhỉnh 9 tỷ, Bắc Từ Liêm, Hà Nội, Việt Nam",NO_RESULT,,,,0,UNKNOWN,UNKNOWN,False,"XUÂN ĐỈNH SIÊU ĐẸP OTO GẦN CÔNG VIÊN, Bắc Từ Liêm, Thành phố Hà Nội, Việt Nam",NO_RESULT,,,,0,UNKNOWN,UNKNOWN,False
106785,https://batdongsan.vn/ban-nha-mat-pho-co-hang-buom-64m2-4-tang-ngang-5m-55-tythuong-luong-r276979,Hà Nội,Hoàn Kiếm,street_only,title,Phố Cổ Hàng Buồm,Phố Cổ Hàng Buồm,"Phố Cổ Hàng Buồm, Hoàn Kiếm, Hà Nội, Việt Nam",STREET_MATCH,21.0360382,105.8520965,"Cháo Lòng Phố Cổ, 26, Phố Hàng Buồm, Khu phố cổ, Phường Hoàn Kiếm, Thành phố Hà Nội, 11024, Việt Nam",2,ADMIN_MATCH,UNKNOWN,False,"Phố Cổ Hàng Buồm, Hoàn Kiếm, Thành phố Hà Nội, Việt Nam",STREET_MATCH,21.0360382,105.8520965,"Cháo Lòng Phố Cổ, 26, Phố Hàng Buồm, Khu phố cổ, Phường Hoàn Kiếm, Thành phố Hà Nội, 11024, Việt Nam",2,ADMIN_MATCH,UNKNOWN,False
176596,https://batdongsan.vn/can-ban-nha-bo-song-set-lo-goc-2-thoang-o-to-vao-nha-kinh-doanh-dt-72m2-mt-55m-r176596,Hà Nội,Hoàng Mai,street_only,title,"Cần Bá.n Nhà Bờ Sông Sét : LÔ GÓC 2 THOÁNG – Ô TÔ VÀO NHÀ - KINH DOANH, dt: 72m2, mt: 5,5m",Cần Bá n Nhà Bờ Sông Sét LÔ GÓC 2 THOÁNG dt mt 5,"Cần Bá.n Nhà Bờ Sông Sét : LÔ GÓC 2 THOÁNG – Ô TÔ VÀO NHÀ - KINH DOANH, dt: 72m2, mt: 5,5m, Hoàng Mai, Hà Nội, Việt Nam",NO_RESULT,,,,0,UNKNOWN,UNKNOWN,False,"Cần Bá n Nhà Bờ Sông Sét LÔ GÓC 2 THOÁNG dt mt 5, Hoàng Mai, Thành phố Hà Nội, Việt Nam",NO_RESULT,,,,0,UNKNOWN,UNKNOWN,False
81751,https://batdongsan.vn/ban-nha-mat-pho-to-huu-le-trong-tan-60m2-4-tango-to-kinh-doanh-chi-12-ty-cuc-chat-r251902,Hà Nội,Hà Đông,street_only,title,PHỐ TỐ HỮU,PHỐ TỐ HỮU,"PHỐ TỐ HỮU, Hà Đông, Hà Nội, Việt Nam",STREET_MATCH,20.9837727,105.772754,"Phố Tố Hữu, Vạn Phúc, Phường Hà Đông, Thành phố Hà Nội, 10070, Việt Nam",3,ADMIN_MATCH,STREET,True,"PHỐ TỐ HỮU, Hà Đông, Thành phố Hà Nội, Việt Nam",STREET_MATCH,20.9838752,105.772669,"Phố Tố Hữu, Vạn Phúc, Phường Hà Đông, Thành phố Hà Nội, 10070, Việt Nam",3,ADMIN_MATCH,STREET,True
180249,https://batdongsan.vn/sieu-pham-117m2-mat-pho-xuan-phuong-kinh-doanh-ngay-dem-o-to-tranh-2-mat-thoang-r180249,Hà Nội,Nam Từ Liêm,street_only,title,PHỐ XUÂN PHƯƠNG - KINH DOANH NGÀY ĐÊM - Ô TÔ TRÁNH - 2 MẶT THOÁNG,PHỐ XUÂN PHƯƠNG NGÀY ĐÊM 2 MẶT THOÁNG,"PHỐ XUÂN PHƯƠNG - KINH DOANH NGÀY ĐÊM - Ô TÔ TRÁNH - 2 MẶT THOÁNG, Nam Từ Liêm, Hà Nội, Việt Nam",NO_RESULT,,,,0,UNKNOWN,UNKNOWN,False,"PHỐ XUÂN PHƯƠNG NGÀY ĐÊM 2 MẶT THOÁNG, Nam Từ Liêm, Thành phố Hà Nội, Việt Nam",NO_RESULT,,,,0,UNKNOWN,UNKNOWN,False
182297,https://batdongsan.vn/mat-pho-nguyen-khang-toa-vp-8-tang-80m2-via-he-view-song-so-vuong-det-r182297,Hà Nội,Cầu Giấy,street_only,title,PHỐ NGUYỄN KHANG - TÒA VP 8 TẦNG - 80M² - VỈA HÈ - VIEW SÔNG - SỔ VUÔNG ĐÉT,PHỐ NGUYỄN KHANG TÒA VP 80M² VỈA HÈ VIEW SÔNG SỔ VUÔNG ĐÉT,"PHỐ NGUYỄN KHANG - TÒA VP 8 TẦNG - 80M² - VỈA HÈ - VIEW SÔNG - SỔ VUÔNG ĐÉT, Cầu Giấy, Hà Nội, Việt Nam",NO_RESULT,,,,0,UNKNOWN,UNKNOWN,False,"PHỐ NGUYỄN KHANG TÒA VP 80M² VỈA HÈ VIEW SÔNG SỔ VUÔNG ĐÉT, Cầu Giấy, Thành phố Hà Nội, Việt Nam",NO_RESULT,,,,0,UNKNOWN,UNKNOWN,False
107690,https://batdongsan.vn/nha-dai-kim-sau-nha-do-thi-dai-kim-chu-de-i-toan-bo-noi-that-dt-34m-4tx4ty150-r277884,Hà Nội,Hoàng Mai,street_only,title,"NHÀ ĐẠI KIM, sau nhà Đô Thị Đại Kim, chủ để ị toàn bộ nội thất, DT: 34m 4Tx4tỷ150",NHÀ ĐẠI KIM sau nhà Đô Thị Đại Kim chủ để ị toàn bộ nội thất DT 4Tx4tỷ150,"NHÀ ĐẠI KIM, sau nhà Đô Thị Đại Kim, chủ để ị toàn bộ nội thất, DT: 34m 4Tx4tỷ150, Hoàng Mai, Hà Nội, Việt Nam",NO_RESULT,,,,0,UNKNOWN,UNKNOWN,False,"NHÀ ĐẠI KIM sau nhà Đô Thị Đại Kim chủ để ị toàn bộ nội thất DT 4Tx4tỷ150, Hoàng Mai, Thành phố Hà Nội, Việt Nam",NO_RESULT,,,,0,UNKNOWN,UNKNOWN,False
154551,https://batdongsan.vn/sieu-pham-ngoc-thuy-dong-tien-1-tynam-6-tang-thang-may-thiet-ke-cho-tay-o-ngo-o-to-thong-r154551,Hà Nội,Long Biên,street_only,dedicated_address,"Ngọc Thụy, Long Biên, Hà Nội",Ngọc Thụy Long Biên Hà Nội,"Ngọc Thụy, Long Biên, Hà Nội, Long Biên, Hà Nội, Việt Nam",STREET_MATCH,21.0438263,105.86562,"Điểm canh đê phường Ngọc Thụy - quận Long Biên - Hà Nội, Đường Long Biên – Xuân Quan, Ái Mộ, Phường Bồ Đề, Thành phố Hà Nội, 11025, Việt Nam",2,ADMIN_MATCH,UNKNOWN,False,"Ngọc Thụy Long Biên Hà Nội, Việt Nam",STREET_MATCH,21.0438263,105.86562,"Điểm canh đê phường Ngọc Thụy - quận Long Biên - Hà Nội, Đường Long Biên – Xuân Quan, Ái Mộ, Phường Bồ Đề, Thành phố Hà Nội, 11025, Việt Nam",2,ADMIN_MATCH,UNKNOWN,False
161276,https://batdongsan.vn/hoa-haube-van-danquang-trungha-dong40m-5-tang-gia-hon-8-ty-r161276,Hà Nội,Hà Đông,street_only,dedicated_address,"Ngay gần Ga Cát Linh Hà Đông, Bệnh viện,siêu thị ,trường",Ngay gần Ga Cát Linh Hà Đông Bệnh viện siêu thị trường,"Ngay gần Ga Cát Linh Hà Đông, Bệnh viện,siêu thị ,trường, Hà Đông, Hà Nội, Việt Nam",NO_RESULT,,,,0,UNKNOWN,UNKNOWN,False,"Ngay gần Ga Cát Linh Hà Đông Bệnh viện siêu thị trường, Thành phố Hà Nội, Việt Nam",NO_RESULT,,,,0,UNKNOWN,UNKNOWN,False
137936,https://batdongsan.vn/50m-nha-pho-o-to-thang-may-mat-tien-rong-san-sang-don-tet-chi-nhinh-9-dong-r137936,Hà Nội,Long Biên,street_only,title,PHỐ Ô TÔ THANG MÁY MẶT TIỀN RỘNG SẴN SÀNG ĐÓN TẾT CHỈ NHỈNH 9 ĐỒNG,RỘNG CHỈ,"PHỐ Ô TÔ THANG MÁY MẶT TIỀN RỘNG SẴN SÀNG ĐÓN TẾT CHỈ NHỈNH 9 ĐỒNG, Long Biên, Hà Nội, Việt Nam",NO_RESULT,,,,0,UNKNOWN,UNKNOWN,False,"RỘNG CHỈ, Long Biên, Thành phố Hà Nội, Việt Nam",NO_RESULT,,,,0,UNKNOWN,UNKNOWN,False
147336,https://batdongsan.vn/ban-nha-mat-pho-au-co-nha-dan-xay-kien-co-so-vuong-dep-57m2-mt55-48-ty-r147336,Hà Nội,Tây Hồ,street_only,title,PHỐ ÂU CƠ,PHỐ ÂU CƠ,"PHỐ ÂU CƠ, Tây Hồ, Hà Nội, Việt Nam",EXACT_MATCH,21.0787868,105.8175567,"Ngõ 97 Phố Trịnh Công Sơn, Nhật Tân, Phường Tây Hồ, Thành phố Hà Nội, 11214, Việt Nam",1,ADMIN_MATCH,STREET,True,"PHỐ ÂU CƠ, Tây Hồ, Thành phố Hà Nội, Việt Nam",EXACT_MATCH,21.0787868,105.8175567,"Ngõ 97 Phố Trịnh Công Sơn, Nhật Tân, Phường Tây Hồ, Thành phố Hà Nội, 11214, Việt Nam",1,ADMIN_MATCH,STREET,True
166886,https://batdongsan.vn/ban-nha-mat-pho-phuong-mai-dong-da-65m2-5-tang-so-do-r166886,Hà Nội,Đống Đa,street_only,title,phố Phương Mai,phố Phương Mai,"phố Phương Mai, Đống Đa, Hà Nội, Việt Nam",EXACT_MATCH,21.0040035,105.8386709,"BIDV, 15A, Phố Phương Mai, Phường Kim Liên, Thành phố Hà Nội, 11520, Việt Nam",1,ADMIN_PARTIAL_MATCH,UNKNOWN,False,"phố Phương Mai, Đống Đa, Thành phố Hà Nội, Việt Nam",EXACT_MATCH,21.0040035,105.8386709,"BIDV, 15A, Phố Phương Mai, Phường Kim Liên, Thành phố Hà Nội, 11520, Việt Nam",1,ADMIN_PARTIAL_MATCH,UNKNOWN,False
189975,https://batdongsan.vn/mat-tien-sang-3-o-to-tranh-lacasta-van-phu-kinh-doanh-sieu-loi-nhuan-r189975,Hà Nội,Hà Đông,street_only,title,MẶT TIỀN SÁNG – 3 Ô TÔ TRÁNH – LACASTA VĂN PHÚ – KINH DOANH SIÊU LỢI NHUẬN,SÁNG 3 LACASTA VĂN PHÚ SIÊU LỢI NHUẬN,"MẶT TIỀN SÁNG – 3 Ô TÔ TRÁNH – LACASTA VĂN PHÚ – KINH DOANH SIÊU LỢI NHUẬN, Hà Đông, Hà Nội, Việt Nam",NO_RESULT,,,,0,UNKNOWN,UNKNOWN,False,"SÁNG 3 LACASTA VĂN PHÚ SIÊU LỢI NHUẬN, Hà Đông, Thành phố Hà Nội, Việt Nam",NO_RESULT,,,,0,UNKNOWN,UNKNOWN,False
156847,https://batdongsan.vn/ban-nha-5-tang-pho-giai-phong-hoang-mai-8-ty-hon-so-do-chinh-chu-r156847,Hà Nội,Hoàng Mai,street_only,title,PHỐ GIẢI PHÓNG - HOÀNG MAI - 8 TỶ HƠN - SỔ ĐỎ CHÍNH CHỦ,PHỐ GIẢI PHÓNG HOÀNG MAI,"PHỐ GIẢI PHÓNG - HOÀNG MAI - 8 TỶ HƠN - SỔ ĐỎ CHÍNH CHỦ, Hoàng Mai, Hà Nội, Việt Nam",NO_RESULT,,,,0,UNKNOWN,UNKNOWN,False,"PHỐ GIẢI PHÓNG HOÀNG MAI, Thành phố Hà Nội, Việt Nam",EXACT_MATCH,20.970455,105.8415051,"BIDV, Đường Giải Phóng, Giáp Nhị, Kẻ Sét, Phường Hoàng Mai, Yên Ngưu, Thành phố Hà Nội, 11720, Việt Nam",1,ADMIN_MATCH,UNKNOWN,False
174854,https://batdongsan.vn/ban-nha-mat-pho-dong-ngac-85m-5-tang-11m-mat-tien-thang-may-kinh-doanh-gia-21-ty-r174854,Hà Nội,Bắc Từ Liêm,street_only,title,PHỐ ĐÔNG NGẠC,PHỐ ĐÔNG NGẠC,"PHỐ ĐÔNG NGẠC, Bắc Từ Liêm, Hà Nội, Việt Nam",EXACT_MATCH,21.0789998,105.7736949,"BIDV, Phố Văn Hội, Phường Đông Ngạc, Thành phố Hà Nội, 11909, Việt Nam",1,ADMIN_PARTIAL_MATCH,UNKNOWN,False,"PHỐ ĐÔNG NGẠC, Bắc Từ Liêm, Thành phố Hà Nội, Việt Nam",EXACT_MATCH,21.0789998,105.7736949,"BIDV, Phố Văn Hội, Phường Đông Ngạc, Thành phố Hà Nội, 11909, Việt Nam",1,ADMIN_PARTIAL_MATCH,UNKNOWN,False
175154,https://batdongsan.vn/ban-nha-bach-mai-hai-ba-trung-4-tang-thang-may-full-noi-that-dep-gan-pho-50m-105-ty-r175154,Hà Nội,Hai Bà Trưng,street_only,title,PHỐ 50M 10,PHỐ 10,"PHỐ 50M 10, Hai Bà Trưng, Hà Nội, Việt Nam",NO_RESULT,,,,0,UNKNOWN,UNKNOWN,False,"PHỐ 10, Hai Bà Trưng, Thành phố Hà Nội, Việt Nam",STREET_MATCH,21.0184608,105.8481409,"Tập đoàn VPS, 10, Phố Hồ Xuân Hương, Phường Hai Bà Trưng, Thành phố Hà Nội, 11626, Việt Nam",5,ADMIN_MATCH,UNKNOWN,False
150770,https://batdongsan.vn/toa-nha-van-phong-mat-pho-giang-vo-120m-x-10-tang-thang-may-2-mat-thoang-kd-84-ty-r150770,Hà Nội,Ba Đình,street_only,title,PHỐ GIẢNG VÕ – 120M x 10 TẦNG THANG MÁY – 2 MẶT THOÁNG – KD – 84 TỶ,PHỐ GIẢNG VÕ x 2 MẶT THOÁNG KD,"PHỐ GIẢNG VÕ – 120M x 10 TẦNG THANG MÁY – 2 MẶT THOÁNG – KD – 84 TỶ, Ba Đình, Hà Nội, Việt Nam",NO_RESULT,,,,0,UNKNOWN,UNKNOWN,False,"PHỐ GIẢNG VÕ x 2 MẶT THOÁNG KD, Ba Đình, Thành phố Hà Nội, Việt Nam",NO_RESULT,,,,0,UNKNOWN,UNKNOWN,False
106387,https://batdongsan.vn/ban-nha-duong-quan-nhan-nhan-chinh-quan-thanh-xuan-4t-mt4m-kinh-doanh-dinh-o-to-qua-nhinh-4-ty-r276581,Hà Nội,Thanh Xuân,street_only,title,ĐƯỜNG QUAN NHÂN,ĐƯỜNG QUAN NHÂN,"ĐƯỜNG QUAN NHÂN, Thanh Xuân, Hà Nội, Việt Nam",EXACT_MATCH,21.0066239,105.8071455,"BIDV, Đường Lê Văn Lương, Quan Nhân, Kẻ Mọc (Nhân Mục), Phường Thanh Xuân, Thành phố Hà Nội, 11417, Việt Nam",1,ADMIN_MATCH,UNKNOWN,False,"ĐƯỜNG QUAN NHÂN, Thanh Xuân, Thành phố Hà Nội, Việt Nam",EXACT_MATCH,21.0066239,105.8071455,"BIDV, Đường Lê Văn Lương, Quan Nhân, Kẻ Mọc (Nhân Mục), Phường Thanh Xuân, Thành phố Hà Nội, 11417, Việt Nam",1,ADMIN_MATCH,UNKNOWN,False
143021,https://batdongsan.vn/ban-can-ho-nho-xinh-tai-pho-tran-cung-cau-giay-36m2-1n-1k-1vs-chi-165-ty-r143021,Hà Nội,Cầu Giấy,street_only,title,Phố Trần Cung- Cầu Giấy  36m2,Phố Trần Cung Cầu Giấy,"Phố Trần Cung- Cầu Giấy  36m2, Cầu Giấy, Hà Nội, Việt Nam",NO_RESULT,,,,0,UNKNOWN,UNKNOWN,False,"Phố Trần Cung Cầu Giấy, Thành phố Hà Nội, Việt Nam",NO_RESULT,,,,0,UNKNOWN,UNKNOWN,False
163341,https://batdongsan.vn/ban-nha-phan-lo-63m2-hai-mat-tien-hon-6m-cau-giay-5-tang-gia-chi-18-ty-r163341,Hà Nội,Cầu Giấy,street_only,title,MẶT TIỀN hơn 6m CẦU GIẤY  5 TẦNG  GIÁ CHỈ 18 TỶ,hơn CẦU GIẤY,"MẶT TIỀN hơn 6m CẦU GIẤY  5 TẦNG  GIÁ CHỈ 18 TỶ, Cầu Giấy, Hà Nội, Việt Nam",NO_RESULT,,,,0,UNKNOWN,UNKNOWN,False,"hơn CẦU GIẤY, Thành phố Hà Nội, Việt Nam",NO_RESULT,,,,0,UNKNOWN,UNKNOWN,False
135179,https://batdongsan.vn/ban-nha-tan-mai-hoang-mai-50-m2-5-tang-tm-mat-tien-4-m-gia-1025-ty-r135179,Hà Nội,Hoàng Mai,street_only,title,MẶT TIỀN 4 M,4 M,"MẶT TIỀN 4 M, Hoàng Mai, Hà Nội, Việt Nam",NO_RESULT,,,,0,UNKNOWN,UNKNOWN,False,"4 M, Hoàng Mai, Thành phố Hà Nội, Việt Nam",EXACT_MATCH,20.9741008,105.8621072,"Phường Hoàng Mai, Văn Điển, Thành phố Hà Nội, 11720, Việt Nam",1,ADMIN_MATCH,WARD,True
119250,https://batdongsan.vn/nha-dep-pho-khuong-ha-thanh-xuan-5-tang-full-noi-that-ngo-rong-5m-o-to-vao-thoai-mai-nhinh-8-r119250,Hà Nội,Thanh Xuân,street_only,title,Phố Khương Hạ,Phố Khương Hạ,"Phố Khương Hạ, Thanh Xuân, Hà Nội, Việt Nam",STREET_MATCH,20.9999984,105.8279102,"BIDV, 36, Phố Lê Trọng Tấn, Khương Trung, Phương Liệt, Phường Phương Liệt, Thành phố Hà Nội, 11412, Việt Nam",2,ADMIN_PARTIAL_MATCH,UNKNOWN,False,"Phố Khương Hạ, Thanh Xuân, Thành phố Hà Nội, Việt Nam",STREET_MATCH,20.9999984,105.8279102,"BIDV, 36, Phố Lê Trọng Tấn, Khương Trung, Phương Liệt, Phường Phương Liệt, Thành phố Hà Nội, 11412, Việt Nam",2,ADMIN_PARTIAL_MATCH,UNKNOWN,False
128910,https://batdongsan.vn/nhinh-5-ty-nha-moi-42m-x-5-tang-3-ngu-du-cong-nang-3-thoang-gan-pho-giap-bat-hoang-mai-r128910,Hà Nội,Hoàng Mai,street_only,description,"Nhỉnh 5 tỷ-nhà mới 42m x 5 tầng 3 ngủ đủ công năng-3 thoáng-gần phố-Giáp Bát, Hoàng Mai",x 3 ngủ đủ công năng 3 thoáng gần phố Giáp Bát Hoàng Mai,"Nhỉnh 5 tỷ-nhà mới 42m x 5 tầng 3 ngủ đủ công năng-3 thoáng-gần phố-Giáp Bát, Hoàng Mai, Hoàng Mai, Hà Nội, Việt Nam",NO_RESULT,,,,0,UNKNOWN,UNKNOWN,False,"x 3 ngủ đủ công năng 3 thoáng gần phố Giáp Bát Hoàng Mai, Thành phố Hà Nội, Việt Nam",NO_RESULT,,,,0,UNKNOWN,UNKNOWN,False
160003,https://batdongsan.vn/dai-la-tran-dai-nghia-39m2-4-tang-4vngu-mt-6m-tai-chinh-7ty-r160003,Hà Nội,Hai Bà Trưng,street_only,title,🏡 ĐẠI LA – TRẦN ĐẠI NGHĨA  39m² – 4 TẦNG - 4VNGỦ – MT 6M – TÀI CHÍNH 7TỶ 🔥,🏡 ĐẠI LA TRẦN ĐẠI NGHĨA 39m² 4VNGỦ MT TÀI CHÍNH,"🏡 ĐẠI LA – TRẦN ĐẠI NGHĨA  39m² – 4 TẦNG - 4VNGỦ – MT 6M – TÀI CHÍNH 7TỶ 🔥, Hai Bà Trưng, Hà Nội, Việt Nam",NO_RESULT,,,,0,UNKNOWN,UNKNOWN,False,"🏡 ĐẠI LA TRẦN ĐẠI NGHĨA 39m² 4VNGỦ MT TÀI CHÍNH, Hai Bà Trưng, Thành phố Hà Nội, Việt Nam",NO_RESULT,,,,0,UNKNOWN,UNKNOWN,False
135116,https://batdongsan.vn/ban-nha-duong-trieu-khuc-63m2-6-tang-4mt-7-ty-6-o-to-do-cua-r135116,Hà Nội,Thanh Trì,street_only,title,ĐƯỜNG TRIỀU KHÚC,ĐƯỜNG TRIỀU KHÚC,"ĐƯỜNG TRIỀU KHÚC, Thanh Trì, Hà Nội, Việt Nam",NO_RESULT,,,,0,UNKNOWN,UNKNOWN,False,"ĐƯỜNG TRIỀU KHÚC, Thanh Trì, Thành phố Hà Nội, Việt Nam",NO_RESULT,,,,0,UNKNOWN,UNKNOWN,False
117747,https://batdongsan.vn/yen-phu-tay-ho-42m2-x-7-tang-nha-mat-pho-lo-goc-ba-mat-thoang-via-he-kinh-doanh-sam-uat-gia-r117747,Hà Nội,Tây Hồ,street_only,description,"YÊN PHỤ, TÂY HỒ, 42M2 x 7 TẦNG, NHÀ MẶT PHỐ, LÔ GÓC, BA MẶT THOÁNG, VỈA HÈ, KINH DOANH SẦM UẤT GIÁ",YÊN PHỤ TÂY HỒ x NHÀ MẶT PHỐ LÔ GÓC BA MẶT THOÁNG VỈA HÈ SẦM UẤT GIÁ,"YÊN PHỤ, TÂY HỒ, 42M2 x 7 TẦNG, NHÀ MẶT PHỐ, LÔ GÓC, BA MẶT THOÁNG, VỈA HÈ, KINH DOANH SẦM UẤT GIÁ, Tây Hồ, Hà Nội, Việt Nam",NO_RESULT,,,,0,UNKNOWN,UNKNOWN,False,"YÊN PHỤ TÂY HỒ x NHÀ MẶT PHỐ LÔ GÓC BA MẶT THOÁNG VỈA HÈ SẦM UẤT GIÁ, Thành phố Hà Nội, Việt Nam",NO_RESULT,,,,0,UNKNOWN,UNKNOWN,False
163742,https://batdongsan.vn/ban-nha-tu-dinh-18-ty-85m-phan-lo-via-he-o-to-kinh-doanhlong-bien-r163742,Hà Nội,Long Biên,street_only,title,"BÁN NHÀ TƯ ĐÌNH 18 tỷ 85m PHÂN LÔ VỈA HÈ Ô TÔ KINH DOANH,LONG BIÊN",TƯ ĐÌNH LONG BIÊN,"BÁN NHÀ TƯ ĐÌNH 18 tỷ 85m PHÂN LÔ VỈA HÈ Ô TÔ KINH DOANH,LONG BIÊN, Long Biên, Hà Nội, Việt Nam",NO_RESULT,,,,0,UNKNOWN,UNKNOWN,False,"TƯ ĐÌNH LONG BIÊN, Thành phố Hà Nội, Việt Nam",EXACT_MATCH,21.0271613,105.885657,"Tư Đình, Phường Long Biên, Thành phố Hà Nội, 11814, Việt Nam",1,ADMIN_MATCH,WARD,True
131191,https://batdongsan.vn/ban-nha-pho-tram-45m2-gia-chi-nhinh-6-ty-co-o-cho-thang-may-r131191,Hà Nội,Long Biên,street_only,title,PHỐ TRẠM - 45M2 - GIÁ CHỈ NHỈNH 6 TỶ CÓ Ô CHỜ THANG MÁY,PHỐ TRẠM GIÁ CHỈ CÓ Ô CHỜ,"PHỐ TRẠM - 45M2 - GIÁ CHỈ NHỈNH 6 TỶ CÓ Ô CHỜ THANG MÁY, Long Biên, Hà Nội, Việt Nam",NO_RESULT,,,,0,UNKNOWN,UNKNOWN,False,"PHỐ TRẠM GIÁ CHỈ CÓ Ô CHỜ, Long Biên, Thành phố Hà Nội, Việt Nam",NO_RESULT,,,,0,UNKNOWN,UNKNOWN,False
108300,https://batdongsan.vn/ban-nha-mat-pho-hai-ba-trung-88m-x-4tang-mat-tien-6m-via-he-kinh-doanh-r278494,Hà Nội,Hai Bà Trưng,street_only,title,phố Hai Bà Trưng,phố Hai Bà Trưng,"phố Hai Bà Trưng, Hai Bà Trưng, Hà Nội, Việt Nam",STREET_MATCH,21.0107661,105.8473501,"Trung tâm Triển lãm Văn hóa Nghệ thuật Việt Nam, 2, Phố Hoa Lư, Vân Hồ, Phường Hai Bà Trưng, Thành phố Hà Nội, 11626, Việt Nam",5,ADMIN_MATCH,UNKNOWN,False,"phố Hai Bà Trưng, Thành phố Hà Nội, Việt Nam",EXACT_MATCH,21.0255244,105.8485536,"Phố Hai Bà Trưng, Phường Cửa Nam, Thành phố Hà Nội, 11018, Việt Nam",1,ADMIN_MATCH,STREET,True
194257,https://batdongsan.vn/nha-5-tang-dan-xay-phan-lo-cum-cn-lai-xa-gan-nhon-dh-cong-nghiep-o-to-tranh-r194257,Hà Nội,Hoài Đức,street_only,title,"NHÀ 5 TẦNG, DÂN XÂY, PHÂN LÔ CỤM CN LAI XÁ, GẦN NHỔN ĐH CÔNG NGHIỆP - Ô TÔ TRÁNH",NHÀ DÂN XÂY CỤM CN LAI XÁ GẦN NHỔN ĐH CÔNG NGHIỆP,"NHÀ 5 TẦNG, DÂN XÂY, PHÂN LÔ CỤM CN LAI XÁ, GẦN NHỔN ĐH CÔNG NGHIỆP - Ô TÔ TRÁNH, Hoài Đức, Hà Nội, Việt Nam",NO_RESULT,,,,0,UNKNOWN,UNKNOWN,False,"NHÀ DÂN XÂY CỤM CN LAI XÁ GẦN NHỔN ĐH CÔNG NGHIỆP, Hoài Đức, Thành phố Hà Nội, Việt Nam",NO_RESULT,,,,0,UNKNOWN,UNKNOWN,False
137515,https://batdongsan.vn/o-to-tranh-nha-moi-tinh-tien-ich-bat-ngan-r137515,Hà Nội,Long Biên,street_only,title,Ô TÔ TRÁNH - NHÀ MỚI TINH - TIỆN ÍCH BẠT NGÀN,TINH TIỆN ÍCH BẠT NGÀN,"Ô TÔ TRÁNH - NHÀ MỚI TINH - TIỆN ÍCH BẠT NGÀN, Long Biên, Hà Nội, Việt Nam",NO_RESULT,,,,0,UNKNOWN,UNKNOWN,False,"TINH TIỆN ÍCH BẠT NGÀN, Long Biên, Thành phố Hà Nội, Việt Nam",NO_RESULT,,,,0,UNKNOWN,UNKNOWN,False
145802,https://batdongsan.vn/hiem-chinh-chu-gui-ban-nha-tai-pho-chua-quynh-155-ty-60m2-6-t-mt-5m-gan-bach-mai-minh-khaihbt-r145802,Hà Nội,Hai Bà Trưng,street_only,title,Phố Chùa Quỳnh 15,Phố Chùa Quỳnh 15,"Phố Chùa Quỳnh 15, Hai Bà Trưng, Hà Nội, Việt Nam",NO_RESULT,,,,0,UNKNOWN,UNKNOWN,False,"Phố Chùa Quỳnh 15, Hai Bà Trưng, Thành phố Hà Nội, Việt Nam",NO_RESULT,,,,0,UNKNOWN,UNKNOWN,False
142119,https://batdongsan.vn/ban-nha-ha-dinh-gia-72-ty-dien-tich-35m2-5-tang-mat-tien-5m-r142119,Hà Nội,Thanh Xuân,street_only,title,mặt tiền 5m,,"mặt tiền 5m, Thanh Xuân, Hà Nội, Việt Nam",NO_RESULT,,,,0,UNKNOWN,UNKNOWN,False,"Thanh Xuân, Thành phố Hà Nội, Việt Nam",STREET_MATCH,20.9983575,105.8042396,"Phường Thanh Xuân, Thành phố Hà Nội, 11417, Việt Nam",2,ADMIN_MATCH,WARD,True
132977,https://batdongsan.vn/ban-nha-duong-noi-ha-dong-16m-ra-mat-pho-43m-4-tang-mt-38m-45-ty-r132977,Hà Nội,Hà Đông,street_only,title,phố 43m- 4 tầng- MT 3.8m- 4.5 tỷ,phố MT 3,"phố 43m- 4 tầng- MT 3.8m- 4.5 tỷ, Hà Đông, Hà Nội, Việt Nam",NO_RESULT,,,,0,UNKNOWN,UNKNOWN,False,"phố MT 3, Hà Đông, Thành phố Hà Nội, Việt Nam",NO_RESULT,,,,0,UNKNOWN,UNKNOWN,False
186640,https://batdongsan.vn/sieu-pham-chinh-chu-ban-nha-lo-goc-3-thoang-mat-ho-7-tang-thang-may-pho-bo-de-long-bien-ha-noi-r186640,Hà Nội,Long Biên,street_only,title,phố Bồ Đề. Long Biên,phố Bồ Đề Long Biên,"phố Bồ Đề. Long Biên, Long Biên, Hà Nội, Việt Nam",EXACT_MATCH,21.040102,105.86952,"BIDV, 108, Phố Bồ Đề, Ái Mộ, Phường Bồ Đề, Thành phố Hà Nội, 10245, Việt Nam",1,ADMIN_PARTIAL_MATCH,UNKNOWN,False,"phố Bồ Đề Long Biên, Thành phố Hà Nội, Việt Nam",EXACT_MATCH,21.040102,105.86952,"BIDV, 108, Phố Bồ Đề, Ái Mộ, Phường Bồ Đề, Thành phố Hà Nội, 10245, Việt Nam",1,ADMIN_PARTIAL_MATCH,UNKNOWN,False
181382,https://batdongsan.vn/ban-nha-2-mat-pho-quang-trung-ly-thuong-kiet-80m2-6-tang-thang-may-gia-23-ty-r181382,Hà Nội,Hà Đông,street_only,title,PHỐ – QUANG TRUNG & LÝ THƯỜNG KIỆT – 80M² – 6 TẦNG – THANG MÁY – GIÁ 23 TỶ,PHỐ QUANG TRUNG & LÝ THƯỜNG KIỆT 80M²,"PHỐ – QUANG TRUNG & LÝ THƯỜNG KIỆT – 80M² – 6 TẦNG – THANG MÁY – GIÁ 23 TỶ, Hà Đông, Hà Nội, Việt Nam",NO_RESULT,,,,0,UNKNOWN,UNKNOWN,False,"PHỐ QUANG TRUNG & LÝ THƯỜNG KIỆT 80M², Hà Đông, Thành phố Hà Nội, Việt Nam",NO_RESULT,,,,0,UNKNOWN,UNKNOWN,False
136769,https://batdongsan.vn/ban-nha-dinh-cong-hoang-mai-lo-goc-o-to-qua-61m2-87-ty-r136769,Hà Nội,Hoàng Mai,street_only,title,"BÁN NHÀ ĐỊNH CÔNG, HOÀNG MAI, LÔ GÓC Ô TÔ QUA, 61M2, 8.7 TỶ",ĐỊNH CÔNG HOÀNG MAI LÔ GÓC Ô TÔ QUA,"BÁN NHÀ ĐỊNH CÔNG, HOÀNG MAI, LÔ GÓC Ô TÔ QUA, 61M2, 8.7 TỶ, Hoàng Mai, Hà Nội, Việt Nam",NO_RESULT,,,,0,UNKNOWN,UNKNOWN,False,"ĐỊNH CÔNG HOÀNG MAI LÔ GÓC Ô TÔ QUA, Thành phố Hà Nội, Việt Nam",NO_RESULT,,,,0,UNKNOWN,UNKNOWN,False
135159,https://batdongsan.vn/ban-toa-ccmn-pho-tan-trieu-70-m2-x7-tang-22-phong-khep-kin-r135159,Hà Nội,Thanh Trì,street_only,title,Phố Tân Triều 70 m2 X7 Tầng + 22 Phòng Khép Kín 💥💥,Phố Tân Triều 70 m2 X7 Tầng + 22 Phòng Khép Kín 💥💥,"Phố Tân Triều 70 m2 X7 Tầng + 22 Phòng Khép Kín 💥💥, Thanh Trì, Hà Nội, Việt Nam",NO_RESULT,,,,0,UNKNOWN,UNKNOWN,False,"Phố Tân Triều 70 m2 X7 Tầng + 22 Phòng Khép Kín 💥💥, Thanh Trì, Thành phố Hà Nội, Việt Nam",NO_RESULT,,,,0,UNKNOWN,UNKNOWN,False
113321,https://batdongsan.vn/ban-nha-lien-ke-pho-khuat-duy-tien-thong-sang-duong-nguyen-trai-o-to-do-cua-73m2-nha-dep-5-tang-gia-92-ty-r283515,Hà Nội,Thanh Xuân,street_only,title,phố Khuất Duy Tiến thông sang đường Nguyễn Trãi,phố Khuất Duy Tiến thông sang đường Nguyễn Trãi,"phố Khuất Duy Tiến thông sang đường Nguyễn Trãi, Thanh Xuân, Hà Nội, Việt Nam",NO_RESULT,,,,0,UNKNOWN,UNKNOWN,False,"phố Khuất Duy Tiến thông sang đường Nguyễn Trãi, Thanh Xuân, Thành phố Hà Nội, Việt Nam",NO_RESULT,,,,0,UNKNOWN,UNKNOWN,False
179082,https://batdongsan.vn/nha-moi-kinh-kong-oto-do-cua-san-choi-rong-thoang-r179082,Hà Nội,Bắc Từ Liêm,street_only,title,NHÀ MỚI KÍNH KONG - OTO ĐỖ CỬA - SÂN CHƠI RỘNG THOÁNG,KÍNH KONG OTO ĐỖ CỬA SÂN CHƠI RỘNG THOÁNG,"NHÀ MỚI KÍNH KONG - OTO ĐỖ CỬA - SÂN CHƠI RỘNG THOÁNG, Bắc Từ Liêm, Hà Nội, Việt Nam",NO_RESULT,,,,0,UNKNOWN,UNKNOWN,False,"KÍNH KONG OTO ĐỖ CỬA SÂN CHƠI RỘNG THOÁNG, Bắc Từ Liêm, Thành phố Hà Nội, Việt Nam",NO_RESULT,,,,0,UNKNOWN,UNKNOWN,False
173680,https://batdongsan.vn/can-nha-cuoi-cung-gia-tot-nhat-vo-chi-cong-ho-tay-giam-ngay-800-trieu-r173680,Hà Nội,Cầu Giấy,street_only,title,"CĂN NHÀ CUỐI CÙNG GIÁ TỐT NHẤT VÕ CHÍ CÔNG - HỒ TÂY, GIẢM NGAY 800 TRIỆU!",CĂN NHÀ CUỐI CÙNG GIÁ TỐT NHẤT VÕ CHÍ CÔNG HỒ TÂY GIẢM NGAY,"CĂN NHÀ CUỐI CÙNG GIÁ TỐT NHẤT VÕ CHÍ CÔNG - HỒ TÂY, GIẢM NGAY 800 TRIỆU!, Cầu Giấy, Hà Nội, Việt Nam",NO_RESULT,,,,0,UNKNOWN,UNKNOWN,False,"CĂN NHÀ CUỐI CÙNG GIÁ TỐT NHẤT VÕ CHÍ CÔNG HỒ TÂY GIẢM NGAY, Cầu Giấy, Thành phố Hà Nội, Việt Nam",NO_RESULT,,,,0,UNKNOWN,UNKNOWN,False
102894,https://batdongsan.vn/chi-voi-315-ty-chinh-kinh-thanh-xuan-gan-pho-6-tang-full-do-o-to-do-gan-r273086,Hà Nội,Thanh Xuân,street_only,title,PHỐ - 6 TẦNG - FULL ĐỒ - Ô TÔ ĐỖ GẦN,PHỐ FULL ĐỒ Ô TÔ ĐỖ GẦN,"PHỐ - 6 TẦNG - FULL ĐỒ - Ô TÔ ĐỖ GẦN, Thanh Xuân, Hà Nội, Việt Nam",NO_RESULT,,,,0,UNKNOWN,UNKNOWN,False,"PHỐ FULL ĐỒ Ô TÔ ĐỖ GẦN, Thanh Xuân, Thành phố Hà Nội, Việt Nam",NO_RESULT,,,,0,UNKNOWN,UNKNOWN,False
92670,https://batdongsan.vn/chuyen-la-khuat-duy-tien-o-to-tranh-tang-noi-that-gia-35ty-r262845,Hà Nội,Thanh Xuân,street_only,description,CHUYỆN LẠ! Khuất Duy Tiến _ Ô tô Tránh_ tặng Nội thất_ giá 3.5tỷ.,CHUYỆN LẠ Khuất Duy Tiến tặng Nội thất,"CHUYỆN LẠ! Khuất Duy Tiến _ Ô tô Tránh_ tặng Nội thất_ giá 3.5tỷ., Thanh Xuân, Hà Nội, Việt Nam",NO_RESULT,,,,0,UNKNOWN,UNKNOWN,False,"CHUYỆN LẠ Khuất Duy Tiến tặng Nội thất, Thanh Xuân, Thành phố Hà Nội, Việt Nam",NO_RESULT,,,,0,UNKNOWN,UNKNOWN,False
139198,https://batdongsan.vn/ban-nha-pho-hoang-cau-khu-phan-lo-gan-ho-sinh-thai-42mx4t-gia-1295-ty-lh-0396935190-r139198,Hà Nội,Đống Đa,street_only,title,Phố Hoàng Cầu,Phố Hoàng Cầu,"Phố Hoàng Cầu, Đống Đa, Hà Nội, Việt Nam",STREET_MATCH,21.0189698,105.8248282,"Phố Hoàng Cầu, Nam Đồng, Phường Đống Đa, Thành phố Hà Nội, 11527, Việt Nam",4,ADMIN_MATCH,STREET,True,"Phố Hoàng Cầu, Đống Đa, Thành phố Hà Nội, Việt Nam",STREET_MATCH,21.0189698,105.8248282,"Phố Hoàng Cầu, Nam Đồng, Phường Đống Đa, Thành phố Hà Nội, 11527, Việt Nam",5,ADMIN_MATCH,STREET,True
171786,https://batdongsan.vn/ban-nha-trung-tam-quan-dong-da-nha-moi-7-tang-thang-may-kinh-doanh-o-to-vao-nha-40m-13-ty-r171786,Hà Nội,Đống Đa,street_only,description,BÁN NHÀ TRUNG TÂM QUẬN ĐỐNG ĐA NHÀ MỚI 7 TẦNG THANG MÁY KINH DOANH Ô TÔ VÀO NHÀ 40M 13 TỶ,TRUNG TÂM QUẬN ĐỐNG ĐA,"BÁN NHÀ TRUNG TÂM QUẬN ĐỐNG ĐA NHÀ MỚI 7 TẦNG THANG MÁY KINH DOANH Ô TÔ VÀO NHÀ 40M 13 TỶ, Đống Đa, Hà Nội, Việt Nam",NO_RESULT,,,,0,UNKNOWN,UNKNOWN,False,"TRUNG TÂM QUẬN ĐỐNG ĐA, Thành phố Hà Nội, Việt Nam",STREET_MATCH,21.0207825,105.824034,"Trung tâm Tuệ Quang, 55, Ngõ 16 Phố Hoàng Cầu, Hoàng Cầu, Phường Ô Chợ Dừa, Thành phố Hà Nội, 11511, Việt Nam",2,ADMIN_PARTIAL_MATCH,UNKNOWN,False
183757,https://batdongsan.vn/nhacanhtruong-doanthi-diemnam-tu-liemthang-mayoto-45mx6tmt5m148ty-r183757,Hà Nội,Nam Từ Liêm,street_only,title,"NHÀCẠNHTRƯỜNG ĐOÀNTHỊ ĐIỂM,NAM TỪ LIÊM,THANG MÁY,OTO ,45Mx6T,MT=5M,14,8ty",NHÀCẠNHTRƯỜNG ĐOÀNTHỊ ĐIỂM NAM TỪ LIÊM OTO 45Mx6T MT= 14 8ty,"NHÀCẠNHTRƯỜNG ĐOÀNTHỊ ĐIỂM,NAM TỪ LIÊM,THANG MÁY,OTO ,45Mx6T,MT=5M,14,8ty, Nam Từ Liêm, Hà Nội, Việt Nam",NO_RESULT,,,,0,UNKNOWN,UNKNOWN,False,"NHÀCẠNHTRƯỜNG ĐOÀNTHỊ ĐIỂM NAM TỪ LIÊM OTO 45Mx6T MT= 14 8ty, Thành phố Hà Nội, Việt Nam",NO_RESULT,,,,0,UNKNOWN,UNKNOWN,False
155929,https://batdongsan.vn/ban-nha-vu-trong-phung-sieu-net-40m5t35m-mt-gia-9-ty-r155929,Hà Nội,Thanh Xuân,street_only,title,"BÁN NHÀ VU TRỌNG PHỤNG ! SIÊU NET .40M.5T.3,5M MT GIÁ 9 TỶ .",VU TRỌNG PHỤNG SIÊU NET 5T 3 MT,"BÁN NHÀ VU TRỌNG PHỤNG ! SIÊU NET .40M.5T.3,5M MT GIÁ 9 TỶ ., Thanh Xuân, Hà Nội, Việt Nam",NO_RESULT,,,,0,UNKNOWN,UNKNOWN,False,"VU TRỌNG PHỤNG SIÊU NET 5T 3 MT, Thanh Xuân, Thành phố Hà Nội, Việt Nam",NO_RESULT,,,,0,UNKNOWN,UNKNOWN,False
131936,https://batdongsan.vn/lo-goc-duong-quang-ham-cau-giay-52m2-x-5t-mt-4m-16-ty-o-to-vao-nha-r131936,Hà Nội,Cầu Giấy,street_only,title,LÔ GÓC DƯƠNG QUẢNG HÀM - CẦU GIẤY - 52M2 x 5T - MT 4M - 16 TỶ - Ô TÔ VÀO NHÀ,LÔ GÓC DƯƠNG QUẢNG HÀM CẦU GIẤY x 5T MT,"LÔ GÓC DƯƠNG QUẢNG HÀM - CẦU GIẤY - 52M2 x 5T - MT 4M - 16 TỶ - Ô TÔ VÀO NHÀ, Cầu Giấy, Hà Nội, Việt Nam",NO_RESULT,,,,0,UNKNOWN,UNKNOWN,False,"LÔ GÓC DƯƠNG QUẢNG HÀM CẦU GIẤY x 5T MT, Thành phố Hà Nội, Việt Nam",NO_RESULT,,,,0,UNKNOWN,UNKNOWN,False
135873,https://batdongsan.vn/duong-hoang-mai-quan-hoang-mai-gia-binh-dan-cho-nguoi-thu-nhap-thap-r135873,Hà Nội,Quận Hoàng Mai,street_only,title,Đường Hoàng Mai- Quận Hoàng Mai- Giá bình dân cho người thu nhập thấp,Đường Hoàng Mai Quận Hoàng Mai Giá bình dân cho người thu nhập thấp,"Đường Hoàng Mai- Quận Hoàng Mai- Giá bình dân cho người thu nhập thấp, Quận Hoàng Mai, Hà Nội, Việt Nam",NO_RESULT,,,,0,UNKNOWN,UNKNOWN,False,"Đường Hoàng Mai Quận Hoàng Mai Giá bình dân cho người thu nhập thấp, Thành phố Hà Nội, Việt Nam",NO_RESULT,,,,0,UNKNOWN,UNKNOWN,False
153804,https://batdongsan.vn/ban-nha-bui-quoc-khai-hoang-mai-phan-lo-20m-o-to-tranh-51m2-112tyctl-r153804,Hà Nội,Hoàng Mai,street_only,title,"BÁN NHÀ BÙI QUỐC KHÁI, HOÀNG MAI, PHÂN LÔ 20M Ô TÔ TRÁNH, 51M2, 11.2TỶ(CTL)",BÙI QUỐC KHÁI HOÀNG MAI,"BÁN NHÀ BÙI QUỐC KHÁI, HOÀNG MAI, PHÂN LÔ 20M Ô TÔ TRÁNH, 51M2, 11.2TỶ(CTL), Hoàng Mai, Hà Nội, Việt Nam",NO_RESULT,,,,0,UNKNOWN,UNKNOWN,False,"BÙI QUỐC KHÁI HOÀNG MAI, Thành phố Hà Nội, Việt Nam",NO_RESULT,,,,0,UNKNOWN,UNKNOWN,False
164976,https://batdongsan.vn/ban-nha-phan-lo-khuong-trung-o-to-vong-quanh-view-vuon-hoa-r164976,Hà Nội,Thanh Xuân,street_only,title,BÁN NHÀ PHÂN LÔ KHƯƠNG TRUNG – Ô TÔ VÒNG QUANH – VIEW VƯỜN HOA,KHƯƠNG TRUNG Ô TÔ VÒNG QUANH VIEW VƯỜN HOA,"BÁN NHÀ PHÂN LÔ KHƯƠNG TRUNG – Ô TÔ VÒNG QUANH – VIEW VƯỜN HOA, Thanh Xuân, Hà Nội, Việt Nam",NO_RESULT,,,,0,UNKNOWN,UNKNOWN,False,"KHƯƠNG TRUNG Ô TÔ VÒNG QUANH VIEW VƯỜN HOA, Thanh Xuân, Thành phố Hà Nội, Việt Nam",NO_RESULT,,,,0,UNKNOWN,UNKNOWN,False
150633,https://batdongsan.vn/ngoc-thuy-38-m-4t-mt-35m-gia-83-ty-long-bien-r150633,Hà Nội,Long Biên,street_only,title,Ngọc Thụy 38 M 4T MT 3.5M Giá 8.3 tỷ Long Biên,Ngọc Thụy 38 M 4T MT 3,"Ngọc Thụy 38 M 4T MT 3.5M Giá 8.3 tỷ Long Biên, Long Biên, Hà Nội, Việt Nam",NO_RESULT,,,,0,UNKNOWN,UNKNOWN,False,"Ngọc Thụy 38 M 4T MT 3, Long Biên, Thành phố Hà Nội, Việt Nam",NO_RESULT,,,,0,UNKNOWN,UNKNOWN,False
161260,https://batdongsan.vn/nha-moi-dong-co-thuy-khue-thang-may-dt-38m2-6-tang-mat-tien-62m-gia-115-ty-r161260,Hà Nội,Tây Hồ,street_only,title,mặt tiền 6.2m Giá 11.5 tỷ,6,"mặt tiền 6.2m Giá 11.5 tỷ, Tây Hồ, Hà Nội, Việt Nam",NO_RESULT,,,,0,UNKNOWN,UNKNOWN,False,"6, Tây Hồ, Thành phố Hà Nội, Việt Nam",STREET_MATCH,21.0648328,105.8257779,"Trường Tiểu học Quảng An, 6, Ngõ 6 Đặng Thai Mai, Tây Hồ, Phường Tây Hồ, Thành phố Hà Nội, 11214, Việt Nam",3,ADMIN_MATCH,UNKNOWN,False
145723,https://batdongsan.vn/nha-mat-pho-lo-duc-55m2-7t-thang-may-cuc-dep-kinh-doanh-o-to-do-cua-37-ty-tl-manh-r145723,Hà Nội,Hai Bà Trưng,street_only,title,phố Lò Đúc 55m2 7T thang máy cực đẹp kinh doanh ô tô đỗ cửa 37 tỷ TL mạnh,phố Lò Đúc 7T cực đẹp,"phố Lò Đúc 55m2 7T thang máy cực đẹp kinh doanh ô tô đỗ cửa 37 tỷ TL mạnh, Hai Bà Trưng, Hà Nội, Việt Nam",NO_RESULT,,,,0,UNKNOWN,UNKNOWN,False,"phố Lò Đúc 7T cực đẹp, Hai Bà Trưng, Thành phố Hà Nội, Việt Nam",EXACT_MATCH,21.0149457,105.8520631,"Phường Hai Bà Trưng, Thành phố Hà Nội, 11626, Việt Nam",1,ADMIN_MATCH,WARD,True
157284,https://batdongsan.vn/nha-kim-giang-thanh-tri-o-to-do-cong-gan-pho-o-ngay-full-noi-that-35m2-74tyctl-r157284,Hà Nội,Thanh Trì,street_only,description,"NHÀ KIM GIANG, THANH TRÌ, Ô TÔ ĐỖ CỔNG, GẦN PHỐ, Ở NGAY FULL NỘI THẤT, 35M2, 7.4Tỷ(CTL)",NHÀ KIM GIANG THANH TRÌ Ô TÔ ĐỖ CỔNG GẦN PHỐ,"NHÀ KIM GIANG, THANH TRÌ, Ô TÔ ĐỖ CỔNG, GẦN PHỐ, Ở NGAY FULL NỘI THẤT, 35M2, 7.4Tỷ(CTL), Thanh Trì, Hà Nội, Việt Nam",NO_RESULT,,,,0,UNKNOWN,UNKNOWN,False,"NHÀ KIM GIANG THANH TRÌ Ô TÔ ĐỖ CỔNG GẦN PHỐ, Thành phố Hà Nội, Việt Nam",NO_RESULT,,,,0,UNKNOWN,UNKNOWN,False
148751,https://batdongsan.vn/ban-nhanh-nha-5-tang-pho-quan-nhan-thanh-xuan-30m2-nha-dep-o-luon-gia-chi-co-79-ty-r148751,Hà Nội,Thanh Xuân,street_only,title,phố Quan Nhân - Thanh Xuân,phố Quan Nhân Thanh Xuân,"phố Quan Nhân - Thanh Xuân, Thanh Xuân, Hà Nội, Việt Nam",STREET_MATCH,21.0001961,105.802516,"Agribank, 90, Phố Ngụy Như Kon Tum, Quan Nhân, Kẻ Mọc (Nhân Mục), Phường Thanh Xuân, Thành phố Hà Nội, 11417, Việt Nam",3,ADMIN_MATCH,UNKNOWN,False,"phố Quan Nhân Thanh Xuân, Thành phố Hà Nội, Việt Nam",STREET_MATCH,21.0001961,105.802516,"Agribank, 90, Phố Ngụy Như Kon Tum, Quan Nhân, Kẻ Mọc (Nhân Mục), Phường Thanh Xuân, Thành phố Hà Nội, 11417, Việt Nam",3,ADMIN_MATCH,UNKNOWN,False
157434,https://batdongsan.vn/ban-nha-4-tang-pho-ngoc-thuy-ful-noi-that-co-thang-may-r157434,Hà Nội,Long Biên,street_only,title,PHỐ NGỌC THỤY-FUL NỘI THẤT - CÓ THANG MÁY,PHỐ NGỌC THỤY FUL NỘI THẤT CÓ,"PHỐ NGỌC THỤY-FUL NỘI THẤT - CÓ THANG MÁY, Long Biên, Hà Nội, Việt Nam",NO_RESULT,,,,0,UNKNOWN,UNKNOWN,False,"PHỐ NGỌC THỤY FUL NỘI THẤT CÓ, Long Biên, Thành phố Hà Nội, Việt Nam",NO_RESULT,,,,0,UNKNOWN,UNKNOWN,False
191476,https://batdongsan.vn/ban-nha-ngoc-lam-full-noi-that-30m2-6-tang-gia-83-ty-r191476,Hà Nội,Long Biên,street_only,title,BÁN NHÀ NGỌC LÂM – FULL NỘI THẤT – 30M² – 6 TẦNG – GIÁ 8.3 TỶ,NGỌC LÂM 30M²,"BÁN NHÀ NGỌC LÂM – FULL NỘI THẤT – 30M² – 6 TẦNG – GIÁ 8.3 TỶ, Long Biên, Hà Nội, Việt Nam",NO_RESULT,,,,0,UNKNOWN,UNKNOWN,False,"NGỌC LÂM 30M², Long Biên, Thành phố Hà Nội, Việt Nam",NO_RESULT,,,,0,UNKNOWN,UNKNOWN,False
177201,https://batdongsan.vn/nha-7-tang-thang-may-xuan-la-chdv-mini-242-ty-r177201,Hà Nội,Tây Hồ,street_only,title,NHÀ 7 TẦNG THANG MÁY – XUÂN LA – CHDV MINI – 24.2 TỶ,NHÀ XUÂN LA CHDV MINI,"NHÀ 7 TẦNG THANG MÁY – XUÂN LA – CHDV MINI – 24.2 TỶ, Tây Hồ, Hà Nội, Việt Nam",NO_RESULT,,,,0,UNKNOWN,UNKNOWN,False,"NHÀ XUÂN LA CHDV MINI, Tây Hồ, Thành phố Hà Nội, Việt Nam",NO_RESULT,,,,0,UNKNOWN,UNKNOWN,False
163322,https://batdongsan.vn/sieu-pham-khuong-ha-o-to-tranh-kinh-doanh-43m2-5-tang-1389-ty-r163322,Hà Nội,Thanh Xuân,street_only,title,"SIÊU PHẨM KHƯƠNG HẠ – Ô TÔ TRÁNH, KINH DOANH, 43M2 , 5 TẦNG, 13.89 TỶ",KHƯƠNG HẠ,"SIÊU PHẨM KHƯƠNG HẠ – Ô TÔ TRÁNH, KINH DOANH, 43M2 , 5 TẦNG, 13.89 TỶ, Thanh Xuân, Hà Nội, Việt Nam",NO_RESULT,,,,0,UNKNOWN,UNKNOWN,False,"KHƯƠNG HẠ, Thanh Xuân, Thành phố Hà Nội, Việt Nam",STREET_MATCH,20.9999984,105.8279102,"BIDV, 36, Phố Lê Trọng Tấn, Khương Trung, Phương Liệt, Phường Phương Liệt, Thành phố Hà Nội, 11412, Việt Nam",2,ADMIN_PARTIAL_MATCH,UNKNOWN,False
143884,https://batdongsan.vn/chinh-chu-phap-ly-day-du-nha-mat-duong-chien-thang-2-o-tranh-gan-cho-co-cho-de-o-to-truoc-cua-r143884,Hà Nội,Hà Đông,street_only,title,đường Chiến Thắng 2 ô tránh,đường Chiến Thắng 2 ô tránh,"đường Chiến Thắng 2 ô tránh, Hà Đông, Hà Nội, Việt Nam",NO_RESULT,,,,0,UNKNOWN,UNKNOWN,False,"đường Chiến Thắng 2 ô tránh, Hà Đông, Thành phố Hà Nội, Việt Nam",NO_RESULT,,,,0,UNKNOWN,UNKNOWN,False
141929,https://batdongsan.vn/ban-nha-pho-tran-quy-kien-cau-giay-6-tang-thiet-ke-thong-san-via-he-o-to-tranh-kinh-doanh-r141929,Hà Nội,Cầu Giấy,street_only,title,Phố trần Quý Kiên,Phố trần Quý Kiên,"Phố trần Quý Kiên, Cầu Giấy, Hà Nội, Việt Nam",EXACT_MATCH,21.0371031,105.7919194,"Phố Trần Quý Kiên, Hoài Đức Phủ, Kẻ Vòng (Dịch Vọng), Phường Cầu Giấy, Thành phố Hà Nội, 11314, Việt Nam",1,ADMIN_MATCH,STREET,True,"Phố trần Quý Kiên, Cầu Giấy, Thành phố Hà Nội, Việt Nam",EXACT_MATCH,21.0371031,105.7919194,"Phố Trần Quý Kiên, Hoài Đức Phủ, Kẻ Vòng (Dịch Vọng), Phường Cầu Giấy, Thành phố Hà Nội, 11314, Việt Nam",1,ADMIN_MATCH,STREET,True
184549,https://batdongsan.vn/ban-nha-mat-pho-dai-linh-hiem-trong-phan-khuc-248-ty-oto-kinh-doanh-via-he-r184549,Hà Nội,Nam Từ Liêm,street_only,title,PHỐ ĐẠI LINH - HIẾM TRONG PHÂN KHÚC - 24.8 Tỷ - OTO - KINH DOANH - VỈA HÈ,PHỐ ĐẠI LINH TRONG PHÂN KHÚC,"PHỐ ĐẠI LINH - HIẾM TRONG PHÂN KHÚC - 24.8 Tỷ - OTO - KINH DOANH - VỈA HÈ, Nam Từ Liêm, Hà Nội, Việt Nam",NO_RESULT,,,,0,UNKNOWN,UNKNOWN,False,"PHỐ ĐẠI LINH TRONG PHÂN KHÚC, Nam Từ Liêm, Thành phố Hà Nội, Việt Nam",NO_RESULT,,,,0,UNKNOWN,UNKNOWN,False
196298,https://batdongsan.vn/nha-ho-tung-mauhang-xom-vinhomescach-oto-chi-30mdt38m2x5mt45m8ty-r196298,Hà Nội,Nam Từ Liêm,street_only,title,"NHÀ HỒ TÙNG MẬU,HÀNG XÓM VINHOMES,CÁCH OTO CHỈ 30M,DT:38M2x5,MT:4.5M,8TY",NHÀ HỒ TÙNG MẬU HÀNG XÓM VINHOMES CÁCH OTO CHỈ DT 38M2x5 MT 4 8TY,"NHÀ HỒ TÙNG MẬU,HÀNG XÓM VINHOMES,CÁCH OTO CHỈ 30M,DT:38M2x5,MT:4.5M,8TY, Nam Từ Liêm, Hà Nội, Việt Nam",NO_RESULT,,,,0,UNKNOWN,UNKNOWN,False,"NHÀ HỒ TÙNG MẬU HÀNG XÓM VINHOMES CÁCH OTO CHỈ DT 38M2x5 MT 4 8TY, Nam Từ Liêm, Thành phố Hà Nội, Việt Nam",NO_RESULT,,,,0,UNKNOWN,UNKNOWN,False
170424,https://batdongsan.vn/co-linh-doi-dien-aeon-mall-dan-xay-mat-tien-6m-kinh-doanh-79-ty-r170424,Hà Nội,Long Biên,street_only,title,Mặt tiền 6m - Kinh doanh - 7.9 tỷ,,"Mặt tiền 6m - Kinh doanh - 7.9 tỷ, Long Biên, Hà Nội, Việt Nam",NO_RESULT,,,,0,UNKNOWN,UNKNOWN,False,"Long Biên, Thành phố Hà Nội, Việt Nam",STREET_MATCH,21.0232241,105.898496,"Phường Long Biên, Thành phố Hà Nội, 11814, Việt Nam",2,ADMIN_MATCH,WARD,True
121153,https://batdongsan.vn/ban-nha-rieng-yen-be-kim-chung-120m-den-truong-thpt-hoai-duc-a-oto-do-cua-nha-o-ngay-r121153,Hà Nội,Hoài Đức,street_only,dedicated_address,"Nhà nằm ngay mặt đường trục chính Yên Bệ, Kim Chung",Nhà nằm ngay mặt đường trục chính Yên Bệ Kim Chung,"Nhà nằm ngay mặt đường trục chính Yên Bệ, Kim Chung, Hoài Đức, Hà Nội, Việt Nam",NO_RESULT,,,,0,UNKNOWN,UNKNOWN,False,"Nhà nằm ngay mặt đường trục chính Yên Bệ Kim Chung, Hoài Đức, Thành phố Hà Nội, Việt Nam",NO_RESULT,,,,0,UNKNOWN,UNKNOWN,False
151123,https://batdongsan.vn/nguyen-van-cu-long-bien-lo-goc-ngo-o-to-nha-dep-5-tang-o-ngay-hoac-kinh-doanh-nho-r151123,Hà Nội,Long Biên,street_only,dedicated_address,"Nguyễn Văn Cừ, Long Biên, Hà Nội",Nguyễn Văn Cừ Long Biên Hà Nội,"Nguyễn Văn Cừ, Long Biên, Hà Nội, Long Biên, Hà Nội, Việt Nam",EXACT_MATCH,21.044223,105.8730851,"Ô mai Hồng Lam Nguyễn Văn Cừ, 224, Đường Nguyễn Văn Cừ, Ngọc Lâm, Phường Bồ Đề, Thành phố Hà Nội, 11810, Việt Nam",1,ADMIN_PARTIAL_MATCH,UNKNOWN,False,"Nguyễn Văn Cừ Long Biên Hà Nội, Việt Nam",STREET_MATCH,21.0426842,105.870632,"BIDV, 137A, Đường Nguyễn Văn Cừ, Ái Mộ, Phường Bồ Đề, Thành phố Hà Nội, 10245, Việt Nam",3,ADMIN_PARTIAL_MATCH,UNKNOWN,False
148927,https://batdongsan.vn/minh-can-ban-nha-o-quang-trung-ha-dong-ha-noi-5-tang-30m2-nhinh-5ty-r148927,Hà Nội,Hà Đông,street_only,dedicated_address,gần nhà ga tàu điện trên cao cách BX Yên Nghĩa 100M,gần nhà ga tàu điện trên cao cách BX Yên Nghĩa,"gần nhà ga tàu điện trên cao cách BX Yên Nghĩa 100M, Hà Đông, Hà Nội, Việt Nam",NO_RESULT,,,,0,UNKNOWN,UNKNOWN,False,"gần nhà ga tàu điện trên cao cách BX Yên Nghĩa, Hà Đông, Thành phố Hà Nội, Việt Nam",NO_RESULT,,,,0,UNKNOWN,UNKNOWN,False
127424,https://batdongsan.vn/ban-nha-bui-ngoc-duong-hai-ba-trung-lo-goc-kinh-doanh-2-thoang-o-to-tai-do-cua-gia-47-ty-r127424,Hà Nội,Hai Bà Trưng,street_only,title,"BÁN NHÀ BÙI NGỌC DƯƠNG HAI BÀ TRƯNG LÔ GÓC KINH DOANH 2 THOÁNG  Ô TÔ TẢI ĐỖ CỬA GIÁ 4,7 TỶ",BÙI NGỌC DƯƠNG HAI BÀ TRƯNG LÔ GÓC 2 THOÁNG Ô TÔ TẢI ĐỖ CỬA,"BÁN NHÀ BÙI NGỌC DƯƠNG HAI BÀ TRƯNG LÔ GÓC KINH DOANH 2 THOÁNG  Ô TÔ TẢI ĐỖ CỬA GIÁ 4,7 TỶ, Hai Bà Trưng, Hà Nội, Việt Nam",NO_RESULT,,,,0,UNKNOWN,UNKNOWN,False,"BÙI NGỌC DƯƠNG HAI BÀ TRƯNG LÔ GÓC 2 THOÁNG Ô TÔ TẢI ĐỖ CỬA, Thành phố Hà Nội, Việt Nam",NO_RESULT,,,,0,UNKNOWN,UNKNOWN,False
195060,https://batdongsan.vn/ban-nha-dong-tien-yen-duyen-7-tang-thang-may-long-lanh-vf3-thong-50m-ra-pho-hoang-mai-r195060,Hà Nội,Hoàng Mai,street_only,title,phố hoàng mai,phố hoàng mai,"phố hoàng mai, Hoàng Mai, Hà Nội, Việt Nam",STREET_MATCH,20.9939936,105.8500159,"Công Ty Cổ Phần Công Nghệ Heyu Việt Nam, 67A, Đường Trương Định, Hoàng Mai, Kẻ Mơ, Phường Tương Mai, Thành phố Hà Nội, 11715, Việt Nam",5,ADMIN_MATCH,UNKNOWN,False,"phố hoàng mai, Thành phố Hà Nội, Việt Nam",STREET_MATCH,20.9939936,105.8500159,"Công Ty Cổ Phần Công Nghệ Heyu Việt Nam, 67A, Đường Trương Định, Hoàng Mai, Kẻ Mơ, Phường Tương Mai, Thành phố Hà Nội, 11715, Việt Nam",5,ADMIN_MATCH,UNKNOWN,False
110815,https://batdongsan.vn/sieu-hiem-mat-pho-cho-thanh-xuan-bac-o-to-do-cua-kinh-doanh-du-loai-12-ty-r281009,Hà Nội,Thanh Xuân,street_only,title,phố chợ Thanh Xuân Bắc - ô tô đỗ cửa,phố chợ Thanh Xuân Bắc,"phố chợ Thanh Xuân Bắc - ô tô đỗ cửa, Thanh Xuân, Hà Nội, Việt Nam",NO_RESULT,,,,0,UNKNOWN,UNKNOWN,False,"phố chợ Thanh Xuân Bắc, Thành phố Hà Nội, Việt Nam",NO_RESULT,,,,0,UNKNOWN,UNKNOWN,False
161363,https://batdongsan.vn/ban-gap-nha-kim-giang-so-do-cc-615-ty-38m2-r161363,Hà Nội,Thanh Trì,street_only,title,BÁN GẤP - NHÀ KIM GIANG - SỔ ĐỎ CC 6.15 TỶ 38M2,BÁN GẤP NHÀ KIM GIANG SỔ ĐỎ CC,"BÁN GẤP - NHÀ KIM GIANG - SỔ ĐỎ CC 6.15 TỶ 38M2, Thanh Trì, Hà Nội, Việt Nam",NO_RESULT,,,,0,UNKNOWN,UNKNOWN,False,"BÁN GẤP NHÀ KIM GIANG SỔ ĐỎ CC, Thanh Trì, Thành phố Hà Nội, Việt Nam",NO_RESULT,,,,0,UNKNOWN,UNKNOWN,False
119763,https://batdongsan.vn/dong-da-sieu-pham-mat-pho-35m2-4-tang-kinh-doanh-sam-uat-thang-may-via-he-lo-goc-3-mat-r119763,Hà Nội,Đống Đa,street_only,title,PHỐ 35M2 4 TẦNG - KINH DOANH SẦM UẤT - THANG MÁY - VỈA HÈ - LÔ GÓC 3 MẶT,PHỐ SẦM UẤT VỈA HÈ LÔ GÓC 3 MẶT,"PHỐ 35M2 4 TẦNG - KINH DOANH SẦM UẤT - THANG MÁY - VỈA HÈ - LÔ GÓC 3 MẶT, Đống Đa, Hà Nội, Việt Nam",NO_RESULT,,,,0,UNKNOWN,UNKNOWN,False,"PHỐ SẦM UẤT VỈA HÈ LÔ GÓC 3 MẶT, Đống Đa, Thành phố Hà Nội, Việt Nam",EXACT_MATCH,21.0107304,105.8182024,"Phường Đống Đa, Thành phố Hà Nội, 11527, Việt Nam",1,ADMIN_MATCH,WARD,True
158606,https://batdongsan.vn/ban-nha-pho-minh-khai-vai-buoc-ra-o-to-sat-pho-minh-khai-dt-30m2-nhinh-7-ty-r158606,Hà Nội,Hai Bà Trưng,street_only,title,phố MInh Khai,phố MInh Khai,"phố MInh Khai, Hai Bà Trưng, Hà Nội, Việt Nam",STREET_MATCH,20.9948099,105.8525631,"Tổng Công ty Lắp máy Việt Nam, Ngõ 124 Minh Khai, Hoàng Mai, Kẻ Mơ, Phường Tương Mai, Thành phố Hà Nội, 11715, Việt Nam",2,ADMIN_PARTIAL_MATCH,UNKNOWN,False,"phố MInh Khai, Hai Bà Trưng, Thành phố Hà Nội, Việt Nam",STREET_MATCH,20.9948099,105.8525631,"Tổng Công ty Lắp máy Việt Nam, Ngõ 124 Minh Khai, Hoàng Mai, Kẻ Mơ, Phường Tương Mai, Thành phố Hà Nội, 11715, Việt Nam",2,ADMIN_PARTIAL_MATCH,UNKNOWN,False
155073,https://batdongsan.vn/ban-nha-nguyen-an-ninh-15m-ra-pho-vua-o-vua-kinh-doanh-60m2-gia-13-ty-r155073,Hà Nội,Hoàng Mai,street_only,title,PHỐ – VỪA Ở VỪA KINH DOANH – 60M²– GIÁ 13 TỶ,PHỐ VỪA Ở VỪA 60M²,"PHỐ – VỪA Ở VỪA KINH DOANH – 60M²– GIÁ 13 TỶ, Hoàng Mai, Hà Nội, Việt Nam",NO_RESULT,,,,0,UNKNOWN,UNKNOWN,False,"PHỐ VỪA Ở VỪA 60M², Hoàng Mai, Thành phố Hà Nội, Việt Nam",NO_RESULT,,,,0,UNKNOWN,UNKNOWN,False
110452,https://batdongsan.vn/nha-pho-nguyen-chi-thanh50mngay-bai-gui-o-togan-chodan-tri-cao74-ty0348051001-r280646,Hà Nội,Đống Đa,street_only,title,phố Nguyễn Chí Thanh,phố Nguyễn Chí Thanh,"phố Nguyễn Chí Thanh, Đống Đa, Hà Nội, Việt Nam",STREET_MATCH,21.0195344,105.8074078,"Học viện Phụ nữ Việt Nam, 68, Đường Nguyễn Chí Thanh, Láng Hạ, Kẻ Láng, Phường Láng, Thành phố Hà Nội, 11528, Việt Nam",5,ADMIN_PARTIAL_MATCH,UNKNOWN,False,"phố Nguyễn Chí Thanh, Đống Đa, Thành phố Hà Nội, Việt Nam",STREET_MATCH,21.0195344,105.8074078,"Học viện Phụ nữ Việt Nam, 68, Đường Nguyễn Chí Thanh, Láng Hạ, Kẻ Láng, Phường Láng, Thành phố Hà Nội, 11528, Việt Nam",5,ADMIN_PARTIAL_MATCH,UNKNOWN,False
195247,https://batdongsan.vn/ban-nha-pho-kim-nguu-hai-ba-trung-40m-5-tang-gia-89-ty-lh-0937158386-r195247,Hà Nội,Hai Bà Trưng,street_only,title,phố Kim Ngưu,phố Kim Ngưu,"phố Kim Ngưu, Hai Bà Trưng, Hà Nội, Việt Nam",STREET_MATCH,20.9991814,105.8615834,"BIDV, 276, Phố Kim Ngưu, Quỳnh Lôi, Phường Bạch Mai, Thành phố Hà Nội, 11618, Việt Nam",2,ADMIN_PARTIAL_MATCH,UNKNOWN,False,"phố Kim Ngưu, Hai Bà Trưng, Thành phố Hà Nội, Việt Nam",STREET_MATCH,20.9991814,105.8615834,"BIDV, 276, Phố Kim Ngưu, Quỳnh Lôi, Phường Bạch Mai, Thành phố Hà Nội, 11618, Việt Nam",2,ADMIN_PARTIAL_MATCH,UNKNOWN,False
127575,https://batdongsan.vn/ban-nha-35m2-5-tang-3pn-4wc-linh-nam-hoang-mai-45-ty-r127575,Hà Nội,Hoàng Mai,street_only,title,"Bán nhà 35m², 5 tầng, 3PN, 4WC, Lĩnh Nam - Hoàng Mai - 4.5 tỷ",35m² Lĩnh Nam Hoàng Mai,"Bán nhà 35m², 5 tầng, 3PN, 4WC, Lĩnh Nam - Hoàng Mai - 4.5 tỷ, Hoàng Mai, Hà Nội, Việt Nam",NO_RESULT,,,,0,UNKNOWN,UNKNOWN,False,"35m² Lĩnh Nam Hoàng Mai, Thành phố Hà Nội, Việt Nam",NO_RESULT,,,,0,UNKNOWN,UNKNOWN,False
145851,https://batdongsan.vn/cuc-pham-pho-tran-quang-dieu-43m2-7t-thang-may-mt5m-o-to-ngay-vuon-hoa-1-6-r145851,Hà Nội,Đống Đa,street_only,title,phố Trần Quang Diệu 43m2 7T thang máy MT5m ô tô ngay Vườn Hoa 1-6,phố Trần Quang Diệu 7T MT5m ô tô ngay Vườn Hoa 1 6,"phố Trần Quang Diệu 43m2 7T thang máy MT5m ô tô ngay Vườn Hoa 1-6, Đống Đa, Hà Nội, Việt Nam",NO_RESULT,,,,0,UNKNOWN,UNKNOWN,False,"phố Trần Quang Diệu 7T MT5m ô tô ngay Vườn Hoa 1 6, Đống Đa, Thành phố Hà Nội, Việt Nam",NO_RESULT,,,,0,UNKNOWN,UNKNOWN,False
171454,https://batdongsan.vn/ban-can-nha-dep-5-tang-47m2-ngoc-thuy-long-bien-r171454,Hà Nội,Long Biên,street_only,title,"BÁN CĂN NHÀ ĐẸP, 5 TẦNG 47M2 NGỌC THỤY LONG BIÊN",BÁN CĂN NGỌC THỤY LONG BIÊN,"BÁN CĂN NHÀ ĐẸP, 5 TẦNG 47M2 NGỌC THỤY LONG BIÊN, Long Biên, Hà Nội, Việt Nam",NO_RESULT,,,,0,UNKNOWN,UNKNOWN,False,"BÁN CĂN NGỌC THỤY LONG BIÊN, Thành phố Hà Nội, Việt Nam",NO_RESULT,,,,0,UNKNOWN,UNKNOWN,False
183577,https://batdongsan.vn/ban-nha-gia-quat-long-bien-moi-tinh-oto-do-30m-nhinh5-tytl-r183577,Hà Nội,Long Biên,street_only,title,"BÁN NHÀ GIA QUẤT LONG BIÊN, MỚI TINH-OTO ĐỖ-30M-NHỈNH5 TỶ(TL)",GIA QUẤT LONG BIÊN MỚI TINH OTO ĐỖ,"BÁN NHÀ GIA QUẤT LONG BIÊN, MỚI TINH-OTO ĐỖ-30M-NHỈNH5 TỶ(TL), Long Biên, Hà Nội, Việt Nam",NO_RESULT,,,,0,UNKNOWN,UNKNOWN,False,"GIA QUẤT LONG BIÊN MỚI TINH OTO ĐỖ, Thành phố Hà Nội, Việt Nam",NO_RESULT,,,,0,UNKNOWN,UNKNOWN,False
177889,https://batdongsan.vn/ban-gap-nha-5-tang-gan-nga-tu-troi-an-cu-chuan-tien-ich-chi-hon-3-ty-r177889,Hà Nội,Hoài Đức,street_only,title,"🔥 BÁ.N GẤP! NHÀ 5 TẦNG GẦN NGÃ TƯ TRÔI – AN CƯ CHUẨN TIỆN ÍCH, CHỈ HƠN 3 TỶ!",BÁ N GẤP NHÀ GẦN NGÃ TƯ TRÔI AN CƯ CHUẨN TIỆN ÍCH,"🔥 BÁ.N GẤP! NHÀ 5 TẦNG GẦN NGÃ TƯ TRÔI – AN CƯ CHUẨN TIỆN ÍCH, CHỈ HƠN 3 TỶ!, Hoài Đức, Hà Nội, Việt Nam",NO_RESULT,,,,0,UNKNOWN,UNKNOWN,False,"BÁ N GẤP NHÀ GẦN NGÃ TƯ TRÔI AN CƯ CHUẨN TIỆN ÍCH, Hoài Đức, Thành phố Hà Nội, Việt Nam",NO_RESULT,,,,0,UNKNOWN,UNKNOWN,False
124463,https://batdongsan.vn/ban-gap-nha-bach-mai-dt-35m2-mt-41m-cach-mat-pho-tram-m-gia-chi-525ty-r124463,Hà Nội,Hai Bà Trưng,street_only,title,phố trăm m. Giá chỉ 5,phố trăm m Giá chỉ 5,"phố trăm m. Giá chỉ 5, Hai Bà Trưng, Hà Nội, Việt Nam",NO_RESULT,,,,0,UNKNOWN,UNKNOWN,False,"phố trăm m Giá chỉ 5, Hai Bà Trưng, Thành phố Hà Nội, Việt Nam",NO_RESULT,,,,0,UNKNOWN,UNKNOWN,False
178125,https://batdongsan.vn/tn-vp-nguyen-khang-73m-9-tang-mat-tien-45m-35-ty-o-to-kinh-doanh-0986073333-r178125,Hà Nội,Cầu Giấy,street_only,title,mặt tiền 4.5m 35 Tỷ ô tô kinh doanh 0986073333,4,"mặt tiền 4.5m 35 Tỷ ô tô kinh doanh 0986073333, Cầu Giấy, Hà Nội, Việt Nam",NO_RESULT,,,,0,UNKNOWN,UNKNOWN,False,"4, Cầu Giấy, Thành phố Hà Nội, Việt Nam",EXACT_MATCH,21.0360044,105.7892426,"4, Phố Trần Thái Tông, Hoài Đức Phủ, Kẻ Vòng (Dịch Vọng), Phường Cầu Giấy, Thành phố Hà Nội, 11314, Việt Nam",1,ADMIN_MATCH,UNKNOWN,False
147863,https://batdongsan.vn/nha-moi-83m-x-5-tang-gia-138-ty-o-to-tranh-thang-may-kinh-doanh-bat-chap-hang-hiem-ngo-gia-tu-r147863,Hà Nội,Long Biên,street_only,title,"NHÀ MỚI 83m x 5 TẦNG GIÁ 13,8 TỶ Ô TÔ TRÁNH THANG MÁY KINH DOANH BẤT CHẤP HÀNG HIẾM NGÔ GIA TỰ-",x,"NHÀ MỚI 83m x 5 TẦNG GIÁ 13,8 TỶ Ô TÔ TRÁNH THANG MÁY KINH DOANH BẤT CHẤP HÀNG HIẾM NGÔ GIA TỰ-, Long Biên, Hà Nội, Việt Nam",NO_RESULT,,,,0,UNKNOWN,UNKNOWN,False,"x, Long Biên, Thành phố Hà Nội, Việt Nam",STREET_MATCH,21.0232241,105.898496,"Phường Long Biên, Thành phố Hà Nội, 11814, Việt Nam",2,ADMIN_MATCH,WARD,True
194787,https://batdongsan.vn/ban-nha-thanh-am-long-bienoto-do-conglo-gocthang-may42m-nhinh-9-ty-r194787,Hà Nội,Long Biên,street_only,title,"BÁN NHÀ THANH AM LONG BIÊN,OTO ĐỖ CỔNG,LÔ GÓC,THANG MÁY,42M NHỈNH 9 TỶ",THANH AM LONG BIÊN OTO ĐỖ CỔNG LÔ GÓC,"BÁN NHÀ THANH AM LONG BIÊN,OTO ĐỖ CỔNG,LÔ GÓC,THANG MÁY,42M NHỈNH 9 TỶ, Long Biên, Hà Nội, Việt Nam",NO_RESULT,,,,0,UNKNOWN,UNKNOWN,False,"THANH AM LONG BIÊN OTO ĐỖ CỔNG LÔ GÓC, Thành phố Hà Nội, Việt Nam",NO_RESULT,,,,0,UNKNOWN,UNKNOWN,False
85976,https://batdongsan.vn/pho-tan-mai-ban-nha-38m6t-oto-do-cong-nha-dep-lung-linh-gia-re-bat-ngo-lh-ngay-097xxx-r256144,Hà Nội,Hoàng Mai,street_only,title,Phố Tân Mai,Phố Tân Mai,"Phố Tân Mai, Hoàng Mai, Hà Nội, Việt Nam",STREET_MATCH,20.981907,105.8498755,"Phố Tân Mai, Giáp Lục, Kẻ Sét, Phường Hoàng Mai, Thành phố Hà Nội, 11720, Việt Nam",5,ADMIN_MATCH,STREET,True,"Phố Tân Mai, Hoàng Mai, Thành phố Hà Nội, Việt Nam",STREET_MATCH,20.9835366,105.8594845,"Phố Tân Mai, Phường Hoàng Mai, Thành phố Hà Nội, 11720, Việt Nam",4,ADMIN_MATCH,STREET,True
116538,https://batdongsan.vn/duong-lang-dong-da55m2-5-tang-long-lay-o-to-tranh-kinh-doanh-dinh-cao-gia-16-ty-r116538,Hà Nội,Đống Đa,street_only,title,ĐƯỜNG LÁNG,ĐƯỜNG LÁNG,"ĐƯỜNG LÁNG, Đống Đa, Hà Nội, Việt Nam",STREET_MATCH,21.0066224,105.8160161,"Đường Láng, Thịnh Quang, Phường Đống Đa, Thành phố Hà Nội, 11527, Việt Nam",2,ADMIN_MATCH,STREET,True,"ĐƯỜNG LÁNG, Đống Đa, Thành phố Hà Nội, Việt Nam",EXACT_MATCH,21.0064769,105.8162687,"Đường Láng, Thịnh Quang, Phường Đống Đa, Thành phố Hà Nội, 11527, Việt Nam",1,ADMIN_MATCH,STREET,True
161328,https://batdongsan.vn/ban-nha-thuong-thanh-45m-chi-59-ti-r161328,Hà Nội,Long Biên,street_only,title,"BÁN NHÀ THƯỢNG THANH 45M CHỈ 5,9 TỈ",THƯỢNG THANH,"BÁN NHÀ THƯỢNG THANH 45M CHỈ 5,9 TỈ, Long Biên, Hà Nội, Việt Nam",NO_RESULT,,,,0,UNKNOWN,UNKNOWN,False,"THƯỢNG THANH, Long Biên, Thành phố Hà Nội, Việt Nam",EXACT_MATCH,21.0591071,105.8896374,"Trường Tiểu học Thuợng Thanh, Ngõ 27 Phố Đức Giang, Phường Việt Hưng, Thành phố Hà Nội, 91109, Việt Nam",1,ADMIN_PARTIAL_MATCH,UNKNOWN,False
133002,https://batdongsan.vn/boom-tan-nha-pho-kinh-doanh-duong-nguyen-xien-92m2-8-tang-699-ty-r133002,Hà Nội,Thanh Xuân,street_only,title,phố - Kinh doanh - Đường Nguyễn Xiển 92m2 8 tầng 69.9 tỷ,phố Đường Nguyễn Xiển,"phố - Kinh doanh - Đường Nguyễn Xiển 92m2 8 tầng 69.9 tỷ, Thanh Xuân, Hà Nội, Việt Nam",NO_RESULT,,,,0,UNKNOWN,UNKNOWN,False,"phố Đường Nguyễn Xiển, Thanh Xuân, Thành phố Hà Nội, Việt Nam",NO_RESULT,,,,0,UNKNOWN,UNKNOWN,False
123897,https://batdongsan.vn/ban-nha-tap-the-trung-tam-dong-da-ngo-1194-duong-lang-r123897,Hà Nội,Đống Đa,street_only,dedicated_address,"Nhà ở vị trí cực đẹp, ô tô đỗ ngay chân tòa nhà, giao thông thuận tiện, gần nhiều trường đại học danh tiếng, tiện ích đầy đủ, an ninh đảm bảo",Nhà ở vị trí cực đẹp ô tô đỗ ngay chân tòa nhà giao thông thuận tiện gần nhiều trường đại học danh tiếng tiện ích đầy đủ an ninh đảm bảo,"Nhà ở vị trí cực đẹp, ô tô đỗ ngay chân tòa nhà, giao thông thuận tiện, gần nhiều trường đại học danh tiếng, tiện ích đầy đủ, an ninh đảm bảo, Đống Đa, Hà Nội, Việt Nam",NO_RESULT,,,,0,UNKNOWN,UNKNOWN,False,"Nhà ở vị trí cực đẹp ô tô đỗ ngay chân tòa nhà giao thông thuận tiện gần nhiều trường đại học danh tiếng tiện ích đầy đủ an ninh đảm bảo, Đống Đa, Thành phố Hà Nội, Việt Nam",NO_RESULT,,,,0,UNKNOWN,UNKNOWN,False
168707,https://batdongsan.vn/ban-dat-mat-pho-ngoc-tri-giu-tien-an-toan-sinh-loi-ben-vung-r168707,Hà Nội,Long Biên,street_only,title,PHỐ NGỌC TRÌ – GIỮ TIỀN AN TOÀN,PHỐ NGỌC TRÌ GIỮ TIỀN AN TOÀN,"PHỐ NGỌC TRÌ – GIỮ TIỀN AN TOÀN, Long Biên, Hà Nội, Việt Nam",NO_RESULT,,,,0,UNKNOWN,UNKNOWN,False,"PHỐ NGỌC TRÌ GIỮ TIỀN AN TOÀN, Long Biên, Thành phố Hà Nội, Việt Nam",NO_RESULT,,,,0,UNKNOWN,UNKNOWN,False
125540,https://batdongsan.vn/ban-nha-pho-tuong-mai-hoang-mai-44m-5-tang-gia-925-ty-r125540,Hà Nội,Hoàng Mai,street_only,title,phố Tương Mai,phố Tương Mai,"phố Tương Mai, Hoàng Mai, Hà Nội, Việt Nam",STREET_MATCH,20.9939936,105.8500159,"Công Ty Cổ Phần Công Nghệ Heyu Việt Nam, 67A, Đường Trương Định, Hoàng Mai, Kẻ Mơ, Phường Tương Mai, Thành phố Hà Nội, 11715, Việt Nam",5,ADMIN_MATCH,UNKNOWN,False,"phố Tương Mai, Hoàng Mai, Thành phố Hà Nội, Việt Nam",STREET_MATCH,20.9939936,105.8500159,"Công Ty Cổ Phần Công Nghệ Heyu Việt Nam, 67A, Đường Trương Định, Hoàng Mai, Kẻ Mơ, Phường Tương Mai, Thành phố Hà Nội, 11715, Việt Nam",5,ADMIN_MATCH,UNKNOWN,False
107764,https://batdongsan.vn/ban-nha-pho-dao-tan-ba-dinh-gan-pho-o-ngay-5-tang-50m2-gia-88-ty-r277958,Hà Nội,Ba Đình,street_only,title,phố Đào Tấn,phố Đào Tấn,"phố Đào Tấn, Ba Đình, Hà Nội, Việt Nam",EXACT_MATCH,21.032561,105.8079498,"BIDV, 27, Phố Đào Tấn, Thủ Lệ, Phường Giảng Võ, Thành phố Hà Nội, 11110, Việt Nam",1,ADMIN_PARTIAL_MATCH,UNKNOWN,False,"phố Đào Tấn, Ba Đình, Thành phố Hà Nội, Việt Nam",EXACT_MATCH,21.032561,105.8079498,"BIDV, 27, Phố Đào Tấn, Thủ Lệ, Phường Giảng Võ, Thành phố Hà Nội, 11110, Việt Nam",1,ADMIN_PARTIAL_MATCH,UNKNOWN,False
141288,https://batdongsan.vn/nha-pho-vinh-hung-hoang-mai-35-met-2-tang-chi-39-ty-r141288,Hà Nội,Hoàng Mai,street_only,title,phố Vĩnh Hưng Hoàng Mai 35 mét,phố Vĩnh Hưng Hoàng Mai 35 mét,"phố Vĩnh Hưng Hoàng Mai 35 mét, Hoàng Mai, Hà Nội, Việt Nam",NO_RESULT,,,,0,UNKNOWN,UNKNOWN,False,"phố Vĩnh Hưng Hoàng Mai 35 mét, Thành phố Hà Nội, Việt Nam",NO_RESULT,,,,0,UNKNOWN,UNKNOWN,False
120072,https://batdongsan.vn/mat-pho-minh-khai-hai-ba-trung-91m-gia-31-ty-r120072,Hà Nội,Hai Bà Trưng,street_only,dedicated_address,"Đoạn đẹp nhất phố, giao thông thuận tiện, view TTTM Chợ Mơ rất đẹp",Đoạn đẹp nhất phố giao thông thuận tiện view TTTM Chợ Mơ rất đẹp,"Đoạn đẹp nhất phố, giao thông thuận tiện, view TTTM Chợ Mơ rất đẹp, Hai Bà Trưng, Hà Nội, Việt Nam",NO_RESULT,,,,0,UNKNOWN,UNKNOWN,False,"Đoạn đẹp nhất phố giao thông thuận tiện view TTTM Chợ Mơ rất đẹp, Hai Bà Trưng, Thành phố Hà Nội, Việt Nam",NO_RESULT,,,,0,UNKNOWN,UNKNOWN,False
177599,https://batdongsan.vn/ban-nha-tran-phu-ha-dong-hai-mat-thoang-truoc-sau-ba-buoc-ra-pho-55m2-hon-10-ty-r177599,Hà Nội,Hà Đông,street_only,description,"Bán nhà Trần Phú Hà Đông, hai mặt thoáng trước sau, ba bước ra phố, 55m2, hơn 10 tỷ",Trần Phú Hà Đông hai mặt thoáng trước sau ba bước ra phố hơn,"Bán nhà Trần Phú Hà Đông, hai mặt thoáng trước sau, ba bước ra phố, 55m2, hơn 10 tỷ, Hà Đông, Hà Nội, Việt Nam",NO_RESULT,,,,0,UNKNOWN,UNKNOWN,False,"Trần Phú Hà Đông hai mặt thoáng trước sau ba bước ra phố hơn, Thành phố Hà Nội, Việt Nam",NO_RESULT,,,,0,UNKNOWN,UNKNOWN,False
152507,https://batdongsan.vn/toa-nha-mat-pho-nguyen-hong-lo-goc-110m2-mt-9m-thang-may-dong-tien-3-tynam-105-ty-r152507,Hà Nội,Đống Đa,street_only,title,PHỐ NGUYÊN HỒNG – LÔ GÓC 110M² – MT 9M – THANG MÁY – DÒNG TIỀN 3 TỶ/NĂM – 105 TỶ,PHỐ NGUYÊN HỒNG LÔ GÓC 110M² MT DÒNG TIỀN,"PHỐ NGUYÊN HỒNG – LÔ GÓC 110M² – MT 9M – THANG MÁY – DÒNG TIỀN 3 TỶ/NĂM – 105 TỶ, Đống Đa, Hà Nội, Việt Nam",NO_RESULT,,,,0,UNKNOWN,UNKNOWN,False,"PHỐ NGUYÊN HỒNG LÔ GÓC 110M² MT DÒNG TIỀN, Đống Đa, Thành phố Hà Nội, Việt Nam",NO_RESULT,,,,0,UNKNOWN,UNKNOWN,False
146425,https://batdongsan.vn/ban-gap-mat-pho-ton-duc-thang-45m2-x-4-tang-gia-chi-17-ty-r146425,Hà Nội,Đống Đa,street_only,title,phố Tôn Đức Thắng 45m2 x 4 tầng giá chỉ 17 tỷ,phố Tôn Đức Thắng x,"phố Tôn Đức Thắng 45m2 x 4 tầng giá chỉ 17 tỷ, Đống Đa, Hà Nội, Việt Nam",NO_RESULT,,,,0,UNKNOWN,UNKNOWN,False,"phố Tôn Đức Thắng x, Đống Đa, Thành phố Hà Nội, Việt Nam",STREET_MATCH,21.0181751,105.8297851,"Phố Tôn Đức Thắng, Quan Thổ, Phường Văn Miếu - Quốc Tử Giám, Thành phố Hà Nội, 11508, Việt Nam",2,ADMIN_PARTIAL_MATCH,STREET,False
193542,https://batdongsan.vn/chi-362-trieu-m-nha-mp-tay-ho-1193m-5-tang-mt-48m-kd-tot-sau-qh-thanh-nha-mp-vip-gia-432-ty-r193542,Hà Nội,Tây Hồ,street_only,title,CHỈ 362 TRIỆU M NHÀ MP TÂY HỒ 119.3M 5 TẦNG MT 4.8M KD TỐT SAU QH THÀNH NHÀ MP VIP GIÁ 43.2 TỶ,CHỈ,"CHỈ 362 TRIỆU M NHÀ MP TÂY HỒ 119.3M 5 TẦNG MT 4.8M KD TỐT SAU QH THÀNH NHÀ MP VIP GIÁ 43.2 TỶ, Tây Hồ, Hà Nội, Việt Nam",NO_RESULT,,,,0,UNKNOWN,UNKNOWN,False,"CHỈ, Tây Hồ, Thành phố Hà Nội, Việt Nam",STREET_MATCH,21.05531,105.8045144,"Đường Võ Chí Công, Làng Tân (Tiên Thượng), Kẻ Bưởi, Phường Tây Hồ, Thành phố Hà Nội, 11214, Việt Nam",5,ADMIN_MATCH,STREET,True
143240,https://batdongsan.vn/ban-nha-phuong-mai-36m2-5-tang-nha-dep-vuong-khi-phong-thoang-sang-nhinh-6-ty-r143240,Hà Nội,Đống Đa,street_only,title,"Bán Nhà PHƯƠNG MAI, 36m², 5 Tầng, Nhà Đẹp, Vượng Khí, Phòng Thoáng Sáng, Nhỉnh 6 Tỷ",PHƯƠNG MAI 36m² Vượng Khí Phòng Thoáng Sáng,"Bán Nhà PHƯƠNG MAI, 36m², 5 Tầng, Nhà Đẹp, Vượng Khí, Phòng Thoáng Sáng, Nhỉnh 6 Tỷ, Đống Đa, Hà Nội, Việt Nam",NO_RESULT,,,,0,UNKNOWN,UNKNOWN,False,"PHƯƠNG MAI 36m² Vượng Khí Phòng Thoáng Sáng, Đống Đa, Thành phố Hà Nội, Việt Nam",NO_RESULT,,,,0,UNKNOWN,UNKNOWN,False
160317,https://batdongsan.vn/nha-dep-phuong-mai-trung-tam-dong-dai-oto-do-cua-xe-tai-cach-30m-gia-11-ty-r160317,Hà Nội,Đống Đa,street_only,title,NHÀ ĐẸP PHƯƠNG MAI - TRUNG TÂM ĐỐNG ĐAI – ÔTÔ ĐỖ CỬA – XE TẢI CÁCH 30M – GIÁ 11 TỶ,PHƯƠNG MAI TRUNG TÂM ĐỐNG ĐAI XE TẢI CÁCH,"NHÀ ĐẸP PHƯƠNG MAI - TRUNG TÂM ĐỐNG ĐAI – ÔTÔ ĐỖ CỬA – XE TẢI CÁCH 30M – GIÁ 11 TỶ, Đống Đa, Hà Nội, Việt Nam",NO_RESULT,,,,0,UNKNOWN,UNKNOWN,False,"PHƯƠNG MAI TRUNG TÂM ĐỐNG ĐAI XE TẢI CÁCH, Thành phố Hà Nội, Việt Nam",NO_RESULT,,,,0,UNKNOWN,UNKNOWN,False
196473,https://batdongsan.vn/ban-nha-tap-the-nguyen-phong-sac-cau-giay-dt-4890m-gia-555-ty-o-to-do-cua-r196473,Hà Nội,Cầu Giấy,unclear,title,"bán nhà tập thể nguyễn phong sắc cầu giấy DT 48/90m giá 5,55 tỷ ô tô đỗ cửa",tập thể nguyễn phong sắc cầu giấy DT 48/,"bán nhà tập thể nguyễn phong sắc cầu giấy DT 48/90m giá 5,55 tỷ ô tô đỗ cửa, Cầu Giấy, Hà Nội, Việt Nam",NO_RESULT,,,,0,UNKNOWN,UNKNOWN,False,"tập thể nguyễn phong sắc cầu giấy DT 48/, Thành phố Hà Nội, Việt Nam",NO_RESULT,,,,0,UNKNOWN,UNKNOWN,False
85599,https://batdongsan.vn/dam-nha-ra-oto-qua-tien-50m23t-tran-khat-chan-25-ty-r255767,Hà Nội,Hai Bà Trưng,unclear,title,Dăm nhà ra oto qua tiện 50m2*3T Trần Khát Chân 2.5 tỷ,Dăm nhà ra oto qua tiện *3T Trần Khát Chân,"Dăm nhà ra oto qua tiện 50m2*3T Trần Khát Chân 2.5 tỷ, Hai Bà Trưng, Hà Nội, Việt Nam",NO_RESULT,,,,0,UNKNOWN,UNKNOWN,False,"Dăm nhà ra oto qua tiện *3T Trần Khát Chân, Hai Bà Trưng, Thành phố Hà Nội, Việt Nam",NO_RESULT,,,,0,UNKNOWN,UNKNOWN,False
174627,https://batdongsan.vn/thach-ban-o-to-do-cua-36m-chi-54-ty-r174627,Hà Nội,Long Biên,unclear,title,Thạch Bàn - Ô tô đỗ cửa - 36m chỉ 5.4 tỷ,Thạch Bàn,"Thạch Bàn - Ô tô đỗ cửa - 36m chỉ 5.4 tỷ, Long Biên, Hà Nội, Việt Nam",NO_RESULT,,,,0,UNKNOWN,UNKNOWN,False,"Thạch Bàn, Long Biên, Thành phố Hà Nội, Việt Nam",EXACT_MATCH,21.0250979,105.9102468,"Thạch Bàn, Phường Long Biên, Thành phố Hà Nội, 11814, Việt Nam",1,ADMIN_MATCH,WARD,True
184940,https://batdongsan.vn/ban-nha-sieu-xinh-tdc-thuong-thanh-long-bien-40m-7-tang-gara-thang-may-nhinh-9-ty-tl-r184940,Hà Nội,Long Biên,unclear,title,Bán nhà siêu xinh TĐC thượng thanh Long Biên 40m 7 tầng Gara Thang máy nhỉnh 9 tỷ (TL),siêu xinh TĐC thượng thanh Long Biên Gara,"Bán nhà siêu xinh TĐC thượng thanh Long Biên 40m 7 tầng Gara Thang máy nhỉnh 9 tỷ (TL), Long Biên, Hà Nội, Việt Nam",NO_RESULT,,,,0,UNKNOWN,UNKNOWN,False,"siêu xinh TĐC thượng thanh Long Biên Gara, Thành phố Hà Nội, Việt Nam",NO_RESULT,,,,0,UNKNOWN,UNKNOWN,False
86397,https://batdongsan.vn/sieu-pham-van-quan-32m5t-nhinh-4-ty-nha-da-di-nang-r256565,Hà Nội,Hà Đông,unclear,title,"SIÊU PHẨM Văn Quán 32m*5t nhỉnh 4 tỷ, nhà đa di năng",Văn Quán *5t nhà đa di năng,"SIÊU PHẨM Văn Quán 32m*5t nhỉnh 4 tỷ, nhà đa di năng, Hà Đông, Hà Nội, Việt Nam",NO_RESULT,,,,0,UNKNOWN,UNKNOWN,False,"Văn Quán *5t nhà đa di năng, Hà Đông, Thành phố Hà Nội, Việt Nam",NO_RESULT,,,,0,UNKNOWN,UNKNOWN,False
117411,https://batdongsan.vn/building-co-nho-doc-ngu-120m2-7-tang-59-ty-r117411,Hà Nội,Ba Đình,unclear,title,Building cỡ nhỏ – Đốc Ngữ - 120m2 – 7 tầng – 59 tỷ,Building cỡ nhỏ Đốc Ngữ,"Building cỡ nhỏ – Đốc Ngữ - 120m2 – 7 tầng – 59 tỷ, Ba Đình, Hà Nội, Việt Nam",NO_RESULT,,,,0,UNKNOWN,UNKNOWN,False,"Building cỡ nhỏ Đốc Ngữ, Ba Đình, Thành phố Hà Nội, Việt Nam",NO_RESULT,,,,0,UNKNOWN,UNKNOWN,False
195288,https://batdongsan.vn/ban-nha-dong-tien-luong-khanh-thien-7-tang-thang-may-long-lanh-lo-goc-hoang-mai-r195288,Hà Nội,Hoàng Mai,unclear,title,Bán nhà dòng tiền lương khánh thiện 7 tầng thang máy long lanh lô góc hoàng mai,dòng tiền lương khánh thiện long lanh lô góc hoàng mai,"Bán nhà dòng tiền lương khánh thiện 7 tầng thang máy long lanh lô góc hoàng mai, Hoàng Mai, Hà Nội, Việt Nam",NO_RESULT,,,,0,UNKNOWN,UNKNOWN,False,"dòng tiền lương khánh thiện long lanh lô góc hoàng mai, Thành phố Hà Nội, Việt Nam",NO_RESULT,,,,0,UNKNOWN,UNKNOWN,False
81796,https://batdongsan.vn/ban-nha-lang-trung-lo-goc-vua-o-vua-cho-thue-o-to-chi-6-ty-lh-trang-0968588737-r251948,Hà Nội,Đống Đa,unclear,title,"Bán nhà Láng Trung lô góc, vừa ở vừa cho thuê, ô tô, chỉ 6 tỷ. LH Trang 0968588737.",Láng Trung lô góc vừa ở vừa cho thuê ô tô LH Trang 0968588737,"Bán nhà Láng Trung lô góc, vừa ở vừa cho thuê, ô tô, chỉ 6 tỷ. LH Trang 0968588737., Đống Đa, Hà Nội, Việt Nam",NO_RESULT,,,,0,UNKNOWN,UNKNOWN,False,"Láng Trung lô góc vừa ở vừa cho thuê ô tô LH Trang 0968588737, Đống Đa, Thành phố Hà Nội, Việt Nam",NO_RESULT,,,,0,UNKNOWN,UNKNOWN,False
90201,https://batdongsan.vn/ban-nha-vi-tri-dep-r260373,Hà Nội,Đống Đa,unclear,title,bán nhà vị trí đẹp,vị trí đẹp,"bán nhà vị trí đẹp, Đống Đa, Hà Nội, Việt Nam",NO_RESULT,,,,0,UNKNOWN,UNKNOWN,False,"vị trí đẹp, Đống Đa, Thành phố Hà Nội, Việt Nam",NO_RESULT,,,,0,UNKNOWN,UNKNOWN,False
107198,https://batdongsan.vn/ban-nha-lo-duc-hai-ba-trung-45m-4tang-2ngu-46ty-nha-moi-dep-hien-dai-r277392,Hà Nội,Hai Bà Trưng,unclear,title,"Bán Nhà Lò Đúc Hai Bà Trưng 45m 4Tầng 2Ngủ 4,6Tỷ Nhà Mới Đẹp Hiện Đại .",Lò Đúc Hai Bà Trưng 2Ngủ,"Bán Nhà Lò Đúc Hai Bà Trưng 45m 4Tầng 2Ngủ 4,6Tỷ Nhà Mới Đẹp Hiện Đại ., Hai Bà Trưng, Hà Nội, Việt Nam",NO_RESULT,,,,0,UNKNOWN,UNKNOWN,False,"Lò Đúc Hai Bà Trưng 2Ngủ, Thành phố Hà Nội, Việt Nam",NO_RESULT,,,,0,UNKNOWN,UNKNOWN,False
105457,https://batdongsan.vn/ban-nha-lo-goc-ngoc-lam-nguyen-van-cu-65m2-x-5tang-gara-full-noi-that-r275651,Hà Nội,Long Biên,unclear,title,"bán nhà lô góc Ngọc Lâm-Nguyễn Văn Cừ, 65m² x 5tầng, gara, full nội thất",lô góc Ngọc Lâm Nguyễn Văn Cừ 65m² x gara,"bán nhà lô góc Ngọc Lâm-Nguyễn Văn Cừ, 65m² x 5tầng, gara, full nội thất, Long Biên, Hà Nội, Việt Nam",NO_RESULT,,,,0,UNKNOWN,UNKNOWN,False,"lô góc Ngọc Lâm Nguyễn Văn Cừ 65m² x gara, Long Biên, Thành phố Hà Nội, Việt Nam",NO_RESULT,,,,0,UNKNOWN,UNKNOWN,False
163354,https://batdongsan.vn/so-phan-lo-via-he-menh-mong-tai-kham-thienkinh-doanh-sam-uat-52-m216-ty-2dong-tien-23trthang-r163354,Hà Nội,Đống Đa,unclear,title,"Sổ phân lô vỉa hè mênh mông tại Khâm Thiên,kinh doanh sầm uất 52 m2,16  tỷ 2,dòng tiên 23tr/tháng",Sổ vỉa hè mênh mông tại Khâm Thiên sầm uất 52 m2 dòng tiên,"Sổ phân lô vỉa hè mênh mông tại Khâm Thiên,kinh doanh sầm uất 52 m2,16  tỷ 2,dòng tiên 23tr/tháng, Đống Đa, Hà Nội, Việt Nam",NO_RESULT,,,,0,UNKNOWN,UNKNOWN,False,"Sổ vỉa hè mênh mông tại Khâm Thiên sầm uất 52 m2 dòng tiên, Đống Đa, Thành phố Hà Nội, Việt Nam",NO_RESULT,,,,0,UNKNOWN,UNKNOWN,False
110349,https://batdongsan.vn/ban-nha-dam-quang-trung-long-bien-40m2-6-tang-62-ty-thang-may-gara-oto-7-cho-r280543,Hà Nội,Long Biên,unclear,title,"Bán nhà Đàm Quang trung Long Biên 40m2 _ 6 tầng _ 6,2 tỷ thang máy GARa ôtô 7 chỗ",Đàm Quang trung Long Biên,"Bán nhà Đàm Quang trung Long Biên 40m2 _ 6 tầng _ 6,2 tỷ thang máy GARa ôtô 7 chỗ, Long Biên, Hà Nội, Việt Nam",NO_RESULT,,,,0,UNKNOWN,UNKNOWN,False,"Đàm Quang trung Long Biên, Thành phố Hà Nội, Việt Nam",STREET_MATCH,21.023341,105.8955504,"Ngõ 48 Phố Đàm Quang Trung, Nha, Phường Long Biên, Thành phố Hà Nội, 11814, Việt Nam",5,ADMIN_MATCH,STREET,True
155793,https://batdongsan.vn/chinh-chu-can-ban-gap-nha-dep-tai-hoang-mai-minh-khai-hai-ba-trung-ha-noi-8-x-ty-50-m2-r155793,Hà Nội,Hai Bà Trưng,unclear,title,"Chính chủ cần bán gấp nhà đẹp tại Hoàng Mai, Minh Khai, Hai Bà Trưng, Hà Nội, 8, x tỷ, 50 m2",cần bán gấp tại Hoàng Mai Minh Khai Hai Bà Trưng Hà Nội 8 x tỷ 50 m2,"Chính chủ cần bán gấp nhà đẹp tại Hoàng Mai, Minh Khai, Hai Bà Trưng, Hà Nội, 8, x tỷ, 50 m2, Hai Bà Trưng, Hà Nội, Việt Nam",NO_RESULT,,,,0,UNKNOWN,UNKNOWN,False,"cần bán gấp tại Hoàng Mai Minh Khai Hai Bà Trưng Hà Nội 8 x tỷ 50 m2, Việt Nam",NO_RESULT,,,,0,UNKNOWN,UNKNOWN,False
124771,https://batdongsan.vn/can-ban-nhanh-nha-ngoc-thuy-long-bien-40m2-6-tang-thang-may-3pn-full-noi-that-gia-tot-r124771,Hà Nội,Long Biên,unclear,title,"Cần Bán Nhanh! Nhà Ngọc Thụy Long Biên, 40m², 6 Tầng, Thang máy, 3PN, Full nội thất, giá tốt!",Cần Bán Nhanh Nhà Ngọc Thụy Long Biên 40m² giá tốt,"Cần Bán Nhanh! Nhà Ngọc Thụy Long Biên, 40m², 6 Tầng, Thang máy, 3PN, Full nội thất, giá tốt!, Long Biên, Hà Nội, Việt Nam",NO_RESULT,,,,0,UNKNOWN,UNKNOWN,False,"Cần Bán Nhanh Nhà Ngọc Thụy Long Biên 40m² giá tốt, Thành phố Hà Nội, Việt Nam",NO_RESULT,,,,0,UNKNOWN,UNKNOWN,False
151625,https://batdongsan.vn/nhanh-tay-moi-kip-kham-thien-46-m-3-tang-4-phong-ngu-nha-moi-thoang-dep-cach-o-to-dung-20-r151625,Hà Nội,Đống Đa,unclear,title,"Nhanh Tay mới kịp. Khâm Thiên 46 m, 3 tầng, 4 phòng ngủ, nhà mới, thoáng đẹp, cách ô tô đúng 20",Nhanh Tay mới kịp Khâm Thiên 46 m 4 phòng ngủ thoáng đẹp cách ô tô đúng 20,"Nhanh Tay mới kịp. Khâm Thiên 46 m, 3 tầng, 4 phòng ngủ, nhà mới, thoáng đẹp, cách ô tô đúng 20, Đống Đa, Hà Nội, Việt Nam",NO_RESULT,,,,0,UNKNOWN,UNKNOWN,False,"Nhanh Tay mới kịp Khâm Thiên 46 m 4 phòng ngủ thoáng đẹp cách ô tô đúng 20, Đống Đa, Thành phố Hà Nội, Việt Nam",NO_RESULT,,,,0,UNKNOWN,UNKNOWN,False
93523,https://batdongsan.vn/ban-nha-quan-cau-giay-gia-re-2023-r263698,Hà Nội,Quận Cầu Giấy,unclear,description,bán nhà quận cầu giấy giá rẻ 2023,quận cầu giấy giá rẻ 2023,"bán nhà quận cầu giấy giá rẻ 2023, Quận Cầu Giấy, Hà Nội, Việt Nam",NO_RESULT,,,,0,UNKNOWN,UNKNOWN,False,"quận cầu giấy giá rẻ 2023, Thành phố Hà Nội, Việt Nam",NO_RESULT,,,,0,UNKNOWN,UNKNOWN,False
80180,https://batdongsan.vn/ban-nha-truong-dinh-35m2-x-5-tang-mt-4mchi-355-tr-r250326,Hà Nội,Hoàng Mai,unclear,dedicated_address,"đắc địa nằm trên KV phát triển, nhiều tiện ích, kết nối giao thông thuận tiện,an ninh tuyệt vời",đắc địa nằm trên KV phát triển nhiều tiện ích kết nối giao thông thuận tiện an ninh tuyệt vời,"đắc địa nằm trên KV phát triển, nhiều tiện ích, kết nối giao thông thuận tiện,an ninh tuyệt vời, Hoàng Mai, Hà Nội, Việt Nam",NO_RESULT,,,,0,UNKNOWN,UNKNOWN,False,"đắc địa nằm trên KV phát triển nhiều tiện ích kết nối giao thông thuận tiện an ninh tuyệt vời, Hoàng Mai, Thành phố Hà Nội, Việt Nam",NO_RESULT,,,,0,UNKNOWN,UNKNOWN,False
80704,https://batdongsan.vn/ban-nha-dinh-cong-thuong-hoang-mai-32m-5tang-gia-con-lau-moi-den-4ty-r250855,Hà Nội,Hoàng Mai,unclear,title,"Bán nhà Định Công Thượng, Hoàng Mai 32m 5Tầng giá còn lâu mới đến 4Tỷ",Định Công Thượng Hoàng Mai giá còn lâu mới đến,"Bán nhà Định Công Thượng, Hoàng Mai 32m 5Tầng giá còn lâu mới đến 4Tỷ, Hoàng Mai, Hà Nội, Việt Nam",NO_RESULT,,,,0,UNKNOWN,UNKNOWN,False,"Định Công Thượng Hoàng Mai giá còn lâu mới đến, Thành phố Hà Nội, Việt Nam",NO_RESULT,,,,0,UNKNOWN,UNKNOWN,False
87529,https://batdongsan.vn/ban-nha-ha-dong-ha-noi-o-to-do-cua-dien-tich-rong-52m2-gia-35-ty-r257697,Hà Nội,Hà Đông,unclear,title,"Bán nhà Hà Đông – Hà Nội; Ô tô đỗ cửa, diện tích rộng; 52m2 Giá 3.5 tỷ.",Hà Đông Hà Nội diện tích rộng,"Bán nhà Hà Đông – Hà Nội; Ô tô đỗ cửa, diện tích rộng; 52m2 Giá 3.5 tỷ., Hà Đông, Hà Nội, Việt Nam",NO_RESULT,,,,0,UNKNOWN,UNKNOWN,False,"Hà Đông Hà Nội diện tích rộng, Việt Nam",NO_RESULT,,,,0,UNKNOWN,UNKNOWN,False
146895,https://batdongsan.vn/ban-nha-dam-quang-trung-6-tang-thang-maygara-o-tofull-noi-that-chi-106-ty-r146895,Hà Nội,Long Biên,unclear,title,"Bán nhà Đàm Quang Trung 6 tầng thang máy,gara ô tô,full nội thất chỉ 10,6 tỷ",Đàm Quang Trung gara ô tô,"Bán nhà Đàm Quang Trung 6 tầng thang máy,gara ô tô,full nội thất chỉ 10,6 tỷ, Long Biên, Hà Nội, Việt Nam",NO_RESULT,,,,0,UNKNOWN,UNKNOWN,False,"Đàm Quang Trung gara ô tô, Long Biên, Thành phố Hà Nội, Việt Nam",NO_RESULT,,,,0,UNKNOWN,UNKNOWN,False
112823,https://batdongsan.vn/duong-noi-ha-dong-dt-35m2-lo-goc-no-hau-aeon-ha-dong-chi-hon-2-ty-r283017,Hà Nội,Hà Đông,unclear,title,"Dương Nội - Hà Đông: Dt 35m2 - lô góc - Nở hậu - Aeon Hà Đông, chỉ hơn 2 tỷ",Dương Nội Hà Đông lô góc Nở hậu Aeon Hà Đông,"Dương Nội - Hà Đông: Dt 35m2 - lô góc - Nở hậu - Aeon Hà Đông, chỉ hơn 2 tỷ, Hà Đông, Hà Nội, Việt Nam",NO_RESULT,,,,0,UNKNOWN,UNKNOWN,False,"Dương Nội Hà Đông lô góc Nở hậu Aeon Hà Đông, Thành phố Hà Nội, Việt Nam",NO_RESULT,,,,0,UNKNOWN,UNKNOWN,False
175839,https://batdongsan.vn/nhinh-11-ty-nha-phan-lo-qd-lo-goc-khu-vu-tong-phan-nga-tu-so-oto-4-cho-do-cua-15m-ra-oto-tai-r175839,Hà Nội,Thanh Xuân,unclear,title,"Nhỉnh 11 tỷ! Nhà phân lô QĐ, lô góc khu Vũ Tông Phan, Ngã Tư Sở, ôtô 4 chỗ đỗ cửa. 15m ra ôtô tải",Nhà QĐ lô góc khu Vũ Tông Phan Ngã Tư Sở ôtô 4 chỗ đỗ cửa ra ôtô tải,"Nhỉnh 11 tỷ! Nhà phân lô QĐ, lô góc khu Vũ Tông Phan, Ngã Tư Sở, ôtô 4 chỗ đỗ cửa. 15m ra ôtô tải, Thanh Xuân, Hà Nội, Việt Nam",NO_RESULT,,,,0,UNKNOWN,UNKNOWN,False,"Nhà QĐ lô góc khu Vũ Tông Phan Ngã Tư Sở ôtô 4 chỗ đỗ cửa ra ôtô tải, Thanh Xuân, Thành phố Hà Nội, Việt Nam",NO_RESULT,,,,0,UNKNOWN,UNKNOWN,False
90667,https://batdongsan.vn/ban-nha-97m2-f361-an-duong-tay-ho-o-to-tranh-kinh-doanh-99-ty-r260839,Hà Nội,Tây Hồ,unclear,title,"Bán nhà 97m2 F361 An Dương, Tây Hồ Ô tô tránh Kinh doanh 9.9 tỷ",F361 An Dương Tây Hồ,"Bán nhà 97m2 F361 An Dương, Tây Hồ Ô tô tránh Kinh doanh 9.9 tỷ, Tây Hồ, Hà Nội, Việt Nam",NO_RESULT,,,,0,UNKNOWN,UNKNOWN,False,"F361 An Dương Tây Hồ, Thành phố Hà Nội, Việt Nam",STREET_MATCH,21.0497878,105.8067437,"Agribank, Ngõ 61 Đường Lạc Long Quân, Làng Tân (Tiên Thượng), Kẻ Bưởi, Phường Tây Hồ, Thành phố Hà Nội, 11214, Việt Nam",5,ADMIN_MATCH,UNKNOWN,False
182403,https://batdongsan.vn/ban-38m-dat-tang-nha-cap-4-nhat-tao-dong-ngac-sat-cipucha-15-ty-r182403,Hà Nội,Bắc Từ Liêm,unclear,title,Bán 38m đất tặng nhà cấp 4 Nhật Tảo- Đông Ngạc- sát CIPUCHA- 1.5 tỷ,tặng nhà cấp 4 Nhật Tảo Đông Ngạc sát CIPUCHA,"Bán 38m đất tặng nhà cấp 4 Nhật Tảo- Đông Ngạc- sát CIPUCHA- 1.5 tỷ, Bắc Từ Liêm, Hà Nội, Việt Nam",NO_RESULT,,,,0,UNKNOWN,UNKNOWN,False,"tặng nhà cấp 4 Nhật Tảo Đông Ngạc sát CIPUCHA, Bắc Từ Liêm, Thành phố Hà Nội, Việt Nam",NO_RESULT,,,,0,UNKNOWN,UNKNOWN,False
100821,https://batdongsan.vn/ban-nha-tinh-lo-10-binh-tan-hxh-84m2-2-tang-btct-kinh-doanh-nhinh-5-ty-tl-r271004,Hồ Chí Minh,Bình Tân,alley_or_lane,title,"Bán nhà Tỉnh Lộ 10 Bình Tân HXH 84m2, 2 tầng BTCT, KINH DOANH, nhỉnh 5 tỷ TL",Tỉnh Lộ 10 Bình Tân Hẻm BTCT,"Bán nhà Tỉnh Lộ 10 Bình Tân HXH 84m2, 2 tầng BTCT, KINH DOANH, nhỉnh 5 tỷ TL, Bình Tân, Hồ Chí Minh, Việt Nam",NO_RESULT,,,,0,UNKNOWN,UNKNOWN,False,"Tỉnh Lộ 10 Bình Tân Hẻm BTCT, Thành phố Hồ Chí Minh, Việt Nam",NO_RESULT,,,,0,UNKNOWN,UNKNOWN,False
104297,https://batdongsan.vn/qua-re-chi-duoi-3-ty-day-du-cong-nang-ngay-gan-cho-hiep-binh-hem-xe-hoi-r274491,Hồ Chí Minh,Thủ Đức,alley_or_lane,title,HẺM XE HƠI,Hẻm,"HẺM XE HƠI, Thủ Đức, Hồ Chí Minh, Việt Nam",NO_RESULT,,,,0,UNKNOWN,UNKNOWN,False,"Hẻm, Thủ Đức, Thành phố Hồ Chí Minh, Việt Nam",STREET_MATCH,10.8353562,106.7514987,"Hẻm 210 Đường Số 11, Khu phố 36, Phường Thủ Đức, Thành phố Hồ Chí Minh, 71319, Việt Nam",5,ADMIN_MATCH,STREET,True
152347,https://batdongsan.vn/c176-nha-2-tang-hxh-san-thu-nhap-13trthang-chi-hon-3-ty-r152347,Hồ Chí Minh,Quận 7,alley_or_lane,title,C176 🔥 Nhà 2 tầng HXH  – sẵn thu nhập 13tr/tháng – Chỉ hơn 3 tỷ !!!,C176 Nhà Hẻm,"C176 🔥 Nhà 2 tầng HXH  – sẵn thu nhập 13tr/tháng – Chỉ hơn 3 tỷ !!!, Quận 7, Hồ Chí Minh, Việt Nam",NO_RESULT,,,,0,UNKNOWN,UNKNOWN,False,"C176 Nhà Hẻm, Quận 7, Thành phố Hồ Chí Minh, Việt Nam",NO_RESULT,,,,0,UNKNOWN,UNKNOWN,False
96475,https://batdongsan.vn/hxh-nguyen-xi-3-lau-45x10-61-ty-p13-binh-thanh-r266653,Hồ Chí Minh,Bình Thạnh,alley_or_lane,title,"Hxh Nguyễn Xí 3 lầu 4,5x10 6.1 tỷ P13 Bình Thạnh",Hẻm Nguyễn Xí 4,"Hxh Nguyễn Xí 3 lầu 4,5x10 6.1 tỷ P13 Bình Thạnh, Bình Thạnh, Hồ Chí Minh, Việt Nam",NO_RESULT,,,,0,UNKNOWN,UNKNOWN,False,"Hẻm Nguyễn Xí 4, Bình Thạnh, Thành phố Hồ Chí Minh, Việt Nam",STREET_MATCH,10.8145243,106.7062269,"Hẻm 201 Đường Nguyễn Xí, Khu phố 43, Phường Bình Thạnh, Thành phố Hồ Chí Minh, 72309, Việt Nam",5,ADMIN_MATCH,STREET,True
117956,https://batdongsan.vn/binh-thanh-nguyen-van-dau-hem-xe-hoi-thong-tu-tung-qua-cho-hoang-hoa-tham-ngang-4m-khu-dan-cu-r117956,Hồ Chí Minh,Bình Thạnh,alley_or_lane,title,HẺM XE HƠI THÔNG TỨ TUNG QUA CHỢ HOÀNG HOA THÁM,Hẻm THÔNG TỨ TUNG QUA CHỢ HOÀNG HOA THÁM,"HẺM XE HƠI THÔNG TỨ TUNG QUA CHỢ HOÀNG HOA THÁM, Bình Thạnh, Hồ Chí Minh, Việt Nam",NO_RESULT,,,,0,UNKNOWN,UNKNOWN,False,"Hẻm THÔNG TỨ TUNG QUA CHỢ HOÀNG HOA THÁM, Bình Thạnh, Thành phố Hồ Chí Minh, Việt Nam",NO_RESULT,,,,0,UNKNOWN,UNKNOWN,False
185030,https://batdongsan.vn/ban-nha-3-tang-nghia-phat-vuong-vuc-hem-3m-hon-2-ty-r185030,Hồ Chí Minh,Tân Bình,alley_or_lane,title,hẻm 3m,hẻm,"hẻm 3m, Tân Bình, Hồ Chí Minh, Việt Nam",STREET_MATCH,10.7983563,106.6463241,"Hẻm 17 Đường Hoàng Hoa Thám, Khu phố 21, Phường Tân Bình, Thành phố Hồ Chí Minh, 72110, Việt Nam",5,ADMIN_MATCH,STREET,True,"hẻm, Tân Bình, Thành phố Hồ Chí Minh, Việt Nam",STREET_MATCH,10.8054053,106.6382907,"Hẻm 622 Cộng Hòa, Khu phố 2, Phường Tân Bình, Thành phố Hồ Chí Minh, 72110, Việt Nam",5,ADMIN_MATCH,STREET,True
112210,https://batdongsan.vn/ban-nha-le-van-sy-hxh-4x85m-nha-2-tang-moi-dep-4x-ty-r282404,Hồ Chí Minh,Phú Nhuận,alley_or_lane,title,"Bán Nhà Lê Văn Sỹ, HXH, 4x8,5m, nhà 2 tầng mới đẹp, 4.x Tỷ",Lê Văn Sỹ Hẻm đẹp 4 x Tỷ,"Bán Nhà Lê Văn Sỹ, HXH, 4x8,5m, nhà 2 tầng mới đẹp, 4.x Tỷ, Phú Nhuận, Hồ Chí Minh, Việt Nam",NO_RESULT,,,,0,UNKNOWN,UNKNOWN,False,"Lê Văn Sỹ Hẻm đẹp 4 x Tỷ, Phú Nhuận, Thành phố Hồ Chí Minh, Việt Nam",EXACT_MATCH,10.7954498,106.6754705,"Phường Phú Nhuận, Thành phố Hồ Chí Minh, 72221, Việt Nam",1,ADMIN_MATCH,WARD,True
86070,https://batdongsan.vn/sieu-re-chi-72trmv-gap-ban-nha-hxh-d5-p25-binh-thanh-130m2-nhinh-9-ty-r256238,Hồ Chí Minh,Bình Thạnh,alley_or_lane,title,"SIÊU Rẻ chỉ 72tr.Mv Gấp bán nhà HXH D5 P25 Bình Thạnh 130m2, nhỉnh 9 tỷ",SIÊU Rẻ chỉ,"SIÊU Rẻ chỉ 72tr.Mv Gấp bán nhà HXH D5 P25 Bình Thạnh 130m2, nhỉnh 9 tỷ, Bình Thạnh, Hồ Chí Minh, Việt Nam",NO_RESULT,,,,0,UNKNOWN,UNKNOWN,False,"SIÊU Rẻ chỉ, Bình Thạnh, Thành phố Hồ Chí Minh, Việt Nam",NO_RESULT,,,,0,UNKNOWN,UNKNOWN,False
183384,https://batdongsan.vn/nha-2-lau-hem-xe-hoi-ngo-chi-quoc-binh-chieu-thu-duc-r183384,Hồ Chí Minh,Thủ Đức,alley_or_lane,title,HẺM XE HƠI NGÔ CHÍ QUỐC,Hẻm NGÔ CHÍ QUỐC,"HẺM XE HƠI NGÔ CHÍ QUỐC, Thủ Đức, Hồ Chí Minh, Việt Nam",NO_RESULT,,,,0,UNKNOWN,UNKNOWN,False,"Hẻm NGÔ CHÍ QUỐC, Thủ Đức, Thành phố Hồ Chí Minh, Việt Nam",NO_RESULT,,,,0,UNKNOWN,UNKNOWN,False
116836,https://batdongsan.vn/ban-nha-binh-thanh-hiem-45m2-no-hau-hem-thong-chi-4-ty-le-r116836,Hồ Chí Minh,Bình Thạnh,alley_or_lane,title,HẺM THÔNG – CHỈ 4 TỶ LẺ,HẺM THÔNG LẺ,"HẺM THÔNG – CHỈ 4 TỶ LẺ, Bình Thạnh, Hồ Chí Minh, Việt Nam",NO_RESULT,,,,0,UNKNOWN,UNKNOWN,False,"HẺM THÔNG LẺ, Bình Thạnh, Thành phố Hồ Chí Minh, Việt Nam",NO_RESULT,,,,0,UNKNOWN,UNKNOWN,False
136406,https://batdongsan.vn/ban-nha-hxh-phan-van-tri-4x10-2-mat-hem-gan-ba-chieu-hon-6-ti-r136406,Hồ Chí Minh,Bình Thạnh,alley_or_lane,title,Hẻm Gần Bà Chiểu Hơn 6 Tỉ,Hẻm Gần Bà Chiểu Hơn,"Hẻm Gần Bà Chiểu Hơn 6 Tỉ, Bình Thạnh, Hồ Chí Minh, Việt Nam",NO_RESULT,,,,0,UNKNOWN,UNKNOWN,False,"Hẻm Gần Bà Chiểu Hơn, Bình Thạnh, Thành phố Hồ Chí Minh, Việt Nam",NO_RESULT,,,,0,UNKNOWN,UNKNOWN,False
195837,https://batdongsan.vn/biet-thu-tret-lau-cuc-dep-hem-1-quan-ca-phe-osaka-68-duong-ta16-quan-12-gia-tot-r195837,Hồ Chí Minh,Quận 12,alley_or_lane,title,"hẻm 1/ quán cà phê Osaka (68) đường TA16, Quận 12 giá tốt",hẻm 1/ quán cà phê Osaka 68 đường TA16 Quận 12 giá tốt,"hẻm 1/ quán cà phê Osaka (68) đường TA16, Quận 12 giá tốt, Quận 12, Hồ Chí Minh, Việt Nam",NO_RESULT,,,,0,UNKNOWN,UNKNOWN,False,"hẻm 1/ quán cà phê Osaka 68 đường TA16 Quận 12 giá tốt, Thành phố Hồ Chí Minh, Việt Nam",NO_RESULT,,,,0,UNKNOWN,UNKNOWN,False
85484,https://batdongsan.vn/hem-7m-xe-hoi-ngu-trong-nha-4-tang-btct-5pn-so-vuong-a4-75m2-chi-67-ty-r255649,Hồ Chí Minh,Bình Tân,alley_or_lane,title,HẺM 7M - XE HƠI NGỦ TRONG NHÀ - 4 TẦNG BTCT - 5PN - SỔ VUÔNG A4 - 75M2 - CHỈ 6,HẺM XE HƠI NGỦ TRONG NHÀ BTCT SỔ VUÔNG A4 CHỈ 6,"HẺM 7M - XE HƠI NGỦ TRONG NHÀ - 4 TẦNG BTCT - 5PN - SỔ VUÔNG A4 - 75M2 - CHỈ 6, Bình Tân, Hồ Chí Minh, Việt Nam",NO_RESULT,,,,0,UNKNOWN,UNKNOWN,False,"HẺM XE HƠI NGỦ TRONG NHÀ BTCT SỔ VUÔNG A4 CHỈ 6, Bình Tân, Thành phố Hồ Chí Minh, Việt Nam",NO_RESULT,,,,0,UNKNOWN,UNKNOWN,False
106604,https://batdongsan.vn/nha-moi-3-tang-hem-xe-hoi-noi-that-day-du-nhinh-5-ty-r276798,Hồ Chí Minh,Gò Vấp,alley_or_lane,title,HẺM XE HƠI – NỘI THẤT ĐẦY ĐỦ - NHỈNH 5 TỶ,Hẻm,"HẺM XE HƠI – NỘI THẤT ĐẦY ĐỦ - NHỈNH 5 TỶ, Gò Vấp, Hồ Chí Minh, Việt Nam",NO_RESULT,,,,0,UNKNOWN,UNKNOWN,False,"Hẻm, Gò Vấp, Thành phố Hồ Chí Minh, Việt Nam",STREET_MATCH,10.8354121,106.680257,"Hẻm 145 Lê Đức Thọ, Khu phố 18, Phường Gò Vấp, Thành phố Hồ Chí Minh, 71400, Việt Nam",5,ADMIN_MATCH,STREET,True
133649,https://batdongsan.vn/hem-6m-1-truc-gan-mat-tien-le-van-tho-90m2-dong-tien-60trthang-chi-hon-8-ty-r133649,Hồ Chí Minh,Gò Vấp,alley_or_lane,dedicated_address,"hẻm nhựa 6M 1 trục thẳng tắp gần mặt tiền đường, cách công viên Làng Hoa 300m, ra sân bay chỉ 15p",hẻm nhựa 1 trục thẳng tắp gần đường cách công viên Làng Hoa ra sân bay chỉ 15p,"hẻm nhựa 6M 1 trục thẳng tắp gần mặt tiền đường, cách công viên Làng Hoa 300m, ra sân bay chỉ 15p, Gò Vấp, Hồ Chí Minh, Việt Nam",NO_RESULT,,,,0,UNKNOWN,UNKNOWN,False,"hẻm nhựa 1 trục thẳng tắp gần đường cách công viên Làng Hoa ra sân bay chỉ 15p, Gò Vấp, Thành phố Hồ Chí Minh, Việt Nam",NO_RESULT,,,,0,UNKNOWN,UNKNOWN,False
156560,https://batdongsan.vn/hem-xe-hoi-tan-ky-tan-quy-son-ky-sat-dh-cong-thuong-2-tang-75m2-chi-539-ty-tl-r156560,Hồ Chí Minh,Tân Phú,alley_or_lane,title,HẺM XE HƠI TÂN KỲ TÂN QUÝ - SƠN KỲ - SÁT ĐH CÔNG THƯƠNG - 2 TẦNG 75M2 CHỈ 5.39 TỶ TL,Hẻm TÂN KỲ TÂN QUÝ SƠN KỲ SÁT ĐH CÔNG THƯƠNG,"HẺM XE HƠI TÂN KỲ TÂN QUÝ - SƠN KỲ - SÁT ĐH CÔNG THƯƠNG - 2 TẦNG 75M2 CHỈ 5.39 TỶ TL, Tân Phú, Hồ Chí Minh, Việt Nam",NO_RESULT,,,,0,UNKNOWN,UNKNOWN,False,"Hẻm TÂN KỲ TÂN QUÝ SƠN KỲ SÁT ĐH CÔNG THƯƠNG, Tân Phú, Thành phố Hồ Chí Minh, Việt Nam",NO_RESULT,,,,0,UNKNOWN,UNKNOWN,False
91699,https://batdongsan.vn/hxh-6m-le-duc-tho-4x12-53-ty-p15-go-vap-r261873,Hồ Chí Minh,Gò Vấp,alley_or_lane,title,"Hxh 6m Lê Đức Thọ 4x12 5,3 tỷ P15 Gò Vấp",Hẻm Lê Đức Thọ,"Hxh 6m Lê Đức Thọ 4x12 5,3 tỷ P15 Gò Vấp, Gò Vấp, Hồ Chí Minh, Việt Nam",NO_RESULT,,,,0,UNKNOWN,UNKNOWN,False,"Hẻm Lê Đức Thọ, Gò Vấp, Thành phố Hồ Chí Minh, Việt Nam",NO_RESULT,,,,0,UNKNOWN,UNKNOWN,False
92021,https://batdongsan.vn/nha-hem-xe-hoi-da-giam-100tr-gia-chao-moi-3-ty-r262196,Hồ Chí Minh,Quận 9,alley_or_lane,title,HẺM XE HƠI ĐÃ GIẢM 100TR GIÁ CHÀO MỚI 3 TỶ,Hẻm ĐÃ GIẢM,"HẺM XE HƠI ĐÃ GIẢM 100TR GIÁ CHÀO MỚI 3 TỶ, Quận 9, Hồ Chí Minh, Việt Nam",NO_RESULT,,,,0,UNKNOWN,UNKNOWN,False,"Hẻm ĐÃ GIẢM, Quận 9, Thành phố Hồ Chí Minh, Việt Nam",NO_RESULT,,,,0,UNKNOWN,UNKNOWN,False
128169,https://batdongsan.vn/sieu-hiem-quan-5-hem-xe-hoi-nguyen-trai-ngay-nga-4-tran-binh-trong-r128169,Hồ Chí Minh,Quận 5,alley_or_lane,title,HẺM XE HƠI NGUYỄN TRÃI NGAY NGÃ 4 TRẦN BÌNH TRỌNG,Hẻm NGUYỄN TRÃI NGAY NGÃ 4 TRẦN BÌNH TRỌNG,"HẺM XE HƠI NGUYỄN TRÃI NGAY NGÃ 4 TRẦN BÌNH TRỌNG, Quận 5, Hồ Chí Minh, Việt Nam",NO_RESULT,,,,0,UNKNOWN,UNKNOWN,False,"Hẻm NGUYỄN TRÃI NGAY NGÃ 4 TRẦN BÌNH TRỌNG, Quận 5, Thành phố Hồ Chí Minh, Việt Nam",NO_RESULT,,,,0,UNKNOWN,UNKNOWN,False
150381,https://batdongsan.vn/hem-xe-hoi-thong-dt-52m2-x-2tang-x-ngang-4m-quang-trung-p14-go-vap-chi-52-ty-r150381,Hồ Chí Minh,Gò Vấp,alley_or_lane,title,HẺM XE HƠI THÔNG DT 52M2 x 2TẦNG x NGANG 4M,Hẻm THÔNG x x,"HẺM XE HƠI THÔNG DT 52M2 x 2TẦNG x NGANG 4M, Gò Vấp, Hồ Chí Minh, Việt Nam",NO_RESULT,,,,0,UNKNOWN,UNKNOWN,False,"Hẻm THÔNG x x, Gò Vấp, Thành phố Hồ Chí Minh, Việt Nam",NO_RESULT,,,,0,UNKNOWN,UNKNOWN,False
88558,https://batdongsan.vn/hxh-phan-van-tri-2-lau-5x17-67-ty-p5-go-vap-r258728,Hồ Chí Minh,Gò Vấp,alley_or_lane,title,Hxh Phan Văn Trị 2 lầu 5x17 6.7 tỷ P5 Gò Vấp,Hẻm Phan Văn Trị,"Hxh Phan Văn Trị 2 lầu 5x17 6.7 tỷ P5 Gò Vấp, Gò Vấp, Hồ Chí Minh, Việt Nam",NO_RESULT,,,,0,UNKNOWN,UNKNOWN,False,"Hẻm Phan Văn Trị, Gò Vấp, Thành phố Hồ Chí Minh, Việt Nam",NO_RESULT,,,,0,UNKNOWN,UNKNOWN,False
177284,https://batdongsan.vn/ban-gap-nha-hem-xe-hoi-tt-nha-be-170m2-nhinh-6-ty-r177284,Hồ Chí Minh,Nhà Bè,alley_or_lane,title,HẺM XE HƠI- TT NHÀ BÈ-170M2- NHỈNH 6 TỶ,Hẻm TT NHÀ BÈ,"HẺM XE HƠI- TT NHÀ BÈ-170M2- NHỈNH 6 TỶ, Nhà Bè, Hồ Chí Minh, Việt Nam",NO_RESULT,,,,0,UNKNOWN,UNKNOWN,False,"Hẻm TT NHÀ BÈ, Thành phố Hồ Chí Minh, Việt Nam",STREET_MATCH,10.6793079,106.7541553,"Hẻm 2637 Huỳnh Tấn Phát, Ấp 11, Xã Nhà Bè, Thành phố Hồ Chí Minh, 73206, Việt Nam",5,ADMIN_MATCH,STREET,True
83458,https://batdongsan.vn/can-ban-nha-hem-huynh-tan-phat-phu-thuan-quan-7-38m2-r253618,Hồ Chí Minh,Quận 7,alley_or_lane,title,hẻm Huỳnh Tấn Phát – Phú Thuận - Quận 7 – 38m2,hẻm Huỳnh Tấn Phát Phú Thuận Quận 7,"hẻm Huỳnh Tấn Phát – Phú Thuận - Quận 7 – 38m2, Quận 7, Hồ Chí Minh, Việt Nam",NO_RESULT,,,,0,UNKNOWN,UNKNOWN,False,"hẻm Huỳnh Tấn Phát Phú Thuận Quận 7, Thành phố Hồ Chí Minh, Việt Nam",NO_RESULT,,,,0,UNKNOWN,UNKNOWN,False
131461,https://batdongsan.vn/ban-nha-2-tang-nguyen-van-khoi-hem-31m-p9-go-vap-nhinh-3-ty-r131461,Hồ Chí Minh,Gò Vấp,alley_or_lane,title,HẺM 3.1M,HẺM 3,"HẺM 3.1M, Gò Vấp, Hồ Chí Minh, Việt Nam",STREET_MATCH,10.8378428,106.6738719,"Hẻm 209/3 Nguyễn Văn Lượng, Khu phố 11, Phường Gò Vấp, Thành phố Hồ Chí Minh, 70048, Việt Nam",5,ADMIN_MATCH,STREET,True,"HẺM 3, Gò Vấp, Thành phố Hồ Chí Minh, Việt Nam",STREET_MATCH,10.8378428,106.6738719,"Hẻm 209/3 Nguyễn Văn Lượng, Khu phố 11, Phường Gò Vấp, Thành phố Hồ Chí Minh, 70048, Việt Nam",5,ADMIN_MATCH,STREET,True
157644,https://batdongsan.vn/mat-tien-vip-tan-binh-duong-nhua-12m-120m2-2-mat-hem-chi-hon-13-ty-r157644,Hồ Chí Minh,Tân Bình,alley_or_lane,title,MẶT TIỀN VIP TÂN BÌNH – ĐƯỜNG NHỰA 12M – 120M2 – 2 MẶT HẺM – CHỈ HƠN 13 TỶ,VIP TÂN BÌNH ĐƯỜNG NHỰA 2 MẶT HẺM,"MẶT TIỀN VIP TÂN BÌNH – ĐƯỜNG NHỰA 12M – 120M2 – 2 MẶT HẺM – CHỈ HƠN 13 TỶ, Tân Bình, Hồ Chí Minh, Việt Nam",NO_RESULT,,,,0,UNKNOWN,UNKNOWN,False,"VIP TÂN BÌNH ĐƯỜNG NHỰA 2 MẶT HẺM, Thành phố Hồ Chí Minh, Việt Nam",NO_RESULT,,,,0,UNKNOWN,UNKNOWN,False
189389,https://batdongsan.vn/vi-tri-vang-ban-nha-2-tang-40m2-so-hong-hem-doc-lap-tan-phu-chi-58-ty-goi-r189389,Hồ Chí Minh,Tân Phú,alley_or_lane,title,hẻm Độc Lập,hẻm Độc Lập,"hẻm Độc Lập, Tân Phú, Hồ Chí Minh, Việt Nam",NO_RESULT,,,,0,UNKNOWN,UNKNOWN,False,"hẻm Độc Lập, Tân Phú, Thành phố Hồ Chí Minh, Việt Nam",NO_RESULT,,,,0,UNKNOWN,UNKNOWN,False
170691,https://batdongsan.vn/chi-1-ty-hon-binh-thanh-hem-8m-so-hong-rieng-r170691,Hồ Chí Minh,Bình Thạnh,alley_or_lane,title,HẺM 8M - SỔ HỒNG RIÊNG 🥹,HẺM SỔ HỒNG RIÊNG 🥹,"HẺM 8M - SỔ HỒNG RIÊNG 🥹, Bình Thạnh, Hồ Chí Minh, Việt Nam",NO_RESULT,,,,0,UNKNOWN,UNKNOWN,False,"HẺM SỔ HỒNG RIÊNG 🥹, Bình Thạnh, Thành phố Hồ Chí Minh, Việt Nam",NO_RESULT,,,,0,UNKNOWN,UNKNOWN,False
151085,https://batdongsan.vn/ban-nha-109-hxh-gan-lac-long-quan-tan-binh-2-lau-nhinh-5-ty-r151085,Hồ Chí Minh,Tân Bình,alley_or_lane,title,"Bán nhà 10*9, HXH, gần Lạc Long Quân, Tân Bình, 2 lầu, nhỉnh 5 tỷ",Hẻm gần Lạc Long Quân Tân Bình,"Bán nhà 10*9, HXH, gần Lạc Long Quân, Tân Bình, 2 lầu, nhỉnh 5 tỷ, Tân Bình, Hồ Chí Minh, Việt Nam",NO_RESULT,,,,0,UNKNOWN,UNKNOWN,False,"Hẻm gần Lạc Long Quân Tân Bình, Thành phố Hồ Chí Minh, Việt Nam",NO_RESULT,,,,0,UNKNOWN,UNKNOWN,False
111542,https://batdongsan.vn/ban-nha-quan-10-duoi-8-ty-duong-to-hien-thanh-4-tang-3x11m-5-ty-6-r281736,Hồ Chí Minh,Quận 10,alley_or_lane,dedicated_address,"Nằm ngay trung tâm Sài Gòn, gần Chợ, Trường học các cấp, Uỷ ban nhân dân Quận Hẻm trước nhà 3m, cách 3 căn ra hẻm xe hơi, cách mặt tiền 50m",Nằm ngay trung tâm Sài Gòn gần Chợ Trường học các cấp Uỷ ban nhân dân Quận Hẻm cách 3 căn ra Hẻm cách,"Nằm ngay trung tâm Sài Gòn, gần Chợ, Trường học các cấp, Uỷ ban nhân dân Quận Hẻm trước nhà 3m, cách 3 căn ra hẻm xe hơi, cách mặt tiền 50m, Quận 10, Hồ Chí Minh, Việt Nam",NO_RESULT,,,,0,UNKNOWN,UNKNOWN,False,"Nằm ngay trung tâm Sài Gòn gần Chợ Trường học các cấp Uỷ ban nhân dân Quận Hẻm cách 3 căn ra Hẻm cách, Quận 10, Thành phố Hồ Chí Minh, Việt Nam",NO_RESULT,,,,0,UNKNOWN,UNKNOWN,False
177465,https://batdongsan.vn/hxh-thoai-ngoc-hau-tan-phu-gan-ubnd-quan-53x16m-3t-4pn-chi-6-ty-r177465,Hồ Chí Minh,Tân Phú,alley_or_lane,description,"HXH Thoại Ngọc Hầu, Tân Phú gần UBND Quận, 5.3x16m, 3T, 4PN chỉ 6 tỷ...",Hẻm Thoại Ngọc Hầu Tân Phú gần UBND Quận 5 3T,"HXH Thoại Ngọc Hầu, Tân Phú gần UBND Quận, 5.3x16m, 3T, 4PN chỉ 6 tỷ..., Tân Phú, Hồ Chí Minh, Việt Nam",NO_RESULT,,,,0,UNKNOWN,UNKNOWN,False,"Hẻm Thoại Ngọc Hầu Tân Phú gần UBND Quận 5 3T, Thành phố Hồ Chí Minh, Việt Nam",NO_RESULT,,,,0,UNKNOWN,UNKNOWN,False
152305,https://batdongsan.vn/phu-nhuan-nhinh-4-ty-hem-3-gac-4-lau-moi-dep-ngang-hon-4m-3-pn-cuc-dep-r152305,Hồ Chí Minh,Phú Nhuận,alley_or_lane,title,HẺM 3 GÁC - 4 LẦU MỚI ĐẸP - NGANG HƠN 4M - 3 PN CỰC ĐẸP.,HẺM 3 GÁC MỚI ĐẸP NGANG HƠN CỰC ĐẸP,"HẺM 3 GÁC - 4 LẦU MỚI ĐẸP - NGANG HƠN 4M - 3 PN CỰC ĐẸP., Phú Nhuận, Hồ Chí Minh, Việt Nam",NO_RESULT,,,,0,UNKNOWN,UNKNOWN,False,"HẺM 3 GÁC MỚI ĐẸP NGANG HƠN CỰC ĐẸP, Phú Nhuận, Thành phố Hồ Chí Minh, Việt Nam",NO_RESULT,,,,0,UNKNOWN,UNKNOWN,False
99686,https://batdongsan.vn/ban-nha-hem-413-le-van-quoi-binh-tan-40m2-3-tang-btct-3pn-chi-nhinh-4-ty-tl-r269869,Hồ Chí Minh,Bình Tân,alley_or_lane,title,hẻm 413 Lê Văn Quới Bình Tân,hẻm 413 Lê Văn Quới Bình Tân,"hẻm 413 Lê Văn Quới Bình Tân, Bình Tân, Hồ Chí Minh, Việt Nam",NO_RESULT,,,,0,UNKNOWN,UNKNOWN,False,"hẻm 413 Lê Văn Quới Bình Tân, Thành phố Hồ Chí Minh, Việt Nam",NO_RESULT,,,,0,UNKNOWN,UNKNOWN,False
87994,https://batdongsan.vn/hxh-7-cho-4x15-499-ty-quang-trung-p11-go-vap-r258163,Hồ Chí Minh,Gò Vấp,alley_or_lane,title,"Hxh 7 chổ 4x15 4,99 tỷ Quang Trung P11 Gò Vấp",Hẻm 7 chổ,"Hxh 7 chổ 4x15 4,99 tỷ Quang Trung P11 Gò Vấp, Gò Vấp, Hồ Chí Minh, Việt Nam",NO_RESULT,,,,0,UNKNOWN,UNKNOWN,False,"Hẻm 7 chổ, Gò Vấp, Thành phố Hồ Chí Minh, Việt Nam",STREET_MATCH,10.8447296,106.6751817,"Hẻm 32/7 Lê Đức Thọ, Khu phố 29, Phường Gò Vấp, Thành phố Hồ Chí Minh, 71516, Việt Nam",5,ADMIN_MATCH,STREET,True
175434,https://batdongsan.vn/ban-nha-hxh-quay-dau-cach-mang-thang-8-p15-q10-103m2-5-tang-ngang-61m-r175434,Hồ Chí Minh,Quận 10,alley_or_lane,title,"Bán nhà HXH quay đầu Cách Mạng Tháng 8, P15. Q10, 103m2, 5 tầng, ngang 6,1m",Hẻm quay đầu Cách Mạng Tháng 8 P15 Q10 ngang 6,"Bán nhà HXH quay đầu Cách Mạng Tháng 8, P15. Q10, 103m2, 5 tầng, ngang 6,1m, Quận 10, Hồ Chí Minh, Việt Nam",NO_RESULT,,,,0,UNKNOWN,UNKNOWN,False,"Hẻm quay đầu Cách Mạng Tháng 8 P15 Q10 ngang 6, Quận 10, Thành phố Hồ Chí Minh, Việt Nam",NO_RESULT,,,,0,UNKNOWN,UNKNOWN,False
156507,https://batdongsan.vn/ban-nha-dien-bien-phu-quan-3-hem-rong-4m-gia-385-ty-r156507,Hồ Chí Minh,Quận 3,alley_or_lane,dedicated_address,hẻm 4 m,hẻm 4 m,"hẻm 4 m, Quận 3, Hồ Chí Minh, Việt Nam",STREET_MATCH,10.7525279,106.6827742,"Hẻm 3 Nguyễn Biểu, Khu phố 3, Phường Chợ Quán, Thành phố Hồ Chí Minh, 72722, Việt Nam",5,ADMIN_MATCH,STREET,True,"hẻm 4 m, Quận 3, Thành phố Hồ Chí Minh, Việt Nam",STREET_MATCH,10.7525279,106.6827742,"Hẻm 3 Nguyễn Biểu, Khu phố 3, Phường Chợ Quán, Thành phố Hồ Chí Minh, 72722, Việt Nam",5,ADMIN_MATCH,STREET,True
171946,https://batdongsan.vn/nguyen-hong-dao-khu-bau-cat-hem-4m-xe-hoi-thong-3-tang-btct-chi-5x-ty-r171946,Hồ Chí Minh,Tân Bình,alley_or_lane,title,HẺM 4M XE HƠI THÔNG – 3 TẦNG BTCT – CHỈ 5.X TỶ,Hẻm THÔNG BTCT CHỈ 5 X TỶ,"HẺM 4M XE HƠI THÔNG – 3 TẦNG BTCT – CHỈ 5.X TỶ, Tân Bình, Hồ Chí Minh, Việt Nam",NO_RESULT,,,,0,UNKNOWN,UNKNOWN,False,"Hẻm THÔNG BTCT CHỈ 5 X TỶ, Tân Bình, Thành phố Hồ Chí Minh, Việt Nam",NO_RESULT,,,,0,UNKNOWN,UNKNOWN,False
186314,https://batdongsan.vn/ban-nha-le-van-sy-5-tang-62m2-33x18-hem-o-to-6m-chi-126-ty-r186314,Hồ Chí Minh,Quận 3,alley_or_lane,title,HẺM Ô TÔ 6M - CHỈ 12.6 TỶ,HẺM Ô TÔ,"HẺM Ô TÔ 6M - CHỈ 12.6 TỶ, Quận 3, Hồ Chí Minh, Việt Nam",EXACT_MATCH,10.7790188,106.6869509,"Quận 3, Thành phố Hồ Chí Minh, Việt Nam",1,ADMIN_MATCH,UNKNOWN,False,"HẺM Ô TÔ, Quận 3, Thành phố Hồ Chí Minh, Việt Nam",NO_RESULT,,,,0,UNKNOWN,UNKNOWN,False
98648,https://batdongsan.vn/hxh-no-trang-long-5x8-2pn-51-ty-p7-binh-thanh-r268828,Hồ Chí Minh,Bình Thạnh,alley_or_lane,title,Hxh Nơ Trang Long 5x8 2pn 5.1 tỷ P7 Bình Thạnh,Hẻm Nơ Trang Long,"Hxh Nơ Trang Long 5x8 2pn 5.1 tỷ P7 Bình Thạnh, Bình Thạnh, Hồ Chí Minh, Việt Nam",NO_RESULT,,,,0,UNKNOWN,UNKNOWN,False,"Hẻm Nơ Trang Long, Bình Thạnh, Thành phố Hồ Chí Minh, Việt Nam",NO_RESULT,,,,0,UNKNOWN,UNKNOWN,False
105913,https://batdongsan.vn/nha-dep-hem-o-to-5m-5-phut-toi-cv-phu-lam-200m-ra-tinh-lo-10-r276107,Hồ Chí Minh,Bình Tân,alley_or_lane,title,Hẻm ô tô 5m,Hẻm ô tô,"Hẻm ô tô 5m, Bình Tân, Hồ Chí Minh, Việt Nam",NO_RESULT,,,,0,UNKNOWN,UNKNOWN,False,"Hẻm ô tô, Bình Tân, Thành phố Hồ Chí Minh, Việt Nam",EXACT_MATCH,10.7715007,106.6406107,"Hẻm 341N-O Lạc Long Quân, Khu phố 11, Phường Hòa Bình, Thành phố Hồ Chí Minh, 72015, Việt Nam",1,ADMIN_PARTIAL_MATCH,STREET,False
95624,https://batdongsan.vn/ban-nha-4-tang-lo-goc-hem-xe-hoi-dang-cho-thue-35trieuthang-cao-thang-quan-10-0902934079-r265799,Hồ Chí Minh,Quận 10,alley_or_lane,title,Hẻm Xe Hơi - Đang Cho Thuê 35Triệu/Tháng - Cao Thắng - Quận 10 - 0902934079,Hẻm Đang Cho Thuê,"Hẻm Xe Hơi - Đang Cho Thuê 35Triệu/Tháng - Cao Thắng - Quận 10 - 0902934079, Quận 10, Hồ Chí Minh, Việt Nam",NO_RESULT,,,,0,UNKNOWN,UNKNOWN,False,"Hẻm Đang Cho Thuê, Quận 10, Thành phố Hồ Chí Minh, Việt Nam",NO_RESULT,,,,0,UNKNOWN,UNKNOWN,False
183951,https://batdongsan.vn/ban-nha-can-goc-4-tang-45x20m-2-mat-hem-o-to-bong-sao-quan-8-nhinh-6-ty-dong-tien-7trthang-r183951,Hồ Chí Minh,Quận 8,alley_or_lane,dedicated_address,"Căn góc 2 mặt tiền thoáng, hẻm ô tô thông ra đường",Căn góc 2 thoáng hẻm ô tô thông ra đường,"Căn góc 2 mặt tiền thoáng, hẻm ô tô thông ra đường, Quận 8, Hồ Chí Minh, Việt Nam",NO_RESULT,,,,0,UNKNOWN,UNKNOWN,False,"Căn góc 2 thoáng hẻm ô tô thông ra đường, Quận 8, Thành phố Hồ Chí Minh, Việt Nam",NO_RESULT,,,,0,UNKNOWN,UNKNOWN,False
187821,https://batdongsan.vn/ban-nha-3-tang-gan-mat-tien-pham-the-hien-p5-q8-r187821,Hồ Chí Minh,Quận 8,alley_or_lane,dedicated_address,"Hẻm trước nhà 3m, cách Phạm Thế Hiển 20m, cách Bông Sao 30m",Hẻm cách Phạm Thế Hiển cách Bông Sao,"Hẻm trước nhà 3m, cách Phạm Thế Hiển 20m, cách Bông Sao 30m, Quận 8, Hồ Chí Minh, Việt Nam",NO_RESULT,,,,0,UNKNOWN,UNKNOWN,False,"Hẻm cách Phạm Thế Hiển cách Bông Sao, Quận 8, Thành phố Hồ Chí Minh, Việt Nam",NO_RESULT,,,,0,UNKNOWN,UNKNOWN,False
125383,https://batdongsan.vn/hem-nhua-8m-otnn-quan-10-khu-bac-hai-cu-xa-tu-do-cv-le-thi-rieng-4-lau-nha-dep-o-r125383,Hồ Chí Minh,Quận 10,alley_or_lane,title,HẺM NHỰA 8M- ÔTNN -  QUẬN 10 - KHU BẮC HẢI - CƯ XÁ TỰ DO - CV LÊ THỊ RIÊNG - 4 LẦU NHÀ ĐẸP - Ở,HẺM NHỰA ÔTNN QUẬN 10 KHU BẮC HẢI CƯ XÁ TỰ DO CV LÊ THỊ RIÊNG Ở,"HẺM NHỰA 8M- ÔTNN -  QUẬN 10 - KHU BẮC HẢI - CƯ XÁ TỰ DO - CV LÊ THỊ RIÊNG - 4 LẦU NHÀ ĐẸP - Ở, Quận 10, Hồ Chí Minh, Việt Nam",NO_RESULT,,,,0,UNKNOWN,UNKNOWN,False,"HẺM NHỰA ÔTNN QUẬN 10 KHU BẮC HẢI CƯ XÁ TỰ DO CV LÊ THỊ RIÊNG Ở, Thành phố Hồ Chí Minh, Việt Nam",NO_RESULT,,,,0,UNKNOWN,UNKNOWN,False
111715,https://batdongsan.vn/hem-xe-tai-nha-cuc-dep-thiet-ke-hien-dai-ngay-cho-thach-da-chu-hop-tac-can-ban-nhanh-tang-het-noi-that-r281909,Hồ Chí Minh,Gò Vấp,alley_or_lane,title,HẺM XE TẢI - NHÀ CỰC ĐẸP THIẾT KẾ HIỆN ĐẠI - NGAY CHỢ THẠCH ĐÀ - CHỦ HỢP TÁC CẦN BÁN NHANH TẶNG HẾT NỘI THẤT.,HẺM XE TẢI NHÀ CỰC ĐẸP THIẾT KẾ HIỆN ĐẠI NGAY CHỢ THẠCH ĐÀ CHỦ HỢP TÁC CẦN BÁN NHANH TẶNG HẾT NỘI THẤT,"HẺM XE TẢI - NHÀ CỰC ĐẸP THIẾT KẾ HIỆN ĐẠI - NGAY CHỢ THẠCH ĐÀ - CHỦ HỢP TÁC CẦN BÁN NHANH TẶNG HẾT NỘI THẤT., Gò Vấp, Hồ Chí Minh, Việt Nam",NO_RESULT,,,,0,UNKNOWN,UNKNOWN,False,"HẺM XE TẢI NHÀ CỰC ĐẸP THIẾT KẾ HIỆN ĐẠI NGAY CHỢ THẠCH ĐÀ CHỦ HỢP TÁC CẦN BÁN NHANH TẶNG HẾT NỘI THẤT, Gò Vấp, Thành phố Hồ Chí Minh, Việt Nam",NO_RESULT,,,,0,UNKNOWN,UNKNOWN,False
159657,https://batdongsan.vn/huong-lo-2-68m-hem-6m-395-tyy-r159657,Hồ Chí Minh,Bình Tân,alley_or_lane,title,Hẻm 6m - 3.95 tỷy,Hẻm 3 95 tỷy,"Hẻm 6m - 3.95 tỷy, Bình Tân, Hồ Chí Minh, Việt Nam",STREET_MATCH,10.7936653,106.5897712,"Phường Bình Tân, Thành phố Hồ Chí Minh, 71916, Việt Nam",2,ADMIN_MATCH,WARD,True,"Hẻm 3 95 tỷy, Bình Tân, Thành phố Hồ Chí Minh, Việt Nam",NO_RESULT,,,,0,UNKNOWN,UNKNOWN,False
152053,https://batdongsan.vn/nha-48m2-1-lau-dep-36-dang-nhu-lam-tt-nha-be-gia-3599-ty-r152053,Hồ Chí Minh,Nhà Bè,alley_or_lane,dedicated_address,"Hẻm 1 xẹc, cách Đặng Nhữ Lâm 100m,",Hẻm 1 xẹc cách Đặng Nhữ Lâm,"Hẻm 1 xẹc, cách Đặng Nhữ Lâm 100m,, Nhà Bè, Hồ Chí Minh, Việt Nam",NO_RESULT,,,,0,UNKNOWN,UNKNOWN,False,"Hẻm 1 xẹc cách Đặng Nhữ Lâm, Nhà Bè, Thành phố Hồ Chí Minh, Việt Nam",NO_RESULT,,,,0,UNKNOWN,UNKNOWN,False
183292,https://batdongsan.vn/nha-sat-mat-tien-tx22-1-xec-hem-7m-3-lau-full-noi-that-r183292,Hồ Chí Minh,Quận 12,alley_or_lane,dedicated_address,"122/4A Thạnh Xuân 22, Quận 12 – Hẻm 1 sẹc, di chuyển thuận tiện",122/4A Thạnh Xuân 22 Quận 12 Hẻm 1 sẹc di chuyển thuận tiện,"122/4A Thạnh Xuân 22, Quận 12 – Hẻm 1 sẹc, di chuyển thuận tiện, Quận 12, Hồ Chí Minh, Việt Nam",NO_RESULT,,,,0,UNKNOWN,UNKNOWN,False,"122/4A Thạnh Xuân 22 Quận 12 Hẻm 1 sẹc di chuyển thuận tiện, Thành phố Hồ Chí Minh, Việt Nam",NO_RESULT,,,,0,UNKNOWN,UNKNOWN,False
147729,https://batdongsan.vn/gia-chi-45-ty-tl-36m2-2tang3pn-hem-xe-hoi-p1-go-vap-r147729,Hồ Chí Minh,Gò Vấp,alley_or_lane,title,HẺM XE HƠI-P1 Gò Vấp!,Hẻm P1 Gò Vấp,"HẺM XE HƠI-P1 Gò Vấp!, Gò Vấp, Hồ Chí Minh, Việt Nam",NO_RESULT,,,,0,UNKNOWN,UNKNOWN,False,"Hẻm P1 Gò Vấp, Thành phố Hồ Chí Minh, Việt Nam",STREET_MATCH,10.8354121,106.680257,"Hẻm 145 Lê Đức Thọ, Khu phố 18, Phường Gò Vấp, Thành phố Hồ Chí Minh, 71400, Việt Nam",5,ADMIN_MATCH,STREET,True
153120,https://batdongsan.vn/ban-nha-mat-tien-hem-huynh-tan-phat-quan-7-dt-6x20m-gia-chi-nhinh-6-ty-r153120,Hồ Chí Minh,Quận 7,alley_or_lane,dedicated_address,"Hẻm rộng, sạch đẹp – cách mặt tiền đường Huỳnh Tấn Phát chỉ vài bước chân",Hẻm rộng sạch đẹp cách đường Huỳnh Tấn Phát chỉ vài bước chân,"Hẻm rộng, sạch đẹp – cách mặt tiền đường Huỳnh Tấn Phát chỉ vài bước chân, Quận 7, Hồ Chí Minh, Việt Nam",NO_RESULT,,,,0,UNKNOWN,UNKNOWN,False,"Hẻm rộng sạch đẹp cách đường Huỳnh Tấn Phát chỉ vài bước chân, Quận 7, Thành phố Hồ Chí Minh, Việt Nam",NO_RESULT,,,,0,UNKNOWN,UNKNOWN,False
93492,https://batdongsan.vn/0703903486-r263667,Hồ Chí Minh,Bình Thạnh,alley_or_lane,dedicated_address,Hẻm xe hơi 8m đường Nguyễn Cửu Vân P17 quận Bình thạnh,Hẻm đường Nguyễn Cửu Vân P17 quận Bình thạnh,"Hẻm xe hơi 8m đường Nguyễn Cửu Vân P17 quận Bình thạnh, Bình Thạnh, Hồ Chí Minh, Việt Nam",NO_RESULT,,,,0,UNKNOWN,UNKNOWN,False,"Hẻm đường Nguyễn Cửu Vân P17 quận Bình thạnh, Thành phố Hồ Chí Minh, Việt Nam",NO_RESULT,,,,0,UNKNOWN,UNKNOWN,False
168980,https://batdongsan.vn/ban-nha-hem-xe-hoi-thong-nhinh-4-ty-phuong-12-quan-binh-thanh-r168980,Hồ Chí Minh,Bình Thạnh,full_address,dedicated_address,"Hẻm 304  Bùi Đình Túy, Phường 12 ,Bình Thạnh",Hẻm 304 Bùi Đình Túy Phường 12 Bình Thạnh,"Hẻm 304  Bùi Đình Túy, Phường 12 ,Bình Thạnh, Bình Thạnh, Hồ Chí Minh, Việt Nam",NO_RESULT,,,,0,UNKNOWN,UNKNOWN,False,"Hẻm 304 Bùi Đình Túy Phường 12 Bình Thạnh, Thành phố Hồ Chí Minh, Việt Nam",EXACT_MATCH,10.8087887,106.6990049,"Hẻm 304 Bùi Đình Túy, Khu phố 16, Phường Bình Thạnh, Thành phố Hồ Chí Minh, 72317, Việt Nam",1,ADMIN_MATCH,STREET,True
80379,https://batdongsan.vn/ban-nha-hem-duong-bong-sao-phuong-1-quan-8-r250526,Hồ Chí Minh,Quận 8,full_address,title,"hẻm đường Bông Sao, phường 1, Quận 8",hẻm đường Bông Sao phường 1 Quận 8,"hẻm đường Bông Sao, phường 1, Quận 8, Quận 8, Hồ Chí Minh, Việt Nam",NO_RESULT,,,,0,UNKNOWN,UNKNOWN,False,"hẻm đường Bông Sao phường 1 Quận 8, Thành phố Hồ Chí Minh, Việt Nam",NO_RESULT,,,,0,UNKNOWN,UNKNOWN,False
87836,https://batdongsan.vn/can-ban-gap-can-nha-quan-binh-tan-gia-tot-nhat-thi-truong-r258005,Hồ Chí Minh,Quận Bình Tân,full_address,dedicated_address,"21/4/16 đường số 14, khu phố 12, phường Bình Hưng Hòa A, quận Bình Tân, Thành phố Hồ Chí Minh",21/4/16 đường số 14 khu phố 12 phường Bình Hưng Hòa A quận Bình Tân Thành phố Hồ Chí Minh,"21/4/16 đường số 14, khu phố 12, phường Bình Hưng Hòa A, quận Bình Tân, Thành phố Hồ Chí Minh, Quận Bình Tân, Hồ Chí Minh, Việt Nam",NO_RESULT,,,,0,UNKNOWN,UNKNOWN,False,"21/4/16 đường số 14 khu phố 12 phường Bình Hưng Hòa A quận Bình Tân Thành phố Hồ Chí Minh, Việt Nam",NO_RESULT,,,,0,UNKNOWN,UNKNOWN,False
120070,https://batdongsan.vn/ngay-ubnd-phuong-16-hem-3m-dt-39-x-11m-btct-3-tang-r120070,Hồ Chí Minh,Gò Vấp,full_address,title,Hẻm 3m - DT 3.9 x 11m - BTCT 3 Tầng,Hẻm DT 3 9 x BTCT,"Hẻm 3m - DT 3.9 x 11m - BTCT 3 Tầng, Gò Vấp, Hồ Chí Minh, Việt Nam",NO_RESULT,,,,0,UNKNOWN,UNKNOWN,False,"Hẻm DT 3 9 x BTCT, Gò Vấp, Thành phố Hồ Chí Minh, Việt Nam",NO_RESULT,,,,0,UNKNOWN,UNKNOWN,False
166014,https://batdongsan.vn/sieu-pham-hiem-gap-phuong-5-quan-8-nha-duc-2-tang-gia-chi-33-ty-lien-tinh-5-hem-r166014,Hồ Chí Minh,Quận 8,full_address,dedicated_address,"Hẻm trước nhà 3m, chỉ vài bước ra hẻm 6m – thông thoáng, sạch sẽ 🔹 Pháp lý: Sổ hồng riêng, sang tên",Hẻm chỉ vài bước ra hẻm thông thoáng sạch sẽ 🔹 Pháp lý Sổ hồng riêng sang tên,"Hẻm trước nhà 3m, chỉ vài bước ra hẻm 6m – thông thoáng, sạch sẽ 🔹 Pháp lý: Sổ hồng riêng, sang tên, Quận 8, Hồ Chí Minh, Việt Nam",NO_RESULT,,,,0,UNKNOWN,UNKNOWN,False,"Hẻm chỉ vài bước ra hẻm thông thoáng sạch sẽ 🔹 Pháp lý Sổ hồng riêng sang tên, Quận 8, Thành phố Hồ Chí Minh, Việt Nam",NO_RESULT,,,,0,UNKNOWN,UNKNOWN,False
87077,https://batdongsan.vn/ban-nha-tang-loc-gia-re-165t-2pn-2wc-r257245,Hồ Chí Minh,Tân Phú,full_address,dedicated_address,"hẻm 710 Luỹ Bán Bích, phường Tân Thành, quận Tân Phú",hẻm 710 Luỹ Bán Bích phường Tân Thành quận Tân Phú,"hẻm 710 Luỹ Bán Bích, phường Tân Thành, quận Tân Phú, Tân Phú, Hồ Chí Minh, Việt Nam",NO_RESULT,,,,0,UNKNOWN,UNKNOWN,False,"hẻm 710 Luỹ Bán Bích phường Tân Thành quận Tân Phú, Thành phố Hồ Chí Minh, Việt Nam",NO_RESULT,,,,0,UNKNOWN,UNKNOWN,False
189359,https://batdongsan.vn/vip-ngang-11m-la-xuan-oai-p-tang-nhon-phu-dt-220m2-kinh-doanh-da-nganh-nghe-r189359,Hồ Chí Minh,Quận 9,full_address,dedicated_address,"Nhà hẻm xe hơi Lã Xuân Oai, phường Tăng Nhơn Phú A, Quận 9(cũ)",Nhà Hẻm Lã Xuân Oai phường Tăng Nhơn Phú A Quận 9 cũ,"Nhà hẻm xe hơi Lã Xuân Oai, phường Tăng Nhơn Phú A, Quận 9(cũ), Quận 9, Hồ Chí Minh, Việt Nam",NO_RESULT,,,,0,UNKNOWN,UNKNOWN,False,"Nhà Hẻm Lã Xuân Oai phường Tăng Nhơn Phú A Quận 9 cũ, Thành phố Hồ Chí Minh, Việt Nam",NO_RESULT,,,,0,UNKNOWN,UNKNOWN,False
126084,https://batdongsan.vn/ban-nha-hxh-thong-ptaythanh-qtanphu-53m2-3t-3pn-nha-moi-gia-chi-5tyxx-r126084,Hồ Chí Minh,Tân Phú,full_address,title,Bán nhà HXH thông P.TâyThạnh Q.TânPhú 53m2 3T 3PN nhà mới giá chỉ 5tỷxx,Hẻm thông P TâyThạnh Q TânPhú 3T xx,"Bán nhà HXH thông P.TâyThạnh Q.TânPhú 53m2 3T 3PN nhà mới giá chỉ 5tỷxx, Tân Phú, Hồ Chí Minh, Việt Nam",NO_RESULT,,,,0,UNKNOWN,UNKNOWN,False,"Hẻm thông P TâyThạnh Q TânPhú 3T xx, Tân Phú, Thành phố Hồ Chí Minh, Việt Nam",NO_RESULT,,,,0,UNKNOWN,UNKNOWN,False
151126,https://batdongsan.vn/58m-ban-nha-2-tang2pn1-le-van-thop11-go-vap-nhinh-3-ty-r151126,Hồ Chí Minh,Gò Vấp,house_number_and_street,title,"5❌8M, BÁN NHÀ 2 TẦNG✨2PN,1/ LÊ VĂN THỌ,P11 GÒ VẤP, NHỈNH 3 TỶ",5❌ 1/ LÊ VĂN THỌ P11 GÒ VẤP,"5❌8M, BÁN NHÀ 2 TẦNG✨2PN,1/ LÊ VĂN THỌ,P11 GÒ VẤP, NHỈNH 3 TỶ, Gò Vấp, Hồ Chí Minh, Việt Nam",NO_RESULT,,,,0,UNKNOWN,UNKNOWN,False,"5❌ 1/ LÊ VĂN THỌ P11 GÒ VẤP, Thành phố Hồ Chí Minh, Việt Nam",EXACT_MATCH,10.7737261,106.7166008,"Thành phố Hồ Chí Minh, Việt Nam",1,ADMIN_PARTIAL_MATCH,CITY_OR_PROVINCE,False
94061,https://batdongsan.vn/ban-nha-4-tang-mat-tien-6m-duong-vinh-vien-quan-10-gia-36-ty-0902934079-r264236,Hồ Chí Minh,Quận 10,house_number_and_street,title,Mặt Tiền 6m Đường Vĩnh Viễn Quận 10,Đường Vĩnh Viễn Quận 10,"Mặt Tiền 6m Đường Vĩnh Viễn Quận 10, Quận 10, Hồ Chí Minh, Việt Nam",NO_RESULT,,,,0,UNKNOWN,UNKNOWN,False,"Đường Vĩnh Viễn Quận 10, Thành phố Hồ Chí Minh, Việt Nam",NO_RESULT,,,,0,UNKNOWN,UNKNOWN,False
146365,https://batdongsan.vn/nha-phan-lo-o-to-3-tang-ngang-5m-gan-nga-tu-hiep-binh-phuoc-gia-10x-ty-r146365,Hồ Chí Minh,Thủ Đức,landmark_only,title,"Nhà Phân Lô Ô Tô, 3 Tầng ngang 5M - Gần Ngã Tư Hiệp Bình Phước, Giá 10.x T/ỷ",Nhà Ô Tô Gần Ngã Tư Hiệp Bình Phước Giá 10 x T/ỷ,"Nhà Phân Lô Ô Tô, 3 Tầng ngang 5M - Gần Ngã Tư Hiệp Bình Phước, Giá 10.x T/ỷ, Thủ Đức, Hồ Chí Minh, Việt Nam",NO_RESULT,,,,0,UNKNOWN,UNKNOWN,False,"Nhà Ô Tô Gần Ngã Tư Hiệp Bình Phước Giá 10 x T/ỷ, Thủ Đức, Thành phố Hồ Chí Minh, Việt Nam",NO_RESULT,,,,0,UNKNOWN,UNKNOWN,False
104003,https://batdongsan.vn/ban-nha-1tret-3lau-ngay-vincom-thu-duc-p-linh-chieu-dt-1157-m2-gia-125-ty-r274197,Hồ Chí Minh,Thủ Đức,landmark_only,title,"Bán nhà 1trệt 3lầu, Ngay Vincom Thủ Đức, P. Linh Chiểu, dt 115,7 m² Giá 12,5 Tỷ",1trệt Ngay Vincom Thủ Đức P Linh Chiểu dt 115 7 m²,"Bán nhà 1trệt 3lầu, Ngay Vincom Thủ Đức, P. Linh Chiểu, dt 115,7 m² Giá 12,5 Tỷ, Thủ Đức, Hồ Chí Minh, Việt Nam",NO_RESULT,,,,0,UNKNOWN,UNKNOWN,False,"1trệt Ngay Vincom Thủ Đức P Linh Chiểu dt 115 7 m², Thành phố Hồ Chí Minh, Việt Nam",NO_RESULT,,,,0,UNKNOWN,UNKNOWN,False
166949,https://batdongsan.vn/duoi-3-ty-shr-gan-song-sai-gon-ban-nha-thanh-loc-ho-tro-vay-bank-toi-da-r166949,Hồ Chí Minh,Quận 12,landmark_only,title,"Dưới 3 tỷ SHR gần sông Sài Gòn, bán nhà Thạnh Lộc hỗ trợ vay Bank tối đa",Dưới Thạnh Lộc hỗ trợ vay Bank tối đa,"Dưới 3 tỷ SHR gần sông Sài Gòn, bán nhà Thạnh Lộc hỗ trợ vay Bank tối đa, Quận 12, Hồ Chí Minh, Việt Nam",NO_RESULT,,,,0,UNKNOWN,UNKNOWN,False,"Dưới Thạnh Lộc hỗ trợ vay Bank tối đa, Quận 12, Thành phố Hồ Chí Minh, Việt Nam",NO_RESULT,,,,0,UNKNOWN,UNKNOWN,False
98127,https://batdongsan.vn/huong-lo-3-binh-tan-ngay-aeon-tan-phu-ngang-5m-nhinh-4-ty-r268306,Hồ Chí Minh,Bình Tân,landmark_only,title,Hương Lộ 3. Bình Tân. Ngay AEON Tân Phú. Ngang 5m. Nhỉnh 4 Tỷ.,Hương Lộ 3 Bình Tân Ngay AEON Tân Phú,"Hương Lộ 3. Bình Tân. Ngay AEON Tân Phú. Ngang 5m. Nhỉnh 4 Tỷ., Bình Tân, Hồ Chí Minh, Việt Nam",NO_RESULT,,,,0,UNKNOWN,UNKNOWN,False,"Hương Lộ 3 Bình Tân Ngay AEON Tân Phú, Thành phố Hồ Chí Minh, Việt Nam",NO_RESULT,,,,0,UNKNOWN,UNKNOWN,False
100842,https://batdongsan.vn/ban-gap-nha-q1-ngay-ham-nghi-nhinh-5-ty-r271025,Hồ Chí Minh,Quận 1,landmark_only,title,Bán gấp Nhà Q1 ngay hàm nghi nhỉnh 5 tỷ,Bán gấp Nhà Q1 ngay hàm nghi,"Bán gấp Nhà Q1 ngay hàm nghi nhỉnh 5 tỷ, Quận 1, Hồ Chí Minh, Việt Nam",NO_RESULT,,,,0,UNKNOWN,UNKNOWN,False,"Bán gấp Nhà Q1 ngay hàm nghi, Quận 1, Thành phố Hồ Chí Minh, Việt Nam",NO_RESULT,,,,0,UNKNOWN,UNKNOWN,False
112561,https://batdongsan.vn/nha-moi-vao-o-ngay-ngang-to-8m-3pn-r282755,Hồ Chí Minh,Bình Thạnh,landmark_only,title,Nhà Mới Vào Ở Ngay - Ngang To 8m - 3pn,Vào Ngang To,"Nhà Mới Vào Ở Ngay - Ngang To 8m - 3pn, Bình Thạnh, Hồ Chí Minh, Việt Nam",NO_RESULT,,,,0,UNKNOWN,UNKNOWN,False,"Vào Ngang To, Bình Thạnh, Thành phố Hồ Chí Minh, Việt Nam",NO_RESULT,,,,0,UNKNOWN,UNKNOWN,False
98738,https://batdongsan.vn/ban-nha-rieng-go-vap-phuong-5-nguyen-thai-son-4-tang-48m2-san-dong-tien-r268918,Hồ Chí Minh,Gò Vấp,landmark_only,dedicated_address,"Ngay chợ Gò Vấp, Emart, khu ĐH Văn Lang 3,ĐH Công Nghiệp 4, Cityland, Phan Văn Trị, Vincom, thông ra Dương Quảng Hàm, Phạm Văn Đồng, Phan Văn Trị, Nguyễn Văn Nghi, Lý Thường Kiệt, Lê Đức Thọ,",Ngay chợ Gò Vấp Emart khu ĐH Văn Lang 3 ĐH Công Nghiệp 4 Cityland Phan Văn Trị Vincom thông ra Dương Quảng Hàm Phạm Văn Đồng Phan Văn Trị Nguyễn Văn Nghi Lý Thường Kiệt Lê Đức Thọ,"Ngay chợ Gò Vấp, Emart, khu ĐH Văn Lang 3,ĐH Công Nghiệp 4, Cityland, Phan Văn Trị, Vincom, thông ra Dương Quảng Hàm, Phạm Văn Đồng, Phan Văn Trị, Nguyễn Văn Nghi, Lý Thường Kiệt, Lê Đức Thọ,, Gò Vấp, Hồ Chí Minh, Việt Nam",NO_RESULT,,,,0,UNKNOWN,UNKNOWN,False,"Ngay chợ Gò Vấp Emart khu ĐH Văn Lang 3 ĐH Công Nghiệp 4 Cityland Phan Văn Trị Vincom thông ra Dương Quảng Hàm Phạm Văn Đồng Phan Văn Trị Nguyễn Văn Nghi Lý Thường Kiệt Lê Đức Thọ, Thành phố Hồ Chí Minh, Việt Nam",NO_RESULT,,,,0,UNKNOWN,UNKNOWN,False
98500,https://batdongsan.vn/nha-moi-cach-1-can-ra-mat-tien-canh-vua-bien-68-le-trong-tan-39-ty-r268680,Hồ Chí Minh,Tân Phú,landmark_only,title,"Nhà mới cách 1 căn ra mặt tiền, cạnh Vua Biển 68 Lê Trọng Tấn, 3.9 tỷ",cách 1 căn ra cạnh Vua Biển 68 Lê Trọng Tấn,"Nhà mới cách 1 căn ra mặt tiền, cạnh Vua Biển 68 Lê Trọng Tấn, 3.9 tỷ, Tân Phú, Hồ Chí Minh, Việt Nam",NO_RESULT,,,,0,UNKNOWN,UNKNOWN,False,"cách 1 căn ra cạnh Vua Biển 68 Lê Trọng Tấn, Tân Phú, Thành phố Hồ Chí Minh, Việt Nam",NO_RESULT,,,,0,UNKNOWN,UNKNOWN,False
125716,https://batdongsan.vn/ban-nha-hxh-tanhuong-5x25m-vuong-van-nhinh-50trm2-gan-cho-tan-huong-r125716,Hồ Chí Minh,Tân Phú,landmark_only,dedicated_address,"Sầm uất ngay chợ Tân Hương, Nguyễn Suý, gần trường ĐH Công Thương,",Sầm uất ngay chợ Tân Hương Nguyễn Suý gần trường ĐH Công Thương,"Sầm uất ngay chợ Tân Hương, Nguyễn Suý, gần trường ĐH Công Thương,, Tân Phú, Hồ Chí Minh, Việt Nam",NO_RESULT,,,,0,UNKNOWN,UNKNOWN,False,"Sầm uất ngay chợ Tân Hương Nguyễn Suý gần trường ĐH Công Thương, Tân Phú, Thành phố Hồ Chí Minh, Việt Nam",NO_RESULT,,,,0,UNKNOWN,UNKNOWN,False
112267,https://batdongsan.vn/ban-nha-go-vap-vi-tri-kinh-doanh-qt-phuong-11-96m2-3-tang-chi-10-ty-r282461,Hồ Chí Minh,Gò Vấp,landmark_only,dedicated_address,"sát chợ Hạnh Thông Tây, gần trường học các cấp, bênh viện, Ủy ban, các dịch vụ tiện ích khác",sát chợ Hạnh Thông Tây gần trường học các cấp bênh viện Ủy ban các dịch vụ tiện ích khác,"sát chợ Hạnh Thông Tây, gần trường học các cấp, bênh viện, Ủy ban, các dịch vụ tiện ích khác, Gò Vấp, Hồ Chí Minh, Việt Nam",NO_RESULT,,,,0,UNKNOWN,UNKNOWN,False,"sát chợ Hạnh Thông Tây gần trường học các cấp bênh viện Ủy ban các dịch vụ tiện ích khác, Gò Vấp, Thành phố Hồ Chí Minh, Việt Nam",NO_RESULT,,,,0,UNKNOWN,UNKNOWN,False
183145,https://batdongsan.vn/ban-dat-tang-nha-3-lau-mat-tien-duong-khu-dan-cu-hong-long-hiep-binh-phuoc-thanh-pho-thu-duc-r183145,Hồ Chí Minh,Thủ Đức,project_or_residential_area,dedicated_address,"mặt tiền đường xe hơi 12m đường bàn cờ Khu dân cư hồng Long ra hiệp bình, cách quốc lộ 13 chỉ 300m, về KĐT Vạn Phúc, đại học luật, chợ Hiệp Bình, từ 3 -5 phút, bán kính 1km đầy đủ các tiện ích thích hợp gia đình ở hay nua cho thuê làm văn phòng công ty,",đường xe hơi đường bàn cờ Khu dân cư hồng Long ra hiệp bình cách quốc lộ 13 chỉ về KĐT Vạn Phúc đại học luật chợ Hiệp Bình từ 3 5 phút bán kính 1km đầy đủ các tiện ích thích hợp gia đình ở hay nua cho thuê làm văn phòng công ty,"mặt tiền đường xe hơi 12m đường bàn cờ Khu dân cư hồng Long ra hiệp bình, cách quốc lộ 13 chỉ 300m, về KĐT Vạn Phúc, đại học luật, chợ Hiệp Bình, từ 3 -5 phút, bán kính 1km đầy đủ các tiện ích thích hợp gia đình ở hay nua cho thuê làm văn phòng công ty,, Thủ Đức, Hồ Chí Minh, Việt Nam",NO_RESULT,,,,0,UNKNOWN,UNKNOWN,False,"đường xe hơi đường bàn cờ Khu dân cư hồng Long ra hiệp bình cách quốc lộ 13 chỉ về KĐT Vạn Phúc đại học luật chợ Hiệp Bình từ 3 5 phút bán kính 1km đầy đủ các tiện ích thích hợp gia đình ở hay nua cho thuê làm văn phòng công ty, Thủ Đức, Thành phố Hồ Chí Minh, Việt Nam",NO_RESULT,,,,0,UNKNOWN,UNKNOWN,False
152378,https://batdongsan.vn/nha-moi-4-tang-10pn-5x20-kdc-nam-long-ha-huy-giap-q12-gia-88-ty-r152378,Hồ Chí Minh,Quận 12,project_or_residential_area,title,"NHÀ MỚI 4 TẦNG, 10PN (5x20) KDC NAM LONG HÀ HUY GIÁP, Q12 GIÁ 8.8 TỶ",KDC NAM LONG HÀ HUY GIÁP Q12,"NHÀ MỚI 4 TẦNG, 10PN (5x20) KDC NAM LONG HÀ HUY GIÁP, Q12 GIÁ 8.8 TỶ, Quận 12, Hồ Chí Minh, Việt Nam",NO_RESULT,,,,0,UNKNOWN,UNKNOWN,False,"KDC NAM LONG HÀ HUY GIÁP Q12, Quận 12, Thành phố Hồ Chí Minh, Việt Nam",NO_RESULT,,,,0,UNKNOWN,UNKNOWN,False
192177,https://batdongsan.vn/mat-tien-hiem-tan-phu-4x15-60m2-3-tang-kien-co-gia-nhinh-7ty-r192177,Hồ Chí Minh,Tân Phú,project_or_residential_area,dedicated_address,"Nằm sát trục đường Nguyễn Sơn, Phường Phú Thạnh, Quận Tân Phú – tuyến đường kinh doanh sầm uất, khu dân cư đông đúc, phù hợp vừa ở",Nằm sát trục đường Nguyễn Sơn Phường Phú Thạnh Quận Tân Phú tuyến đường sầm uất khu dân cư đông đúc phù hợp vừa ở,"Nằm sát trục đường Nguyễn Sơn, Phường Phú Thạnh, Quận Tân Phú – tuyến đường kinh doanh sầm uất, khu dân cư đông đúc, phù hợp vừa ở, Tân Phú, Hồ Chí Minh, Việt Nam",NO_RESULT,,,,0,UNKNOWN,UNKNOWN,False,"Nằm sát trục đường Nguyễn Sơn Phường Phú Thạnh Quận Tân Phú tuyến đường sầm uất khu dân cư đông đúc phù hợp vừa ở, Thành phố Hồ Chí Minh, Việt Nam",NO_RESULT,,,,0,UNKNOWN,UNKNOWN,False
107322,https://batdongsan.vn/nha-rong-3-tang-hem-o-to-do-cua-gan-chung-cu-son-ky-38-ty-r277516,Hồ Chí Minh,Tân Phú,project_or_residential_area,title,hẻm ô tô đỗ cửa. Gần chung cư Sơn Kỳ,hẻm Gần chung cư Sơn Kỳ,"hẻm ô tô đỗ cửa. Gần chung cư Sơn Kỳ, Tân Phú, Hồ Chí Minh, Việt Nam",NO_RESULT,,,,0,UNKNOWN,UNKNOWN,False,"hẻm Gần chung cư Sơn Kỳ, Tân Phú, Thành phố Hồ Chí Minh, Việt Nam",NO_RESULT,,,,0,UNKNOWN,UNKNOWN,False
150726,https://batdongsan.vn/145m2-6-tang-huynh-tan-phat-binh-thuanq7tphcmcan-ho-sieu-tophap-r150726,Hồ Chí Minh,Quận 7,project_or_residential_area,title,"145m2, 6 tầng, Huỳnh Tấn Phát, Bình Thuận,Q7,TPHCM,Căn hộ siêu toPhap",Huỳnh Tấn Phát Bình Thuận Q7 TPHCM Căn hộ siêu toPhap,"145m2, 6 tầng, Huỳnh Tấn Phát, Bình Thuận,Q7,TPHCM,Căn hộ siêu toPhap, Quận 7, Hồ Chí Minh, Việt Nam",NO_RESULT,,,,0,UNKNOWN,UNKNOWN,False,"Huỳnh Tấn Phát Bình Thuận Q7 TPHCM Căn hộ siêu toPhap, Quận 7, Thành phố Hồ Chí Minh, Việt Nam",NO_RESULT,,,,0,UNKNOWN,UNKNOWN,False
114277,https://batdongsan.vn/ban-nha-hxh-thong-duong-dat-moi-dt-4x135m-lung-1-lau-gia-45-ty-tl-lien-he-ngay-r284471,Hồ Chí Minh,Bình Tân,project_or_residential_area,dedicated_address,"Khu dân cư an ninh, dân trí cao, văn minh, sạch sẽ",Khu dân cư an ninh dân trí cao văn minh sạch sẽ,"Khu dân cư an ninh, dân trí cao, văn minh, sạch sẽ, Bình Tân, Hồ Chí Minh, Việt Nam",NO_RESULT,,,,0,UNKNOWN,UNKNOWN,False,"Khu dân cư an ninh dân trí cao văn minh sạch sẽ, Bình Tân, Thành phố Hồ Chí Minh, Việt Nam",NO_RESULT,,,,0,UNKNOWN,UNKNOWN,False
178659,https://batdongsan.vn/chinh-chu-ban-hxh-182m-duong-le-thi-bach-cat-phuong-11-quan-11-dt-415x20m-gia-chi-115-ty-r178659,Hồ Chí Minh,Quận 11,street_and_ward,title,"Đường Lê Thị Bạch Cát, Phường 11, Quận 11",Đường Lê Thị Bạch Cát Phường 11 Quận 11,"Đường Lê Thị Bạch Cát, Phường 11, Quận 11, Quận 11, Hồ Chí Minh, Việt Nam",NO_RESULT,,,,0,UNKNOWN,UNKNOWN,False,"Đường Lê Thị Bạch Cát Phường 11 Quận 11, Thành phố Hồ Chí Minh, Việt Nam",NO_RESULT,,,,0,UNKNOWN,UNKNOWN,False
105784,https://batdongsan.vn/ban-nha-duong-so-10-p-linh-trung-tp-thu-duc-dt-524m2-gia-39-ty-r275978,Hồ Chí Minh,Thủ Đức,street_and_ward,title,"Đường số 10, P. Linh Trung Tp Thủ Đức",Đường số 10 P Linh Trung Tp Thủ Đức,"Đường số 10, P. Linh Trung Tp Thủ Đức, Thủ Đức, Hồ Chí Minh, Việt Nam",STREET_MATCH,10.8556547,106.7716747,"Đường số 8, Khu phố 14, Phường Linh Xuân, Thành phố Hồ Chí Minh, 71309, Việt Nam",3,ADMIN_PARTIAL_MATCH,STREET,False,"Đường số 10 P Linh Trung Tp Thủ Đức, Thành phố Hồ Chí Minh, Việt Nam",STREET_MATCH,10.8556547,106.7716747,"Đường số 8, Khu phố 14, Phường Linh Xuân, Thành phố Hồ Chí Minh, 71309, Việt Nam",3,ADMIN_PARTIAL_MATCH,STREET,False
156213,https://batdongsan.vn/ban-nha-83m2-mat-tien-hoang-xuan-hoanh-12m-q-tan-phu-79-ty-r156213,Hồ Chí Minh,Q. Tân Phú,street_and_ward,dedicated_address,"Hoàng Xuân Hoành, Phường Hiệp Tân, Quận Tân Phú",Hoàng Xuân Hoành Phường Hiệp Tân Quận Tân Phú,"Hoàng Xuân Hoành, Phường Hiệp Tân, Quận Tân Phú, Q. Tân Phú, Hồ Chí Minh, Việt Nam",NO_RESULT,,,,0,UNKNOWN,UNKNOWN,False,"Hoàng Xuân Hoành Phường Hiệp Tân Quận Tân Phú, Q. Tân Phú, Thành phố Hồ Chí Minh, Việt Nam",NO_RESULT,,,,0,UNKNOWN,UNKNOWN,False
117141,https://batdongsan.vn/quan-8-au-duong-lan-88m2-hem-xe-tai-ne-7-cho-vo-nha-hem-thong-kinh-doanh-khong-qh-khong-r117141,Hồ Chí Minh,Quận 8,street_and_ward,dedicated_address,"Cực đỉnh Phường 2, thông ra Tạ Quang Bửu, BXH, chợ, Trường học các cấp",Cực đỉnh Phường 2 thông ra Tạ Quang Bửu BXH chợ Trường học các cấp,"Cực đỉnh Phường 2, thông ra Tạ Quang Bửu, BXH, chợ, Trường học các cấp, Quận 8, Hồ Chí Minh, Việt Nam",NO_RESULT,,,,0,UNKNOWN,UNKNOWN,False,"Cực đỉnh Phường 2 thông ra Tạ Quang Bửu BXH chợ Trường học các cấp, Quận 8, Thành phố Hồ Chí Minh, Việt Nam",NO_RESULT,,,,0,UNKNOWN,UNKNOWN,False
140145,https://batdongsan.vn/ban-nhanh-toa-nha-dep-chdv-moi-100-sieu-vi-tri-khu-vuc-trung-tam-quan-10-r140145,Hồ Chí Minh,Quận 10 Quận 10,street_and_ward,dedicated_address,"5XX Sư Vạn Hạnh, Phường 10, Quận 10",5XX Sư Vạn Hạnh Phường 10 Quận 10,"5XX Sư Vạn Hạnh, Phường 10, Quận 10, Quận 10 Quận 10, Hồ Chí Minh, Việt Nam",NO_RESULT,,,,0,UNKNOWN,UNKNOWN,False,"5XX Sư Vạn Hạnh Phường 10 Quận 10, Quận 10 Quận 10, Thành phố Hồ Chí Minh, Việt Nam",NO_RESULT,,,,0,UNKNOWN,UNKNOWN,False
95623,https://batdongsan.vn/ban-nha-1tret-2lau-hem-xe-hoi-p-linh-tay-thu-duc-dt-131-m2-gia-12-ty-r265798,Hồ Chí Minh,Thủ Đức,street_and_ward,dedicated_address,"Cách đường chính số 9 100m, khoảng 700m là ra Phạm Văn Đồng, Kha Vạn Cân",Cách đường chính số 9 khoảng là ra Phạm Văn Đồng Kha Vạn Cân,"Cách đường chính số 9 100m, khoảng 700m là ra Phạm Văn Đồng, Kha Vạn Cân, Thủ Đức, Hồ Chí Minh, Việt Nam",NO_RESULT,,,,0,UNKNOWN,UNKNOWN,False,"Cách đường chính số 9 khoảng là ra Phạm Văn Đồng Kha Vạn Cân, Thủ Đức, Thành phố Hồ Chí Minh, Việt Nam",NO_RESULT,,,,0,UNKNOWN,UNKNOWN,False
164233,https://batdongsan.vn/ban-nha-rieng-cn-44m2-hem-xe-hoi-thong-duong-tran-van-on-tan-phu-r164233,Hồ Chí Minh,Tân Phú,street_and_ward,dedicated_address,"Đường Trần Văn Ơn, Phường Tân Sơn Nhì, Quận Tân Phú",Đường Trần Văn Ơn Phường Tân Sơn Nhì Quận Tân Phú,"Đường Trần Văn Ơn, Phường Tân Sơn Nhì, Quận Tân Phú, Tân Phú, Hồ Chí Minh, Việt Nam",NO_RESULT,,,,0,UNKNOWN,UNKNOWN,False,"Đường Trần Văn Ơn Phường Tân Sơn Nhì Quận Tân Phú, Thành phố Hồ Chí Minh, Việt Nam",NO_RESULT,,,,0,UNKNOWN,UNKNOWN,False
153301,https://batdongsan.vn/ban-nha-cn-110m2-hem-xe-tai-6m-duong-luu-chi-hieu-tan-phu-r153301,Hồ Chí Minh,Tân Phú,street_and_ward,dedicated_address,"Đường Lưu Chí Hiếu, Phường Tây Thạnh, Quận Tân Phú",Đường Lưu Chí Hiếu Phường Tây Thạnh Quận Tân Phú,"Đường Lưu Chí Hiếu, Phường Tây Thạnh, Quận Tân Phú, Tân Phú, Hồ Chí Minh, Việt Nam",NO_RESULT,,,,0,UNKNOWN,UNKNOWN,False,"Đường Lưu Chí Hiếu Phường Tây Thạnh Quận Tân Phú, Thành phố Hồ Chí Minh, Việt Nam",NO_RESULT,,,,0,UNKNOWN,UNKNOWN,False
156099,https://batdongsan.vn/bt27-biet-thu-moi-xay-ngang-khung-8m-x-15m-chi-7x-ty-khu-vuc-ten-lua-binh-tan-r156099,Hồ Chí Minh,Bình Tân,street_and_ward,dedicated_address,"Đường Lê Đình Cẩn, phường Tân Tạo, quận Bình Tân💰 Giá chào: 7",Đường Lê Đình Cẩn phường Tân Tạo quận Bình Tân💰 Giá chào 7,"Đường Lê Đình Cẩn, phường Tân Tạo, quận Bình Tân💰 Giá chào: 7, Bình Tân, Hồ Chí Minh, Việt Nam",NO_RESULT,,,,0,UNKNOWN,UNKNOWN,False,"Đường Lê Đình Cẩn phường Tân Tạo quận Bình Tân💰 Giá chào 7, Thành phố Hồ Chí Minh, Việt Nam",NO_RESULT,,,,0,UNKNOWN,UNKNOWN,False
191294,https://batdongsan.vn/nha-dep-gia-cuc-re-p-trung-my-tay-q12-tret-lau-dep-moi-phap-ly-chuan-chinh-r191294,Hồ Chí Minh,Quận 12,street_and_ward,title,"NHÀ ĐẸP GIÁ CỰC RẺ P. TRUNG MỸ TÂY, Q12 – TRỆT LẦU ĐẸP MỚI – PHÁP LÝ CHUẨN CHỈNH!",GIÁ CỰC RẺ P TRUNG MỸ TÂY Q12 TRỆT LẦU ĐẸP MỚI PHÁP LÝ CHUẨN CHỈNH,"NHÀ ĐẸP GIÁ CỰC RẺ P. TRUNG MỸ TÂY, Q12 – TRỆT LẦU ĐẸP MỚI – PHÁP LÝ CHUẨN CHỈNH!, Quận 12, Hồ Chí Minh, Việt Nam",NO_RESULT,,,,0,UNKNOWN,UNKNOWN,False,"GIÁ CỰC RẺ P TRUNG MỸ TÂY Q12 TRỆT LẦU ĐẸP MỚI PHÁP LÝ CHUẨN CHỈNH, Quận 12, Thành phố Hồ Chí Minh, Việt Nam",NO_RESULT,,,,0,UNKNOWN,UNKNOWN,False
196051,https://batdongsan.vn/chinh-chu-can-sang-mat-bang-sang-tiem-dien-thoai-cho-dai-hai-hoc-mon-tphcm-r196051,Hồ Chí Minh,Hóc Môn,street_and_ward,dedicated_address,"Chợ Đại Hải – Đường Phan Văn Hớn, Xã Xuân Thới Thượng, Huyện Hóc Môn",Chợ Đại Hải Đường Phan Văn Hớn Xã Xuân Thới Thượng Huyện Hóc Môn,"Chợ Đại Hải – Đường Phan Văn Hớn, Xã Xuân Thới Thượng, Huyện Hóc Môn, Hóc Môn, Hồ Chí Minh, Việt Nam",NO_RESULT,,,,0,UNKNOWN,UNKNOWN,False,"Chợ Đại Hải Đường Phan Văn Hớn Xã Xuân Thới Thượng Huyện Hóc Môn, Thành phố Hồ Chí Minh, Việt Nam",NO_RESULT,,,,0,UNKNOWN,UNKNOWN,False
88987,https://batdongsan.vn/go-vap-quang-trung-phuong-11-84m2-ngang-hon-5m-4-tang-chi-79-ty-r259157,Hồ Chí Minh,Gò Vấp,street_and_ward,dedicated_address,"đường Quang Trung, Phường 11, Gò Vấp",đường Quang Trung Phường 11 Gò Vấp,"đường Quang Trung, Phường 11, Gò Vấp, Gò Vấp, Hồ Chí Minh, Việt Nam",NO_RESULT,,,,0,UNKNOWN,UNKNOWN,False,"đường Quang Trung Phường 11 Gò Vấp, Thành phố Hồ Chí Minh, Việt Nam",STREET_MATCH,10.8322134,106.6704065,"Hẻm 312 Đường Quang Trung, Khu phố 9, Phường Gò Vấp, Thành phố Hồ Chí Minh, 72100, Việt Nam",5,ADMIN_MATCH,STREET,True
144485,https://batdongsan.vn/san-pham-gia-re-nhat-khu-vuc-hbc-sau-gigamall-chi-50trm2-ful-tho-r144485,Hồ Chí Minh,Thủ Đức,street_and_ward,dedicated_address,"Đường số 22, Phường Hiệp Bình Chánh, TP Thủ Đức",Đường số 22 Phường Hiệp Bình Chánh TP Thủ Đức,"Đường số 22, Phường Hiệp Bình Chánh, TP Thủ Đức, Thủ Đức, Hồ Chí Minh, Việt Nam",EXACT_MATCH,10.8310876,106.7291249,"Trụ sở Khu phố 5, 22, Đường số 8, Khu phố 37, Phường Hiệp Bình, Thành phố Hồ Chí Minh, 72309, Việt Nam",1,ADMIN_PARTIAL_MATCH,UNKNOWN,False,"Đường số 22 Phường Hiệp Bình Chánh TP Thủ Đức, Thành phố Hồ Chí Minh, Việt Nam",EXACT_MATCH,10.8310876,106.7291249,"Trụ sở Khu phố 5, 22, Đường số 8, Khu phố 37, Phường Hiệp Bình, Thành phố Hồ Chí Minh, 72309, Việt Nam",1,ADMIN_PARTIAL_MATCH,UNKNOWN,False
155046,https://batdongsan.vn/ban-nha-cach-mat-tien-50m2-thanh-xuan-25-phuong-thanh-xuan-q12-duong-nhua-10m2-sach-se-so-r155046,Hồ Chí Minh,Quận 12,street_and_ward,title,mặt tiền 50m2,,"mặt tiền 50m2, Quận 12, Hồ Chí Minh, Việt Nam",NO_RESULT,,,,0,UNKNOWN,UNKNOWN,False,"Quận 12, Thành phố Hồ Chí Minh, Việt Nam",EXACT_MATCH,10.8612652,106.6642083,"Quận 12, Thành phố Hồ Chí Minh, Việt Nam",1,ADMIN_MATCH,UNKNOWN,False
125603,https://batdongsan.vn/ban-nha-mat-tien-5-tang-5x12m-gia-125-ty-duong-hiep-thanh-43-r125603,Hồ Chí Minh,Quận 12,street_and_ward,dedicated_address,"Mặt tiền đường 40m thuật tiện di chuyển kết nối Nguyễn ảnh Thủ  , Nguyễn Thị Búp Phường Vip Hiệp Thành",đường thuật tiện di chuyển kết nối Nguyễn ảnh Thủ Nguyễn Thị Búp Phường Vip Hiệp Thành,"Mặt tiền đường 40m thuật tiện di chuyển kết nối Nguyễn ảnh Thủ  , Nguyễn Thị Búp Phường Vip Hiệp Thành, Quận 12, Hồ Chí Minh, Việt Nam",NO_RESULT,,,,0,UNKNOWN,UNKNOWN,False,"đường thuật tiện di chuyển kết nối Nguyễn ảnh Thủ Nguyễn Thị Búp Phường Vip Hiệp Thành, Quận 12, Thành phố Hồ Chí Minh, Việt Nam",NO_RESULT,,,,0,UNKNOWN,UNKNOWN,False
91632,https://batdongsan.vn/ban-nha-3-tang-btct-hxh-khu-pho-am-thuc-van-kiep-binh-thanh-r261806,Hồ Chí Minh,Bình Thạnh,street_and_ward,dedicated_address,"Vạn Kiếp , phường 3, Bình Thạnh, ( 3,3x5,3m) giá 3,9 tỷ còn thương lượng với chủ",Vạn Kiếp phường 3 Bình Thạnh 3,"Vạn Kiếp , phường 3, Bình Thạnh, ( 3,3x5,3m) giá 3,9 tỷ còn thương lượng với chủ, Bình Thạnh, Hồ Chí Minh, Việt Nam",NO_RESULT,,,,0,UNKNOWN,UNKNOWN,False,"Vạn Kiếp phường 3 Bình Thạnh 3, Thành phố Hồ Chí Minh, Việt Nam",NO_RESULT,,,,0,UNKNOWN,UNKNOWN,False
92268,https://batdongsan.vn/can-ban-nha-duong-nguyen-van-bua-xa-pvh-gia-550tr-r262443,Hồ Chí Minh,Bình Chánh,street_and_ward,title,đường Nguyễn Văn Bứa xã PVH giá 550tr,đường Nguyễn Văn Bứa xã PVH,"đường Nguyễn Văn Bứa xã PVH giá 550tr, Bình Chánh, Hồ Chí Minh, Việt Nam",NO_RESULT,,,,0,UNKNOWN,UNKNOWN,False,"đường Nguyễn Văn Bứa xã PVH, Bình Chánh, Thành phố Hồ Chí Minh, Việt Nam",NO_RESULT,,,,0,UNKNOWN,UNKNOWN,False
182304,https://batdongsan.vn/ban-nha-pho-183-ha-huy-giap-quan-12-r182304,Hồ Chí Minh,Quận 12 Quận 12,street_only,dedicated_address,"Ngay trục đường Hà Huy Giáp, giao thông thuận tiện, dân cư đông đúc, thích hợp kinh doanh đa ngành",Ngay trục đường Hà Huy Giáp giao thông thuận tiện dân cư đông đúc thích hợp đa ngành,"Ngay trục đường Hà Huy Giáp, giao thông thuận tiện, dân cư đông đúc, thích hợp kinh doanh đa ngành, Quận 12 Quận 12, Hồ Chí Minh, Việt Nam",NO_RESULT,,,,0,UNKNOWN,UNKNOWN,False,"Ngay trục đường Hà Huy Giáp giao thông thuận tiện dân cư đông đúc thích hợp đa ngành, Quận 12 Quận 12, Thành phố Hồ Chí Minh, Việt Nam",NO_RESULT,,,,0,UNKNOWN,UNKNOWN,False
155893,https://batdongsan.vn/mt-khung-15x25m-truong-thi-hoa-q12-vi-tri-vang-cho-cafe-ngan-hang-tiem-vang-r155893,Hồ Chí Minh,Quận 12,street_only,title,"MT KHỦNG (15x25m) – TRƯƠNG THỊ HOA, Q12 – VỊ TRÍ VÀNG CHO CAFE, NGÂN HÀNG, TIỆM VÀNG",MT KHỦNG TRƯƠNG THỊ HOA Q12 VỊ TRÍ VÀNG CHO CAFE NGÂN HÀNG TIỆM VÀNG,"MT KHỦNG (15x25m) – TRƯƠNG THỊ HOA, Q12 – VỊ TRÍ VÀNG CHO CAFE, NGÂN HÀNG, TIỆM VÀNG, Quận 12, Hồ Chí Minh, Việt Nam",NO_RESULT,,,,0,UNKNOWN,UNKNOWN,False,"MT KHỦNG TRƯƠNG THỊ HOA Q12 VỊ TRÍ VÀNG CHO CAFE NGÂN HÀNG TIỆM VÀNG, Quận 12, Thành phố Hồ Chí Minh, Việt Nam",NO_RESULT,,,,0,UNKNOWN,UNKNOWN,False
185089,https://batdongsan.vn/ban-nha-dep-duong-quang-ham-p6-go-vap-5-tang-gara-thang-may-54m2-92-ty-tl-r185089,Hồ Chí Minh,Gò Vấp,street_only,title,"BÁN NHÀ ĐẸP DƯƠNG QUẢNG HÀM P6 GÒ VẤP,  5 TẦNG GARA THANG MÁY,  54M2, 9.2 TỶ TL",ĐẸP DƯƠNG QUẢNG HÀM P6 GÒ VẤP GARA,"BÁN NHÀ ĐẸP DƯƠNG QUẢNG HÀM P6 GÒ VẤP,  5 TẦNG GARA THANG MÁY,  54M2, 9.2 TỶ TL, Gò Vấp, Hồ Chí Minh, Việt Nam",NO_RESULT,,,,0,UNKNOWN,UNKNOWN,False,"ĐẸP DƯƠNG QUẢNG HÀM P6 GÒ VẤP GARA, Thành phố Hồ Chí Minh, Việt Nam",NO_RESULT,,,,0,UNKNOWN,UNKNOWN,False
142274,https://batdongsan.vn/ban-nha-chinh-chu-cao-lo-quan-8-tphcm-r142274,Hồ Chí Minh,Quận 8,street_only,dedicated_address,"Cao Lỗ, Quận 8, TP",Cao Lỗ Quận 8 TP,"Cao Lỗ, Quận 8, TP, Quận 8, Hồ Chí Minh, Việt Nam",NO_RESULT,,,,0,UNKNOWN,UNKNOWN,False,"Cao Lỗ Quận 8 TP, Thành phố Hồ Chí Minh, Việt Nam",NO_RESULT,,,,0,UNKNOWN,UNKNOWN,False
180424,https://batdongsan.vn/ban-nha-mat-pho-gan-truong-hoc-5-tang-4x16m-duong-24m-ta-quang-buu-quan-8-chi-17-ty-r180424,Hồ Chí Minh,Quận 8,street_only,title,PHỐ GẦN TRƯỜNG HỌC,PHỐ GẦN TRƯỜNG HỌC,"PHỐ GẦN TRƯỜNG HỌC, Quận 8, Hồ Chí Minh, Việt Nam",NO_RESULT,,,,0,UNKNOWN,UNKNOWN,False,"PHỐ GẦN TRƯỜNG HỌC, Quận 8, Thành phố Hồ Chí Minh, Việt Nam",NO_RESULT,,,,0,UNKNOWN,UNKNOWN,False
117525,https://batdongsan.vn/chinh-chu-ngop-bank-ban-gap-mt-kinh-doanhchdv-hiep-thanh-13-quan-12-10x25-gia-tot-13t-r117525,Hồ Chí Minh,Quận 12,street_only,description,CHÍNH CHỦ NGỘP BANK BÁN GẤP MT KINH DOANH+CHDV HIỆP THÀNH 13 QUẬN 12 (10x25) GIÁ TỐT 13T,NGỘP BANK BÁN GẤP MT +CHDV HIỆP THÀNH 13 QUẬN 12 GIÁ TỐT 13T,"CHÍNH CHỦ NGỘP BANK BÁN GẤP MT KINH DOANH+CHDV HIỆP THÀNH 13 QUẬN 12 (10x25) GIÁ TỐT 13T, Quận 12, Hồ Chí Minh, Việt Nam",NO_RESULT,,,,0,UNKNOWN,UNKNOWN,False,"NGỘP BANK BÁN GẤP MT +CHDV HIỆP THÀNH 13 QUẬN 12 GIÁ TỐT 13T, Thành phố Hồ Chí Minh, Việt Nam",NO_RESULT,,,,0,UNKNOWN,UNKNOWN,False
91228,https://batdongsan.vn/hang-nong-chua-qua-dau-tu-nha-hxh-duong-ao-doi-binh-tri-dong-a-binh-tan-r261402,Hồ Chí Minh,Bình Tân,street_only,title,đường Ao Đôi,đường Ao Đôi,"đường Ao Đôi, Bình Tân, Hồ Chí Minh, Việt Nam",NO_RESULT,,,,0,UNKNOWN,UNKNOWN,False,"đường Ao Đôi, Bình Tân, Thành phố Hồ Chí Minh, Việt Nam",NO_RESULT,,,,0,UNKNOWN,UNKNOWN,False
194840,https://batdongsan.vn/ban-nha-rieng-mat-pho-lien-khu-5-6-dt80m2-tl-chinh-chu-r194840,Hồ Chí Minh,Bình Tân,street_only,title,phố Liên Khu 5-6 dt,phố Liên Khu 5 6 dt,"phố Liên Khu 5-6 dt, Bình Tân, Hồ Chí Minh, Việt Nam",NO_RESULT,,,,0,UNKNOWN,UNKNOWN,False,"phố Liên Khu 5 6 dt, Bình Tân, Thành phố Hồ Chí Minh, Việt Nam",NO_RESULT,,,,0,UNKNOWN,UNKNOWN,False
164987,https://batdongsan.vn/co-hoi-so-huu-kho-gan-17-ha-tan-thoi-nhat-8-q12-hcm-dong-tien-15-tyth-chi-389-ty-r164987,Hồ Chí Minh,Quận 12,street_only,title,"Cơ hội Sở Hữu Kho  Gần 1,7 ha Tân Thới Nhất 8, Q12, HCM - Dòng Tiền 1.5 Tỷ/th Chỉ 389 Tỷ",Cơ hội Sở Hữu Kho Gần 1 7 ha Tân Thới Nhất 8 Q12 HCM Dòng Tiền,"Cơ hội Sở Hữu Kho  Gần 1,7 ha Tân Thới Nhất 8, Q12, HCM - Dòng Tiền 1.5 Tỷ/th Chỉ 389 Tỷ, Quận 12, Hồ Chí Minh, Việt Nam",NO_RESULT,,,,0,UNKNOWN,UNKNOWN,False,"Cơ hội Sở Hữu Kho Gần 1 7 ha Tân Thới Nhất 8 Q12 HCM Dòng Tiền, Quận 12, Thành phố Hồ Chí Minh, Việt Nam",NO_RESULT,,,,0,UNKNOWN,UNKNOWN,False
173398,https://batdongsan.vn/nha-pho-tan-co-dien-duc-4-tam-42x125-kpl-dong-bo-nha-cao-tang-dan-tri-cao-r173398,Hồ Chí Minh,Gò Vấp,street_only,title,PHỐ TÂN CỔ ĐIỂN ĐÚC 4 TẤM - 4,PHỐ TÂN CỔ ĐIỂN ĐÚC 4 TẤM 4,"PHỐ TÂN CỔ ĐIỂN ĐÚC 4 TẤM - 4, Gò Vấp, Hồ Chí Minh, Việt Nam",NO_RESULT,,,,0,UNKNOWN,UNKNOWN,False,"PHỐ TÂN CỔ ĐIỂN ĐÚC 4 TẤM 4, Gò Vấp, Thành phố Hồ Chí Minh, Việt Nam",NO_RESULT,,,,0,UNKNOWN,UNKNOWN,False
93698,https://batdongsan.vn/nha-tan-thoi-hiep-quan-12-6-ty100m2tang-noi-that-1-ty-r263873,Hồ Chí Minh,Quận 12,street_only,description,"NHÀ TÂN THỚI HIỆP, QUẬN 12, 6 tỷ,100m2,TẶNG NỘI THẤT 1 TỲ",NHÀ TÂN THỚI HIỆP QUẬN 12 TẶNG NỘI THẤT 1 TỲ,"NHÀ TÂN THỚI HIỆP, QUẬN 12, 6 tỷ,100m2,TẶNG NỘI THẤT 1 TỲ, Quận 12, Hồ Chí Minh, Việt Nam",NO_RESULT,,,,0,UNKNOWN,UNKNOWN,False,"NHÀ TÂN THỚI HIỆP QUẬN 12 TẶNG NỘI THẤT 1 TỲ, Thành phố Hồ Chí Minh, Việt Nam",NO_RESULT,,,,0,UNKNOWN,UNKNOWN,False
122323,https://batdongsan.vn/thanh-nha-moi-noi-that-cao-cap-lech-tang-hien-dai-cong-suat-cho-thue-50trthang-mat-tien-kinh-r122323,Hồ Chí Minh,Quận 7,street_only,title,MẶT TIỀN KINH,KINH,"MẶT TIỀN KINH, Quận 7, Hồ Chí Minh, Việt Nam",NO_RESULT,,,,0,UNKNOWN,UNKNOWN,False,"KINH, Quận 7, Thành phố Hồ Chí Minh, Việt Nam",EXACT_MATCH,10.7547919,106.6815035,"Trường Cao đẳng Kinh tế đối ngoại, 81, Đường Trần Bình Trọng, Khu phố 7, Phường Chợ Quán, Thành phố Hồ Chí Minh, 72722, Việt Nam",1,ADMIN_MATCH,UNKNOWN,False
194769,https://batdongsan.vn/gia-21-ty-mat-tien-duong-so-gan-gigamall-nha-tret-3-lau-17-phong-khai-thac-dong-tien-r194769,Hồ Chí Minh,Thủ Đức,street_only,dedicated_address,"Mặt tiền đường số 20, chỉ 2 phút tới Gigamall &",đường số 20 chỉ 2 phút tới Gigamall &,"Mặt tiền đường số 20, chỉ 2 phút tới Gigamall &, Thủ Đức, Hồ Chí Minh, Việt Nam",NO_RESULT,,,,0,UNKNOWN,UNKNOWN,False,"đường số 20 chỉ 2 phút tới Gigamall &, Thủ Đức, Thành phố Hồ Chí Minh, Việt Nam",NO_RESULT,,,,0,UNKNOWN,UNKNOWN,False
177755,https://batdongsan.vn/ban-nha-toa-nha-7-tang-hem-6m-le-van-huan-8x28m-co-45-chdv-khoan-135tr-34-ty-r177755,Hồ Chí Minh,Tân Bình,street_only,dedicated_address,"Mặt tiền Lê Văn Huân, kết nối Cộng Hòa ra đường C12 vào Nhà ga T3 sân bay Tân Sơn Nhất",Lê Văn Huân kết nối Cộng Hòa ra đường C12 vào Nhà ga T3 sân bay Tân Sơn Nhất,"Mặt tiền Lê Văn Huân, kết nối Cộng Hòa ra đường C12 vào Nhà ga T3 sân bay Tân Sơn Nhất, Tân Bình, Hồ Chí Minh, Việt Nam",NO_RESULT,,,,0,UNKNOWN,UNKNOWN,False,"Lê Văn Huân kết nối Cộng Hòa ra đường C12 vào Nhà ga T3 sân bay Tân Sơn Nhất, Tân Bình, Thành phố Hồ Chí Minh, Việt Nam",NO_RESULT,,,,0,UNKNOWN,UNKNOWN,False
147942,https://batdongsan.vn/mat-tien-duong-ba-trieu-duong-20m-vua-o-vua-kinh-doanh-buon-ban-sam-uat-nha-cap-4-tien-xay-moi-r147942,Hồ Chí Minh,Hóc Môn,street_only,title,MẶT TIỀN ĐƯỜNG BÀ TRIỆU ĐƯỜNG 20M VỪA Ở VỪA KINH DOANH BUÔN BÁN SẦM UẤT - NHÀ CẤP 4 TIỆN XÂY MỚI,ĐƯỜNG BÀ TRIỆU ĐƯỜNG VỪA Ở VỪA BUÔN BÁN SẦM UẤT NHÀ CẤP 4 TIỆN XÂY MỚI,"MẶT TIỀN ĐƯỜNG BÀ TRIỆU ĐƯỜNG 20M VỪA Ở VỪA KINH DOANH BUÔN BÁN SẦM UẤT - NHÀ CẤP 4 TIỆN XÂY MỚI, Hóc Môn, Hồ Chí Minh, Việt Nam",NO_RESULT,,,,0,UNKNOWN,UNKNOWN,False,"ĐƯỜNG BÀ TRIỆU ĐƯỜNG VỪA Ở VỪA BUÔN BÁN SẦM UẤT NHÀ CẤP 4 TIỆN XÂY MỚI, Hóc Môn, Thành phố Hồ Chí Minh, Việt Nam",NO_RESULT,,,,0,UNKNOWN,UNKNOWN,False
178986,https://batdongsan.vn/ban-nha-2-mat-tien-vinh-vien-gan-nguyen-tri-phuong-43x13m-5-tang-5pn-182-ty-r178986,Hồ Chí Minh,Quận 10,street_only,title,mặt tiền Vĩnh Viễn - gần Nguyễn Tri Phương,Vĩnh Viễn gần Nguyễn Tri Phương,"mặt tiền Vĩnh Viễn - gần Nguyễn Tri Phương, Quận 10, Hồ Chí Minh, Việt Nam",NO_RESULT,,,,0,UNKNOWN,UNKNOWN,False,"Vĩnh Viễn gần Nguyễn Tri Phương, Quận 10, Thành phố Hồ Chí Minh, Việt Nam",NO_RESULT,,,,0,UNKNOWN,UNKNOWN,False
166532,https://batdongsan.vn/nha-74m2-gan-le-duc-tho-le-van-tho-pham-van-chieu-quan-go-vap-r166532,Hồ Chí Minh,Quận Gò Vấp,street_only,description,"NHÀ 74M2  GẦN LÊ ĐỨC THỌ, LÊ VAN THỌ, PHẠM VAN CHIÊU , QUẬN GÒ VẤP.",NHÀ GẦN LÊ ĐỨC THỌ LÊ VAN THỌ PHẠM VAN CHIÊU QUẬN GÒ VẤP,"NHÀ 74M2  GẦN LÊ ĐỨC THỌ, LÊ VAN THỌ, PHẠM VAN CHIÊU , QUẬN GÒ VẤP., Quận Gò Vấp, Hồ Chí Minh, Việt Nam",NO_RESULT,,,,0,UNKNOWN,UNKNOWN,False,"NHÀ GẦN LÊ ĐỨC THỌ LÊ VAN THỌ PHẠM VAN CHIÊU QUẬN GÒ VẤP, Thành phố Hồ Chí Minh, Việt Nam",NO_RESULT,,,,0,UNKNOWN,UNKNOWN,False
172232,https://batdongsan.vn/ban-sieu-pham-7-tang-mat-tien-kinh-doanh-duong-nguyen-thai-hoc-quan-1-chu-nha-de-thuong-giam-r172232,Hồ Chí Minh,Quận 1,street_only,title,"MẶT TIỀN KINH DOANH ĐƯỜNG NGUYỄN THÁI HỌC, QUẬN 1 - CHỦ NHÀ DỄ THƯƠNG GIẢM",ĐƯỜNG NGUYỄN THÁI HỌC QUẬN 1 CHỦ NHÀ DỄ THƯƠNG GIẢM,"MẶT TIỀN KINH DOANH ĐƯỜNG NGUYỄN THÁI HỌC, QUẬN 1 - CHỦ NHÀ DỄ THƯƠNG GIẢM, Quận 1, Hồ Chí Minh, Việt Nam",NO_RESULT,,,,0,UNKNOWN,UNKNOWN,False,"ĐƯỜNG NGUYỄN THÁI HỌC QUẬN 1 CHỦ NHÀ DỄ THƯƠNG GIẢM, Thành phố Hồ Chí Minh, Việt Nam",NO_RESULT,,,,0,UNKNOWN,UNKNOWN,False
159388,https://batdongsan.vn/chi-72-ty-tl-82m2-nha-5-tang3pn-gan-cong-vien-lang-hoa-phan-huy-ich-go-vap-r159388,Hồ Chí Minh,Gò Vấp,street_only,title,"Chỉ 7.2 Tỷ TL! 82M² – Nhà 5 Tầng/3PN – Gần Công Viên Làng Hoa, Phan Huy Ích Gò Vấp!",82M² Nhà / Gần Công Viên Làng Hoa Phan Huy Ích Gò Vấp,"Chỉ 7.2 Tỷ TL! 82M² – Nhà 5 Tầng/3PN – Gần Công Viên Làng Hoa, Phan Huy Ích Gò Vấp!, Gò Vấp, Hồ Chí Minh, Việt Nam",NO_RESULT,,,,0,UNKNOWN,UNKNOWN,False,"82M² Nhà / Gần Công Viên Làng Hoa Phan Huy Ích Gò Vấp, Thành phố Hồ Chí Minh, Việt Nam",NO_RESULT,,,,0,UNKNOWN,UNKNOWN,False
183152,https://batdongsan.vn/nha-ngon-tam-chau-tam-phu-68m2-3pn-oto-gia-rieu-tot-nhinh-5-ty-r183152,Hồ Chí Minh,Thủ Đức,street_only,dedicated_address,"Ngay đường Tam Châu cách bệnh viện tp Thủ Đức 300m, 500m ra quốc lộ 1A, 1,5km ra Phạm Văn Đồng",Ngay đường Tam Châu cách bệnh viện tp Thủ Đức ra quốc lộ 1A 1 5km ra Phạm Văn Đồng,"Ngay đường Tam Châu cách bệnh viện tp Thủ Đức 300m, 500m ra quốc lộ 1A, 1,5km ra Phạm Văn Đồng, Thủ Đức, Hồ Chí Minh, Việt Nam",NO_RESULT,,,,0,UNKNOWN,UNKNOWN,False,"Ngay đường Tam Châu cách bệnh viện tp Thủ Đức ra quốc lộ 1A 1 5km ra Phạm Văn Đồng, Thành phố Hồ Chí Minh, Việt Nam",NO_RESULT,,,,0,UNKNOWN,UNKNOWN,False
140774,https://batdongsan.vn/ban-nha-mat-pho-cong-quynh-quan-1-199-ty-76m2-4-tang-8-pn-so-hong-r140774,Hồ Chí Minh,Quận 1,street_only,title,PHỐ CỐNG QUỲNH - QUẬN 1 - 19,PHỐ CỐNG QUỲNH QUẬN 1 19,"PHỐ CỐNG QUỲNH - QUẬN 1 - 19, Quận 1, Hồ Chí Minh, Việt Nam",NO_RESULT,,,,0,UNKNOWN,UNKNOWN,False,"PHỐ CỐNG QUỲNH QUẬN 1 19, Thành phố Hồ Chí Minh, Việt Nam",NO_RESULT,,,,0,UNKNOWN,UNKNOWN,False
85757,https://batdongsan.vn/ban-gap-nha-dep-363m2-18-ty-au-duong-lan-quan-8-r255925,Hồ Chí Minh,Quận 8,street_only,description,"BÁN GẤP NHÀ ĐẸP 36.3M2 1.8 TỶ, ÂU DƯƠNG LÂN QUẬN 8",BÁN GẤP 36 ÂU DƯƠNG LÂN QUẬN 8,"BÁN GẤP NHÀ ĐẸP 36.3M2 1.8 TỶ, ÂU DƯƠNG LÂN QUẬN 8, Quận 8, Hồ Chí Minh, Việt Nam",EXACT_MATCH,10.7469298,106.6828349,"Trường Tiểu Học Âu Dương Lân, 79, Âu Dương Lân, Khu phố 20, Phường Chánh Hưng, Thành phố Hồ Chí Minh, 73023, Việt Nam",1,ADMIN_PARTIAL_MATCH,UNKNOWN,False,"BÁN GẤP 36 ÂU DƯƠNG LÂN QUẬN 8, Thành phố Hồ Chí Minh, Việt Nam",NO_RESULT,,,,0,UNKNOWN,UNKNOWN,False
180039,https://batdongsan.vn/ban-nha-mat-tien-xo-viet-nghe-tinh-ngay-ung-van-khiem-6x51m-cap-4-1-doi-chu-60-ty-r180039,Hồ Chí Minh,Bình Thạnh,street_only,title,Mặt tiền Xô Viết Nghệ Tĩnh - ngay Ung Văn Khiêm,Xô Viết Nghệ Tĩnh ngay Ung Văn Khiêm,"Mặt tiền Xô Viết Nghệ Tĩnh - ngay Ung Văn Khiêm, Bình Thạnh, Hồ Chí Minh, Việt Nam",NO_RESULT,,,,0,UNKNOWN,UNKNOWN,False,"Xô Viết Nghệ Tĩnh ngay Ung Văn Khiêm, Bình Thạnh, Thành phố Hồ Chí Minh, Việt Nam",NO_RESULT,,,,0,UNKNOWN,UNKNOWN,False
145677,https://batdongsan.vn/nha-ban-view-cau-quan-1-mat-tien-duong-hoang-dieu-vi-tri-kinh-doanh-sam-uat-r145677,Hồ Chí Minh,Quận 1,street_only,title,MẶT TIỀN ĐƯỜNG HOÀNG DIỆU- VỊ TRÍ KINH DOANH SẦM UÁT.,ĐƯỜNG HOÀNG DIỆU VỊ TRÍ SẦM UÁT,"MẶT TIỀN ĐƯỜNG HOÀNG DIỆU- VỊ TRÍ KINH DOANH SẦM UÁT., Quận 1, Hồ Chí Minh, Việt Nam",NO_RESULT,,,,0,UNKNOWN,UNKNOWN,False,"ĐƯỜNG HOÀNG DIỆU VỊ TRÍ SẦM UÁT, Quận 1, Thành phố Hồ Chí Minh, Việt Nam",NO_RESULT,,,,0,UNKNOWN,UNKNOWN,False
155256,https://batdongsan.vn/sieu-pham-giua-long-phu-nhuan-nha-4-tang-nguyen-dinh-chieu-chi-nhinh-5ty-r155256,Hồ Chí Minh,Phú Nhuận,street_only,title,🔥🎁SIÊU PHẨM GIỮA LÒNG PHÚ NHUẬN – NHÀ 4 TẦNG NGUYỄN ĐÌNH CHIỂU - CHỈ NHỈNH 5️⃣TỶ🚀🎁,🎁 GIỮA LÒNG PHÚ NHUẬN NHÀ NGUYỄN ĐÌNH CHIỂU CHỈ NHỈNH 5️⃣TỶ🚀🎁,"🔥🎁SIÊU PHẨM GIỮA LÒNG PHÚ NHUẬN – NHÀ 4 TẦNG NGUYỄN ĐÌNH CHIỂU - CHỈ NHỈNH 5️⃣TỶ🚀🎁, Phú Nhuận, Hồ Chí Minh, Việt Nam",NO_RESULT,,,,0,UNKNOWN,UNKNOWN,False,"🎁 GIỮA LÒNG PHÚ NHUẬN NHÀ NGUYỄN ĐÌNH CHIỂU CHỈ NHỈNH 5️⃣TỶ🚀🎁, Thành phố Hồ Chí Minh, Việt Nam",NO_RESULT,,,,0,UNKNOWN,UNKNOWN,False
111438,https://batdongsan.vn/ban-nha-mat-tien-duong-so-3-doi-dien-truong-hoc-r281632,Hồ Chí Minh,Bình Tân,street_only,title,mặt tiền đường số 3 đối diện trường học,đường số 3 đối diện trường học,"mặt tiền đường số 3 đối diện trường học, Bình Tân, Hồ Chí Minh, Việt Nam",NO_RESULT,,,,0,UNKNOWN,UNKNOWN,False,"đường số 3 đối diện trường học, Bình Tân, Thành phố Hồ Chí Minh, Việt Nam",NO_RESULT,,,,0,UNKNOWN,UNKNOWN,False
156519,https://batdongsan.vn/ban-nha-mat-tien-duong-kinh-doanh-nguyen-van-cong-go-vap-chinh-chu-1-doi-ban-chia-tai-san-73m2-r156519,Hồ Chí Minh,Gò Vấp,street_only,title,MẶT TIỀN ĐƯỜNG KINH DOANH NGUYỄN VĂN CÔNG GÒ VẤP  CHÍNH CHỦ 1 ĐỜI BÁN CHIA TÀI SẢN - 73M2(,ĐƯỜNG NGUYỄN VĂN CÔNG GÒ VẤP 1 ĐỜI BÁN CHIA TÀI SẢN,"MẶT TIỀN ĐƯỜNG KINH DOANH NGUYỄN VĂN CÔNG GÒ VẤP  CHÍNH CHỦ 1 ĐỜI BÁN CHIA TÀI SẢN - 73M2(, Gò Vấp, Hồ Chí Minh, Việt Nam",NO_RESULT,,,,0,UNKNOWN,UNKNOWN,False,"ĐƯỜNG NGUYỄN VĂN CÔNG GÒ VẤP 1 ĐỜI BÁN CHIA TÀI SẢN, Thành phố Hồ Chí Minh, Việt Nam",NO_RESULT,,,,0,UNKNOWN,UNKNOWN,False
109943,https://batdongsan.vn/ban-nha-mat-tien-duong-so-44-tan-tao-r280137,Hồ Chí Minh,Bình Tân,street_only,title,mặt tiền đường số 44 Tân Tạo,đường số 44 Tân Tạo,"mặt tiền đường số 44 Tân Tạo, Bình Tân, Hồ Chí Minh, Việt Nam",NO_RESULT,,,,0,UNKNOWN,UNKNOWN,False,"đường số 44 Tân Tạo, Bình Tân, Thành phố Hồ Chí Minh, Việt Nam",EXACT_MATCH,10.7595942,106.5748981,"Đường số 1, Khu phố 16, Phường Tân Tạo, Thành phố Hồ Chí Minh, 71915, Việt Nam",1,ADMIN_PARTIAL_MATCH,STREET,False
95902,https://batdongsan.vn/go-vap-le-van-tho-cv-lang-hoa-nha-full-noi-that-kv-4x85m-chi-285-ty-r266077,Hồ Chí Minh,Gò Vấp,street_only,title,"GÒ VẤP, LÊ VĂN THỌ, CV LÀNG HOA, NHÀ FULL NỘI THẤT, KV 4x8.5m, CHỈ 2.85 TỶ",GÒ VẤP LÊ VĂN THỌ CV LÀNG HOA NHÀ KV,"GÒ VẤP, LÊ VĂN THỌ, CV LÀNG HOA, NHÀ FULL NỘI THẤT, KV 4x8.5m, CHỈ 2.85 TỶ, Gò Vấp, Hồ Chí Minh, Việt Nam",NO_RESULT,,,,0,UNKNOWN,UNKNOWN,False,"GÒ VẤP LÊ VĂN THỌ CV LÀNG HOA NHÀ KV, Thành phố Hồ Chí Minh, Việt Nam",NO_RESULT,,,,0,UNKNOWN,UNKNOWN,False
122416,https://batdongsan.vn/ban-nha-quan-7duong-nguyen-van-quyhem-thong1-tang3-phong-ngugia-55-ty-r122416,Hồ Chí Minh,Quận 7,street_only,title,ĐƯỜNG NGUYỄN VĂN QUỲ,ĐƯỜNG NGUYỄN VĂN QUỲ,"ĐƯỜNG NGUYỄN VĂN QUỲ, Quận 7, Hồ Chí Minh, Việt Nam",NO_RESULT,,,,0,UNKNOWN,UNKNOWN,False,"ĐƯỜNG NGUYỄN VĂN QUỲ, Quận 7, Thành phố Hồ Chí Minh, Việt Nam",NO_RESULT,,,,0,UNKNOWN,UNKNOWN,False
162863,https://batdongsan.vn/ban-nha-mat-tien-kinh-doanh-duong-ta-quang-buu-sat-ben-xe-quan-8-gia-chi-nhinh-10-ty-goi-r162863,Hồ Chí Minh,Quận 8,street_only,title,MẶT TIỀN KINH DOANH ĐƯỜNG TẠ QUANG BỬU – SÁT BẾN XE QUẬN 8 – GIÁ CHỈ NHỈNH 10 TỶ. GỌI,ĐƯỜNG TẠ QUANG BỬU SÁT BẾN XE QUẬN 8 GIÁ CHỈ GỌI,"MẶT TIỀN KINH DOANH ĐƯỜNG TẠ QUANG BỬU – SÁT BẾN XE QUẬN 8 – GIÁ CHỈ NHỈNH 10 TỶ. GỌI, Quận 8, Hồ Chí Minh, Việt Nam",NO_RESULT,,,,0,UNKNOWN,UNKNOWN,False,"ĐƯỜNG TẠ QUANG BỬU SÁT BẾN XE QUẬN 8 GIÁ CHỈ GỌI, Thành phố Hồ Chí Minh, Việt Nam",NO_RESULT,,,,0,UNKNOWN,UNKNOWN,False
121966,https://batdongsan.vn/hiem-hot-tan-binh-tran-van-quang-25m2-3-tang-giam-con-255-ty-r121966,Hồ Chí Minh,Tân Bình,street_only,title,HIẾM - HOT - TÂN BÌNH- TRẦN VĂN QUANG- 25M2- 3 TẦNG- GIẢM CÒN 2.55 TỶ,HOT TÂN BÌNH TRẦN VĂN QUANG GIẢM CÒN,"HIẾM - HOT - TÂN BÌNH- TRẦN VĂN QUANG- 25M2- 3 TẦNG- GIẢM CÒN 2.55 TỶ, Tân Bình, Hồ Chí Minh, Việt Nam",NO_RESULT,,,,0,UNKNOWN,UNKNOWN,False,"HOT TÂN BÌNH TRẦN VĂN QUANG GIẢM CÒN, Thành phố Hồ Chí Minh, Việt Nam",NO_RESULT,,,,0,UNKNOWN,UNKNOWN,False
124115,https://batdongsan.vn/3-tang-kha-van-can-3pn-2wc-btct-gia-19-ty-r124115,Hồ Chí Minh,Thủ Đức,street_only,dedicated_address,"Ngay trung tâm Thủ Đức, gần gần ĐH Cảnh Sát , CĐ Kỹ Thuật, các tuyến đường",Ngay trung tâm Thủ Đức gần gần ĐH Cảnh Sát CĐ Kỹ Thuật các tuyến đường,"Ngay trung tâm Thủ Đức, gần gần ĐH Cảnh Sát , CĐ Kỹ Thuật, các tuyến đường, Thủ Đức, Hồ Chí Minh, Việt Nam",NO_RESULT,,,,0,UNKNOWN,UNKNOWN,False,"Ngay trung tâm Thủ Đức gần gần ĐH Cảnh Sát CĐ Kỹ Thuật các tuyến đường, Thành phố Hồ Chí Minh, Việt Nam",NO_RESULT,,,,0,UNKNOWN,UNKNOWN,False
88759,https://batdongsan.vn/nha-6-tang-thiet-ke-penhouse-thang-may-mat-tien-kinh-doanh-tan-thoi-nhat-q-12-chi-18-ty-8-r258929,Hồ Chí Minh,Q. 12,street_only,title,Mặt tiền Kinh Doanh-Tân Thới Nhất-Q. 12-Chỉ 18 tỷ 8,Tân Thới Nhất Q 12 8,"Mặt tiền Kinh Doanh-Tân Thới Nhất-Q. 12-Chỉ 18 tỷ 8, Q. 12, Hồ Chí Minh, Việt Nam",NO_RESULT,,,,0,UNKNOWN,UNKNOWN,False,"Tân Thới Nhất Q 12 8, Q. 12, Thành phố Hồ Chí Minh, Việt Nam",NO_RESULT,,,,0,UNKNOWN,UNKNOWN,False
181425,https://batdongsan.vn/nha-pho-thang-may-dang-cap-4-tang-full-noi-that-ngay-nga-tu-ga-quan-12-r181425,Hồ Chí Minh,Quận 12,street_only,title,PHỐ THANG MÁY - ĐẲNG CẤP - 4 TẦNG - FULL NỘI THẤT NGAY NGÃ TƯ GA - QUẬN 12,PHỐ ĐẲNG CẤP NGAY NGÃ TƯ GA QUẬN 12,"PHỐ THANG MÁY - ĐẲNG CẤP - 4 TẦNG - FULL NỘI THẤT NGAY NGÃ TƯ GA - QUẬN 12, Quận 12, Hồ Chí Minh, Việt Nam",NO_RESULT,,,,0,UNKNOWN,UNKNOWN,False,"PHỐ ĐẲNG CẤP NGAY NGÃ TƯ GA QUẬN 12, Thành phố Hồ Chí Minh, Việt Nam",NO_RESULT,,,,0,UNKNOWN,UNKNOWN,False
136173,https://batdongsan.vn/nha-pho-dao-tong-nguyen-55-ty-4-tang-duong-xe-hoi-r136173,Hồ Chí Minh,Nhà Bè,street_only,title,phố Đào Tông Nguyên,phố Đào Tông Nguyên,"phố Đào Tông Nguyên, Nhà Bè, Hồ Chí Minh, Việt Nam",NO_RESULT,,,,0,UNKNOWN,UNKNOWN,False,"phố Đào Tông Nguyên, Nhà Bè, Thành phố Hồ Chí Minh, Việt Nam",NO_RESULT,,,,0,UNKNOWN,UNKNOWN,False
124805,https://batdongsan.vn/ban-nha-mt-kd-pham-dang-gian-binh-hung-hoa-b-binh-tan-100m2-sieu-re-chi-65-ty-r124805,Hồ Chí Minh,Bình Tân,street_only,title,"Bán nhà MT KD Phạm Đăng Giản, Bình Hưng Hoà B, Bình Tân, 100m2, siêu rẻ, chỉ 6,5 tỷ.",MT KD Phạm Đăng Giản Bình Hưng Hoà B Bình Tân siêu rẻ,"Bán nhà MT KD Phạm Đăng Giản, Bình Hưng Hoà B, Bình Tân, 100m2, siêu rẻ, chỉ 6,5 tỷ., Bình Tân, Hồ Chí Minh, Việt Nam",NO_RESULT,,,,0,UNKNOWN,UNKNOWN,False,"MT KD Phạm Đăng Giản Bình Hưng Hoà B Bình Tân siêu rẻ, Thành phố Hồ Chí Minh, Việt Nam",NO_RESULT,,,,0,UNKNOWN,UNKNOWN,False
96074,https://batdongsan.vn/nha-sieu-to-1-tret-1-lau-duong-so-8-linh-xuan-thu-duc-hxh-117-m24pn-chi-nhinh-5-ty-r266249,Hồ Chí Minh,Thủ Đức,street_only,title,đường số 8 Linh Xuân Thủ Đức,đường số 8 Linh Xuân Thủ Đức,"đường số 8 Linh Xuân Thủ Đức, Thủ Đức, Hồ Chí Minh, Việt Nam",STREET_MATCH,10.8544211,106.7567327,"Đường Số 14, Khu phố 3, Phường Thủ Đức, Thành phố Hồ Chí Minh, 71221, Việt Nam",5,ADMIN_MATCH,STREET,True,"đường số 8 Linh Xuân Thủ Đức, Thành phố Hồ Chí Minh, Việt Nam",STREET_MATCH,10.8585043,106.7560814,"Đường số 8, Khu phố 17, Phường Linh Xuân, Thành phố Hồ Chí Minh, 71309, Việt Nam",5,ADMIN_PARTIAL_MATCH,STREET,False
147191,https://batdongsan.vn/nha-dang-cap-xe-hoi-ngu-nha-50m2-luen-ke-phu-my-hung-r147191,Hồ Chí Minh,Nhà Bè,street_only,title,"Nhà đẳng cấp - XE HƠI NGỦ NHÀ 50m2, luền kề Phú Mỹ Hưng",Nhà đẳng cấp XE HƠI NGỦ NHÀ luền kề Phú Mỹ Hưng,"Nhà đẳng cấp - XE HƠI NGỦ NHÀ 50m2, luền kề Phú Mỹ Hưng, Nhà Bè, Hồ Chí Minh, Việt Nam",NO_RESULT,,,,0,UNKNOWN,UNKNOWN,False,"Nhà đẳng cấp XE HƠI NGỦ NHÀ luền kề Phú Mỹ Hưng, Nhà Bè, Thành phố Hồ Chí Minh, Việt Nam",NO_RESULT,,,,0,UNKNOWN,UNKNOWN,False
194983,https://batdongsan.vn/gap-ban-nhanh-nha-3-tang-79m-mat-tien-duong-sogan-nga-3-le-van-thinh-r194983,Hồ Chí Minh,Quận 2,street_only,title,mặt tiền đường số,đường số,"mặt tiền đường số, Quận 2, Hồ Chí Minh, Việt Nam",NO_RESULT,,,,0,UNKNOWN,UNKNOWN,False,"đường số, Quận 2, Thành phố Hồ Chí Minh, Việt Nam",STREET_MATCH,10.7879587,106.7269814,"Đường số 39, Khu phố 21, Phường An Khánh, Thành phố Hồ Chí Minh, 71108, Việt Nam",5,ADMIN_MATCH,STREET,True
154215,https://batdongsan.vn/c132-ban-dat-mat-tien-nguyen-thi-thap-quan-7-kinh-doanh-dinh-gia-chi-27-ty-r154215,Hồ Chí Minh,Quận 7,street_only,title,MẶT TIỀN NGUYỄN THỊ THẬP - QUẬN 7 - KINH DOANH ĐỈNH - GIÁ CHỈ 27 TỶ 🔥,NGUYỄN THỊ THẬP QUẬN 7 ĐỈNH,"MẶT TIỀN NGUYỄN THỊ THẬP - QUẬN 7 - KINH DOANH ĐỈNH - GIÁ CHỈ 27 TỶ 🔥, Quận 7, Hồ Chí Minh, Việt Nam",NO_RESULT,,,,0,UNKNOWN,UNKNOWN,False,"NGUYỄN THỊ THẬP QUẬN 7 ĐỈNH, Thành phố Hồ Chí Minh, Việt Nam",EXACT_MATCH,10.7372002,106.7255023,"GO! Nguyễn Thị Thập, 99, Nguyễn Thị Thập, Khu phố 19, Phường Tân Mỹ, Thành phố Hồ Chí Minh, 72916, Việt Nam",1,ADMIN_MATCH,UNKNOWN,False
122678,https://batdongsan.vn/cho-thue-nha-dep-khu-ban-co-le-dai-hanh-kinh-doanh-khu-vuc-phuoc-tan-nha-trang-r122678,Hồ Chí Minh,Quận 1,street_only,title,CHO THUÊ NHÀ ĐẸP KHU BÀN CỜ LÊ ĐẠI HÀNH KINH DOANH KHU VỰC PHƯỚC TÂN NHA TRANG,CHO THUÊ KHU BÀN CỜ LÊ ĐẠI HÀNH KHU VỰC PHƯỚC TÂN NHA TRANG,"CHO THUÊ NHÀ ĐẸP KHU BÀN CỜ LÊ ĐẠI HÀNH KINH DOANH KHU VỰC PHƯỚC TÂN NHA TRANG, Quận 1, Hồ Chí Minh, Việt Nam",NO_RESULT,,,,0,UNKNOWN,UNKNOWN,False,"CHO THUÊ KHU BÀN CỜ LÊ ĐẠI HÀNH KHU VỰC PHƯỚC TÂN NHA TRANG, Quận 1, Thành phố Hồ Chí Minh, Việt Nam",NO_RESULT,,,,0,UNKNOWN,UNKNOWN,False
111112,https://batdongsan.vn/nha-dep-duong-so-thong-le-van-viet-55m2-2-tang-khu-phan-lo-dep-cho-thue-o-to-dau-r281306,Hồ Chí Minh,Quận 9,street_only,title,đường số thông Lê Văn Việt,đường số thông Lê Văn Việt,"đường số thông Lê Văn Việt, Quận 9, Hồ Chí Minh, Việt Nam",NO_RESULT,,,,0,UNKNOWN,UNKNOWN,False,"đường số thông Lê Văn Việt, Quận 9, Thành phố Hồ Chí Minh, Việt Nam",NO_RESULT,,,,0,UNKNOWN,UNKNOWN,False
182508,https://batdongsan.vn/ban-dat-tang-nha-c4-741m2-ngang-462m-hxt-dau-cua-tsn-tp-r182508,Hồ Chí Minh,Tân Phú,street_only,title,"BÁN ĐẤT TẶNG NHÀ C4 74.1m2 NGANG 4.62m HXT ĐẬU CỬA TSN, TP",TẶNG NHÀ C4 74 NGANG 4 HXT ĐẬU CỬA TSN TP,"BÁN ĐẤT TẶNG NHÀ C4 74.1m2 NGANG 4.62m HXT ĐẬU CỬA TSN, TP, Tân Phú, Hồ Chí Minh, Việt Nam",NO_RESULT,,,,0,UNKNOWN,UNKNOWN,False,"TẶNG NHÀ C4 74 NGANG 4 HXT ĐẬU CỬA TSN TP, Tân Phú, Thành phố Hồ Chí Minh, Việt Nam",NO_RESULT,,,,0,UNKNOWN,UNKNOWN,False
182548,https://batdongsan.vn/xuat-canh-can-ban-gap-nha-mt-duong-truong-sa-q3-dt-34m-x-116m-r182548,Hồ Chí Minh,Quận 3,street_only,title,Đường Trường Sa - Q3 (DT 3,Đường Trường Sa Q3 DT 3,"Đường Trường Sa - Q3 (DT 3, Quận 3, Hồ Chí Minh, Việt Nam",NO_RESULT,,,,0,UNKNOWN,UNKNOWN,False,"Đường Trường Sa Q3 DT 3, Quận 3, Thành phố Hồ Chí Minh, Việt Nam",NO_RESULT,,,,0,UNKNOWN,UNKNOWN,False
174409,https://batdongsan.vn/khu-trung-tam-quan-4-nha-dep-4-tang-duong-hoang-dieu-thong-ra-ton-dan-vinh-hoi-khanh-hoi-r174409,Hồ Chí Minh,Quận 4,street_only,dedicated_address,"Thuận tiện đi lại, gần chợ, gần hồ bơi, thích hợp mua ở or kinh doanh",Thuận tiện đi lại gần chợ gần hồ bơi thích hợp mua ở or,"Thuận tiện đi lại, gần chợ, gần hồ bơi, thích hợp mua ở or kinh doanh, Quận 4, Hồ Chí Minh, Việt Nam",NO_RESULT,,,,0,UNKNOWN,UNKNOWN,False,"Thuận tiện đi lại gần chợ gần hồ bơi thích hợp mua ở or, Quận 4, Thành phố Hồ Chí Minh, Việt Nam",NO_RESULT,,,,0,UNKNOWN,UNKNOWN,False
134890,https://batdongsan.vn/gap-ban-can-goc-75x35-2mt-duong-thi-muoi-q12-gia-16-ty-gan-bv-quan-12-r134890,Hồ Chí Minh,Quận 12,street_only,description,"GẤP BÁN CĂN GÓC (7.5x35) 2MT DƯƠNG THỊ MƯỜI, Q12 GIÁ 16 TỶ (GẦN BV QUẬN 12)",GẤP BÁN CĂN GÓC 7 2MT DƯƠNG THỊ MƯỜI Q12,"GẤP BÁN CĂN GÓC (7.5x35) 2MT DƯƠNG THỊ MƯỜI, Q12 GIÁ 16 TỶ (GẦN BV QUẬN 12), Quận 12, Hồ Chí Minh, Việt Nam",NO_RESULT,,,,0,UNKNOWN,UNKNOWN,False,"GẤP BÁN CĂN GÓC 7 2MT DƯƠNG THỊ MƯỜI Q12, Quận 12, Thành phố Hồ Chí Minh, Việt Nam",NO_RESULT,,,,0,UNKNOWN,UNKNOWN,False
101622,https://batdongsan.vn/cach-mat-tien-duong-huynh-tan-phat-70m-4-tang-2-mat-tien-duong-6m-tt-nha-be-r271808,Hồ Chí Minh,Nhà Bè,street_only,title,mặt tiền đường Huỳnh tấn phát 70m - 4 tầng- 2 mặt tiền đường 6m – TT Nhà Bè,đường Huỳnh tấn phát 2 đường TT Nhà Bè,"mặt tiền đường Huỳnh tấn phát 70m - 4 tầng- 2 mặt tiền đường 6m – TT Nhà Bè, Nhà Bè, Hồ Chí Minh, Việt Nam",NO_RESULT,,,,0,UNKNOWN,UNKNOWN,False,"đường Huỳnh tấn phát 2 đường TT Nhà Bè, Thành phố Hồ Chí Minh, Việt Nam",NO_RESULT,,,,0,UNKNOWN,UNKNOWN,False
139540,https://batdongsan.vn/mat-tien-4-tang-btct-dt-100m2-4x25-9pn-duong-10m-quan-8-chi-65-ty-r139540,Hồ Chí Minh,Quận 8,street_only,title,MẶT TIỀN 4 TẦNG BTCT DT 100M2 (4X25) 9PN ĐƯỜNG 10M QUẬN 8 CHỈ 6,BTCT ĐƯỜNG QUẬN 8 CHỈ 6,"MẶT TIỀN 4 TẦNG BTCT DT 100M2 (4X25) 9PN ĐƯỜNG 10M QUẬN 8 CHỈ 6, Quận 8, Hồ Chí Minh, Việt Nam",NO_RESULT,,,,0,UNKNOWN,UNKNOWN,False,"BTCT ĐƯỜNG QUẬN 8 CHỈ 6, Thành phố Hồ Chí Minh, Việt Nam",NO_RESULT,,,,0,UNKNOWN,UNKNOWN,False
103882,https://batdongsan.vn/p15-tan-binh-hxh-7-cho-1-can-ra-mat-tien-45m2-gia-hon-3-ty-r274076,Hồ Chí Minh,Tân Bình,street_only,dedicated_address,"Cách Mặt tiền Cống Lở 1 căn, oto vô tận cửa",Cách Cống Lở 1 căn oto vô tận cửa,"Cách Mặt tiền Cống Lở 1 căn, oto vô tận cửa, Tân Bình, Hồ Chí Minh, Việt Nam",NO_RESULT,,,,0,UNKNOWN,UNKNOWN,False,"Cách Cống Lở 1 căn oto vô tận cửa, Tân Bình, Thành phố Hồ Chí Minh, Việt Nam",NO_RESULT,,,,0,UNKNOWN,UNKNOWN,False
84792,https://batdongsan.vn/ban-gap-nha-30m2-16-ty-bong-sao-quan-8-r254955,Hồ Chí Minh,Quận 8,street_only,description,"BÁN GẤP NHÀ 30M2 1.6 TỶ BÔNG SAO, QUẬN 8",BÁN GẤP NHÀ QUẬN 8,"BÁN GẤP NHÀ 30M2 1.6 TỶ BÔNG SAO, QUẬN 8, Quận 8, Hồ Chí Minh, Việt Nam",NO_RESULT,,,,0,UNKNOWN,UNKNOWN,False,"BÁN GẤP NHÀ QUẬN 8, Thành phố Hồ Chí Minh, Việt Nam",NO_RESULT,,,,0,UNKNOWN,UNKNOWN,False
120819,https://batdongsan.vn/cuc-ngon-nha-moi-nguyen-van-nghi-p7-go-vap-2-tang-r120819,Hồ Chí Minh,Gò Vấp,street_only,dedicated_address,"Nằm trên trục đường Nguyễn Văn Nghi, giáp Bình Thạnh Phú Nhuận, cách chợ Gò Vấp và Trường Đại học Công Nghiệp 300m - cách sân bay 1km",Nằm trên trục đường Nguyễn Văn Nghi giáp Bình Thạnh Phú Nhuận cách chợ Gò Vấp và Trường Đại học Công Nghiệp cách sân bay 1km,"Nằm trên trục đường Nguyễn Văn Nghi, giáp Bình Thạnh Phú Nhuận, cách chợ Gò Vấp và Trường Đại học Công Nghiệp 300m - cách sân bay 1km, Gò Vấp, Hồ Chí Minh, Việt Nam",NO_RESULT,,,,0,UNKNOWN,UNKNOWN,False,"Nằm trên trục đường Nguyễn Văn Nghi giáp Bình Thạnh Phú Nhuận cách chợ Gò Vấp và Trường Đại học Công Nghiệp cách sân bay 1km, Thành phố Hồ Chí Minh, Việt Nam",NO_RESULT,,,,0,UNKNOWN,UNKNOWN,False
116091,https://batdongsan.vn/biet-thu-mini-tan-binh-4-tang-4pn-ngang-be-the-6m1-nhinh-6-ty-r116091,Hồ Chí Minh,Tân Bình,street_only,title,BIỆT THỰ MINI TÂN BÌNH -4 TẦNG-4PN-NGANG BỀ THẾ 6M1-NHỈNH 6 TỶ,BIỆT THỰ MINI TÂN BÌNH NGANG BỀ THẾ 6M1,"BIỆT THỰ MINI TÂN BÌNH -4 TẦNG-4PN-NGANG BỀ THẾ 6M1-NHỈNH 6 TỶ, Tân Bình, Hồ Chí Minh, Việt Nam",NO_RESULT,,,,0,UNKNOWN,UNKNOWN,False,"BIỆT THỰ MINI TÂN BÌNH NGANG BỀ THẾ 6M1, Thành phố Hồ Chí Minh, Việt Nam",NO_RESULT,,,,0,UNKNOWN,UNKNOWN,False
155555,https://batdongsan.vn/ban-gap-nha-mat-pho-q11-14-ty-106m2-3-tang-nhinh-14-ty-r155555,Hồ Chí Minh,Quận 11,street_only,title,phố Q.11,phố Q 11,"phố Q.11, Quận 11, Hồ Chí Minh, Việt Nam",NO_RESULT,,,,0,UNKNOWN,UNKNOWN,False,"phố Q 11, Quận 11, Thành phố Hồ Chí Minh, Việt Nam",NO_RESULT,,,,0,UNKNOWN,UNKNOWN,False
148797,https://batdongsan.vn/ban-nha-mat-tien-binh-tri-dong-le-van-quoi-hl2-18x41m-cap-4-so-vuong-gia-69-ty-r148797,Hồ Chí Minh,Bình Tân,street_only,title,Mặt tiền Bình Trị Đông - Lê Văn Quới,Bình Trị Đông Lê Văn Quới,"Mặt tiền Bình Trị Đông - Lê Văn Quới, Bình Tân, Hồ Chí Minh, Việt Nam",NO_RESULT,,,,0,UNKNOWN,UNKNOWN,False,"Bình Trị Đông Lê Văn Quới, Bình Tân, Thành phố Hồ Chí Minh, Việt Nam",NO_RESULT,,,,0,UNKNOWN,UNKNOWN,False
103192,https://batdongsan.vn/chinh-chu-ban-lo-dat-224m2-560tr-tai-giong-cat-tan-phu-trung-cu-chi-r273384,Hồ Chí Minh,Củ Chi,street_only,title,"CHÍNH CHỦ BÁN LỖ ĐẤT 224m2 560tr TẠI GIỒNG CÁT , TÂN PHÚ TRUNG , CỦ CHI",BÁN LỖ ĐẤT TÂN PHÚ TRUNG CỦ CHI,"CHÍNH CHỦ BÁN LỖ ĐẤT 224m2 560tr TẠI GIỒNG CÁT , TÂN PHÚ TRUNG , CỦ CHI, Củ Chi, Hồ Chí Minh, Việt Nam",NO_RESULT,,,,0,UNKNOWN,UNKNOWN,False,"BÁN LỖ ĐẤT TÂN PHÚ TRUNG CỦ CHI, Thành phố Hồ Chí Minh, Việt Nam",NO_RESULT,,,,0,UNKNOWN,UNKNOWN,False
187952,https://batdongsan.vn/nha-dep-khu-vip-bau-cat-truong-chinh-tan-binh-4-tang-btct-chi-89-r187952,Hồ Chí Minh,Tân Bình,street_only,title,"NHÀ ĐẸP KHU VIP BÀU CÁT – TRƯỜNG CHINH, TÂN BÌNH – 4 TẦNG BTCT – CHỈ 8.9",KHU VIP BÀU CÁT TRƯỜNG CHINH TÂN BÌNH BTCT CHỈ 8 9,"NHÀ ĐẸP KHU VIP BÀU CÁT – TRƯỜNG CHINH, TÂN BÌNH – 4 TẦNG BTCT – CHỈ 8.9, Tân Bình, Hồ Chí Minh, Việt Nam",NO_RESULT,,,,0,UNKNOWN,UNKNOWN,False,"KHU VIP BÀU CÁT TRƯỜNG CHINH TÂN BÌNH BTCT CHỈ 8 9, Thành phố Hồ Chí Minh, Việt Nam",NO_RESULT,,,,0,UNKNOWN,UNKNOWN,False
152333,https://batdongsan.vn/ban-nha-70m2-3-tang-5pn-4wc-q9-66-ty-so-hong-r152333,Hồ Chí Minh,Quận 9,street_only,title,"Bán nhà 70m2, 3 tầng, 5PN, 4WC, Q.9, 6.6 tỷ, sổ hồng",Q 9 sổ hồng,"Bán nhà 70m2, 3 tầng, 5PN, 4WC, Q.9, 6.6 tỷ, sổ hồng, Quận 9, Hồ Chí Minh, Việt Nam",NO_RESULT,,,,0,UNKNOWN,UNKNOWN,False,"Q 9 sổ hồng, Quận 9, Thành phố Hồ Chí Minh, Việt Nam",NO_RESULT,,,,0,UNKNOWN,UNKNOWN,False
147665,https://batdongsan.vn/ban-nha-mattien-duong-huynh-van-banh-p11-phu-nhuan-40-ty-46x23m-r147665,Hồ Chí Minh,Phú Nhuận,street_only,title,Đường Huỳnh Văn Bánh,Đường Huỳnh Văn Bánh,"Đường Huỳnh Văn Bánh, Phú Nhuận, Hồ Chí Minh, Việt Nam",STREET_MATCH,10.791648,106.6697379,"Huỳnh Văn Bánh, Khu phố 19, Phường Phú Nhuận, Thành phố Hồ Chí Minh, 72221, Việt Nam",5,ADMIN_MATCH,STREET,True,"Đường Huỳnh Văn Bánh, Phú Nhuận, Thành phố Hồ Chí Minh, Việt Nam",STREET_MATCH,10.791648,106.6697379,"Huỳnh Văn Bánh, Khu phố 19, Phường Phú Nhuận, Thành phố Hồ Chí Minh, 72221, Việt Nam",5,ADMIN_MATCH,STREET,True
186041,https://batdongsan.vn/ban-nha-2-tang-42-x-12m-hiep-thanh-q12-shr-gia-chi-nhinh-2-ty-r186041,Hồ Chí Minh,Quận 12,street_only,dedicated_address,"Gần đường Nguyễn Thị Búp, P",Gần đường Nguyễn Thị Búp P,"Gần đường Nguyễn Thị Búp, P, Quận 12, Hồ Chí Minh, Việt Nam",NO_RESULT,,,,0,UNKNOWN,UNKNOWN,False,"Gần đường Nguyễn Thị Búp P, Quận 12, Thành phố Hồ Chí Minh, Việt Nam",NO_RESULT,,,,0,UNKNOWN,UNKNOWN,False
185511,https://batdongsan.vn/gan-nha-ga-t3-nha-dep-72m2-4-tang-o-to-ngu-trong-nha-6x-ty-tl-r185511,Hồ Chí Minh,Gò Vấp,street_only,title,Gần nhà ga T3! Nhà Đẹp 72M² 4 Tầng Ô TÔ NGỦ TRONG NHÀ – 6.x Tỷ TL!,Gần nhà ga T3 72M²,"Gần nhà ga T3! Nhà Đẹp 72M² 4 Tầng Ô TÔ NGỦ TRONG NHÀ – 6.x Tỷ TL!, Gò Vấp, Hồ Chí Minh, Việt Nam",NO_RESULT,,,,0,UNKNOWN,UNKNOWN,False,"Gần nhà ga T3 72M², Gò Vấp, Thành phố Hồ Chí Minh, Việt Nam",NO_RESULT,,,,0,UNKNOWN,UNKNOWN,False
148336,https://batdongsan.vn/ban-nha-mt-kd-duong-so-6-bhhb-binh-tan-97m2-3-tang-dep-lung-linh-gia-re-r148336,Hồ Chí Minh,Bình Tân,street_only,dedicated_address,"Đường thông tứ tung ra đường Liên Khu 5-6, Liên Khu 4-5",Đường thông tứ tung ra đường Liên Khu 5 6 Liên Khu 4 5,"Đường thông tứ tung ra đường Liên Khu 5-6, Liên Khu 4-5, Bình Tân, Hồ Chí Minh, Việt Nam",NO_RESULT,,,,0,UNKNOWN,UNKNOWN,False,"Đường thông tứ tung ra đường Liên Khu 5 6 Liên Khu 4 5, Bình Tân, Thành phố Hồ Chí Minh, Việt Nam",NO_RESULT,,,,0,UNKNOWN,UNKNOWN,False
110150,https://batdongsan.vn/tan-thoi-nhat-q12-ngang-7m-dai-97m-39-ty-2-tang-r280344,Hồ Chí Minh,Quận 12,street_only,title,"TÂN THỚI NHẤT – Q12 – NGANG 7m – DÀI 9,7m – 3,9 TỶ- 2 TẦNG",TÂN THỚI NHẤT Q12 DÀI 9,"TÂN THỚI NHẤT – Q12 – NGANG 7m – DÀI 9,7m – 3,9 TỶ- 2 TẦNG, Quận 12, Hồ Chí Minh, Việt Nam",NO_RESULT,,,,0,UNKNOWN,UNKNOWN,False,"TÂN THỚI NHẤT Q12 DÀI 9, Quận 12, Thành phố Hồ Chí Minh, Việt Nam",NO_RESULT,,,,0,UNKNOWN,UNKNOWN,False
172942,https://batdongsan.vn/nha-nho-tien-o-ngay-gan-mat-tien-phan-van-tri-r172942,Hồ Chí Minh,Bình Thạnh,street_only,title,MẶT TIỀN PHAN VĂN TRỊ,PHAN VĂN TRỊ,"MẶT TIỀN PHAN VĂN TRỊ, Bình Thạnh, Hồ Chí Minh, Việt Nam",NO_RESULT,,,,0,UNKNOWN,UNKNOWN,False,"PHAN VĂN TRỊ, Bình Thạnh, Thành phố Hồ Chí Minh, Việt Nam",STREET_MATCH,10.8096609,106.6963406,"Phan Văn Trị, Khu phố 5, Phường Bình Thạnh, Thành phố Hồ Chí Minh, 72317, Việt Nam",3,ADMIN_MATCH,STREET,True
189644,https://batdongsan.vn/xuong-318m2-mat-tien-8m-dong-tien-15trthang-gia-chi-82-ty-co-hoi-hiem-co-cho-nha-dau-r189644,Hồ Chí Minh,Bình Chánh,street_only,title,"MẶT TIỀN 8M – DÒNG TIỀN 15TR/THÁNG – GIÁ CHỈ 8.2 TỶ !
Cơ hội hiếm có cho nhà đầu",DÒNG TIỀN,"MẶT TIỀN 8M – DÒNG TIỀN 15TR/THÁNG – GIÁ CHỈ 8.2 TỶ !
Cơ hội hiếm có cho nhà đầu, Bình Chánh, Hồ Chí Minh, Việt Nam",NO_RESULT,,,,0,UNKNOWN,UNKNOWN,False,"DÒNG TIỀN, Bình Chánh, Thành phố Hồ Chí Minh, Việt Nam",NO_RESULT,,,,0,UNKNOWN,UNKNOWN,False
173519,https://batdongsan.vn/p15-tan-binh-khu-dong-bo-dan-tri-62m2-4x155-5tang-4pn-hxt-8m-chi-71-ty-r173519,Hồ Chí Minh,Tân Bình,street_only,dedicated_address,"sát mặt đường, gần chợ Tân Trụ, đường Nguyễn Sỹ Sách, Trường Chinh",sát mặt đường gần chợ Tân Trụ đường Nguyễn Sỹ Sách Trường Chinh,"sát mặt đường, gần chợ Tân Trụ, đường Nguyễn Sỹ Sách, Trường Chinh, Tân Bình, Hồ Chí Minh, Việt Nam",NO_RESULT,,,,0,UNKNOWN,UNKNOWN,False,"sát mặt đường gần chợ Tân Trụ đường Nguyễn Sỹ Sách Trường Chinh, Tân Bình, Thành phố Hồ Chí Minh, Việt Nam",NO_RESULT,,,,0,UNKNOWN,UNKNOWN,False
97190,https://batdongsan.vn/kha-tri-tan-binh-sat-quan-10-61m2-ngang-5m-3-tang-dep-o-lien-chi-58-ty-r267369,Hồ Chí Minh,Quận 10,street_only,description,"KHA TRÍ TÂN BÌNH SÁT QUẬN 10, 61M2, NGANG 5M, 3 TẦNG ĐẸP Ở LIỀN CHỈ 5.8 TỶ",KHA TRÍ TÂN BÌNH SÁT QUẬN 10 ĐẸP Ở LIỀN,"KHA TRÍ TÂN BÌNH SÁT QUẬN 10, 61M2, NGANG 5M, 3 TẦNG ĐẸP Ở LIỀN CHỈ 5.8 TỶ, Quận 10, Hồ Chí Minh, Việt Nam",NO_RESULT,,,,0,UNKNOWN,UNKNOWN,False,"KHA TRÍ TÂN BÌNH SÁT QUẬN 10 ĐẸP Ở LIỀN, Thành phố Hồ Chí Minh, Việt Nam",NO_RESULT,,,,0,UNKNOWN,UNKNOWN,False
159626,https://batdongsan.vn/ban-nha-120m2-8x15m-mtkd-duong-do-thua-luong-quan-tan-phu-r159626,Hồ Chí Minh,Tân Phú,street_only,dedicated_address,"Đỗ Thừa Luông, Tân Quý, Tân Phú – mặt tiền kinh doanh sầm uất, gần Lê Sát, chợ Tân Hương",Đỗ Thừa Luông Tân Quý Tân Phú sầm uất gần Lê Sát chợ Tân Hương,"Đỗ Thừa Luông, Tân Quý, Tân Phú – mặt tiền kinh doanh sầm uất, gần Lê Sát, chợ Tân Hương, Tân Phú, Hồ Chí Minh, Việt Nam",NO_RESULT,,,,0,UNKNOWN,UNKNOWN,False,"Đỗ Thừa Luông Tân Quý Tân Phú sầm uất gần Lê Sát chợ Tân Hương, Thành phố Hồ Chí Minh, Việt Nam",NO_RESULT,,,,0,UNKNOWN,UNKNOWN,False
84550,https://batdongsan.vn/ban-gap-nha-dep-363m2-17-ty-au-duong-lan-quan-8-r254712,Hồ Chí Minh,Quận 8,street_only,description,"BÁN GẤP NHÀ ĐẸP 36.3M2 1.7 TỶ, ÂU DƯƠNG LÂN QUẬN 8",BÁN GẤP 36 ÂU DƯƠNG LÂN QUẬN 8,"BÁN GẤP NHÀ ĐẸP 36.3M2 1.7 TỶ, ÂU DƯƠNG LÂN QUẬN 8, Quận 8, Hồ Chí Minh, Việt Nam",EXACT_MATCH,10.7469298,106.6828349,"Trường Tiểu Học Âu Dương Lân, 79, Âu Dương Lân, Khu phố 20, Phường Chánh Hưng, Thành phố Hồ Chí Minh, 73023, Việt Nam",1,ADMIN_PARTIAL_MATCH,UNKNOWN,False,"BÁN GẤP 36 ÂU DƯƠNG LÂN QUẬN 8, Thành phố Hồ Chí Minh, Việt Nam",NO_RESULT,,,,0,UNKNOWN,UNKNOWN,False
190887,https://batdongsan.vn/chinh-chu-ban-can-goc-3-mat-tien-kinh-doanh-duong-tran-quang-khai-ptan-dinh-quan-1-ngay-cho-r190887,Hồ Chí Minh,Quận 1,street_only,title,MẶT TIỀN KINH DOANH ĐƯỜNG TRẦN QUANG KHẢI,ĐƯỜNG TRẦN QUANG KHẢI,"MẶT TIỀN KINH DOANH ĐƯỜNG TRẦN QUANG KHẢI, Quận 1, Hồ Chí Minh, Việt Nam",NO_RESULT,,,,0,UNKNOWN,UNKNOWN,False,"ĐƯỜNG TRẦN QUANG KHẢI, Quận 1, Thành phố Hồ Chí Minh, Việt Nam",NO_RESULT,,,,0,UNKNOWN,UNKNOWN,False
152730,https://batdongsan.vn/ban-nha-phu-thuan-q7-44m2-4x11m-57-ty-r152730,Hồ Chí Minh,Quận 7,unclear,title,"🏠 Bán nhà Phú Thuận, Q.7, 44m² (4x11m), 5.7 tỷ 🏠",🏠 Phú Thuận Q 7 44m²,"🏠 Bán nhà Phú Thuận, Q.7, 44m² (4x11m), 5.7 tỷ 🏠, Quận 7, Hồ Chí Minh, Việt Nam",NO_RESULT,,,,0,UNKNOWN,UNKNOWN,False,"🏠 Phú Thuận Q 7 44m², Quận 7, Thành phố Hồ Chí Minh, Việt Nam",NO_RESULT,,,,0,UNKNOWN,UNKNOWN,False
184582,https://batdongsan.vn/ban-nha-can-goc-dt-dat-1231m2-5x25m-4-tang-nguyen-thi-tan-quan-8-gia-chi-12-ty-r184582,Hồ Chí Minh,Quận 8,unclear,description,"Bán nhà căn góc - DT đất 123,1m2 (5x25m) - 4 tầng - Nguyễn Thị Tần, quận 8 giá chỉ 12 tỷ",căn góc DT đất 123 Nguyễn Thị Tần quận 8,"Bán nhà căn góc - DT đất 123,1m2 (5x25m) - 4 tầng - Nguyễn Thị Tần, quận 8 giá chỉ 12 tỷ, Quận 8, Hồ Chí Minh, Việt Nam",NO_RESULT,,,,0,UNKNOWN,UNKNOWN,False,"căn góc DT đất 123 Nguyễn Thị Tần quận 8, Thành phố Hồ Chí Minh, Việt Nam",NO_RESULT,,,,0,UNKNOWN,UNKNOWN,False
130302,https://batdongsan.vn/ban-sh-nhap-y-2012-sanh-rong-56789-dang-cap-dan-choi-gia-ban-chi-1-ty-0898333313-bao-luan-r130302,Hồ Chí Minh,Tân Bình,unclear,title,"Bán SH nhập Ý 2012 Sảnh Rổng 56789, Đẳng cấp dân chơi giá bán chỉ 1 tỷ, 0898333313 Bảo Luân",Bán SH nhập Ý 2012 Sảnh Rổng 56789 Đẳng cấp dân chơi giá bán 0898333313 Bảo Luân,"Bán SH nhập Ý 2012 Sảnh Rổng 56789, Đẳng cấp dân chơi giá bán chỉ 1 tỷ, 0898333313 Bảo Luân, Tân Bình, Hồ Chí Minh, Việt Nam",NO_RESULT,,,,0,UNKNOWN,UNKNOWN,False,"Bán SH nhập Ý 2012 Sảnh Rổng 56789 Đẳng cấp dân chơi giá bán 0898333313 Bảo Luân, Tân Bình, Thành phố Hồ Chí Minh, Việt Nam",NO_RESULT,,,,0,UNKNOWN,UNKNOWN,False
134211,https://batdongsan.vn/sieu-pham-4-tang-quang-trung-p11-go-vap-79m2-tang-full-noi-that-gia-668-ty-tl-r134211,Hồ Chí Minh,Gò Vấp,unclear,title,Siêu Phẩm 4 tầng Quang Trung P11 Gò Vấp 79m2 tặng full nội thất giá 6.68 tỷ TL,Quang Trung P11 Gò Vấp,"Siêu Phẩm 4 tầng Quang Trung P11 Gò Vấp 79m2 tặng full nội thất giá 6.68 tỷ TL, Gò Vấp, Hồ Chí Minh, Việt Nam",NO_RESULT,,,,0,UNKNOWN,UNKNOWN,False,"Quang Trung P11 Gò Vấp, Thành phố Hồ Chí Minh, Việt Nam",STREET_MATCH,10.8314142,106.6685215,"Quang Trung, Khu phố 5, Phường Gò Vấp, Thành phố Hồ Chí Minh, 72100, Việt Nam",5,ADMIN_MATCH,STREET,True
85814,https://batdongsan.vn/ket-tien-ban-gap-no-trang-long-p7-binh-thanh-40m2-r255982,Hồ Chí Minh,Bình Thạnh,unclear,title,Kẹt tiền bán gấp – Nơ Trang Long – P7 – Bình Thạnh – 40m2,Kẹt tiền bán gấp Nơ Trang Long P7 Bình Thạnh,"Kẹt tiền bán gấp – Nơ Trang Long – P7 – Bình Thạnh – 40m2, Bình Thạnh, Hồ Chí Minh, Việt Nam",NO_RESULT,,,,0,UNKNOWN,UNKNOWN,False,"Kẹt tiền bán gấp Nơ Trang Long P7 Bình Thạnh, Thành phố Hồ Chí Minh, Việt Nam",NO_RESULT,,,,0,UNKNOWN,UNKNOWN,False
186127,https://batdongsan.vn/mat-tien-kinh-doanh-khu-tan-thanh-tan-phu-dt-80m2-a4-5-tang-r186127,Hồ Chí Minh,Tân Phú,unclear,title,Mặt Tiền Kinh Doanh Khu Tân Thành,Khu Tân Thành,"Mặt Tiền Kinh Doanh Khu Tân Thành, Tân Phú, Hồ Chí Minh, Việt Nam",NO_RESULT,,,,0,UNKNOWN,UNKNOWN,False,"Khu Tân Thành, Tân Phú, Thành phố Hồ Chí Minh, Việt Nam",STREET_MATCH,10.7774856,106.6344474,"Agribank, Lũy Bán Bích, Khu phố 26, Phường Tân Phú, Thành phố Hồ Chí Minh, 72031, Việt Nam",4,ADMIN_MATCH,UNKNOWN,False
177952,https://batdongsan.vn/ban-nha-duong-ba-trac-quan-8-r177952,Hồ Chí Minh,Quận 8 Quận 8,unclear,description,Bán nhà Dương Bá Trạc – Quận 8,Dương Bá Trạc Quận 8,"Bán nhà Dương Bá Trạc – Quận 8, Quận 8 Quận 8, Hồ Chí Minh, Việt Nam",NO_RESULT,,,,0,UNKNOWN,UNKNOWN,False,"Dương Bá Trạc Quận 8, Quận 8 Quận 8, Thành phố Hồ Chí Minh, Việt Nam",NO_RESULT,,,,0,UNKNOWN,UNKNOWN,False
105045,https://batdongsan.vn/ban-can-nha-dang-cho-thue-thu-nhap-75-trieu-thang-tpthu-duc-r275239,Hồ Chí Minh,Quận 9,unclear,title,"bán căn nhà đang cho thuê Thu nhập 75 triệu / tháng . TP,Thủ Đức",bán căn nhà đang cho thuê Thu nhập Thủ Đức,"bán căn nhà đang cho thuê Thu nhập 75 triệu / tháng . TP,Thủ Đức, Quận 9, Hồ Chí Minh, Việt Nam",NO_RESULT,,,,0,UNKNOWN,UNKNOWN,False,"bán căn nhà đang cho thuê Thu nhập Thủ Đức, Quận 9, Thành phố Hồ Chí Minh, Việt Nam",NO_RESULT,,,,0,UNKNOWN,UNKNOWN,False
93567,https://batdongsan.vn/nha-dep-gia-tot-r263742,Hồ Chí Minh,Thủ Đức,unclear,title,Nhà Đẹp giá tốt,giá tốt,"Nhà Đẹp giá tốt, Thủ Đức, Hồ Chí Minh, Việt Nam",NO_RESULT,,,,0,UNKNOWN,UNKNOWN,False,"giá tốt, Thủ Đức, Thành phố Hồ Chí Minh, Việt Nam",NO_RESULT,,,,0,UNKNOWN,UNKNOWN,False
130425,https://batdongsan.vn/ban-nha-mat-tien-1-tret-1-lung-3-lau-4x20m-gia-849-ty-duong-tran-thi-he-r130425,Hồ Chí Minh,Quận 12,unclear,title,mặt tiền 1 trệt 1 lửng 3 lầu 4x20m giá 8,1 trệt 1 lửng giá 8,"mặt tiền 1 trệt 1 lửng 3 lầu 4x20m giá 8, Quận 12, Hồ Chí Minh, Việt Nam",NO_RESULT,,,,0,UNKNOWN,UNKNOWN,False,"1 trệt 1 lửng giá 8, Quận 12, Thành phố Hồ Chí Minh, Việt Nam",NO_RESULT,,,,0,UNKNOWN,UNKNOWN,False
173917,https://batdongsan.vn/manh-dat-chat-hon-nuoc-cat-vi-tri-trung-tam-giam-thang-500-trieu-khong-vong-vo-r173917,Hồ Chí Minh,Thủ Đức,unclear,title,Mảnh đất ‘chất hơn nước cất’ – Vị trí trung tâm – Giảm thẳng 500 triệu không vòng vo!,Mảnh đất ‘chất hơn nước cất’ Vị trí trung tâm Giảm thẳng,"Mảnh đất ‘chất hơn nước cất’ – Vị trí trung tâm – Giảm thẳng 500 triệu không vòng vo!, Thủ Đức, Hồ Chí Minh, Việt Nam",NO_RESULT,,,,0,UNKNOWN,UNKNOWN,False,"Mảnh đất ‘chất hơn nước cất’ Vị trí trung tâm Giảm thẳng, Thủ Đức, Thành phố Hồ Chí Minh, Việt Nam",NO_RESULT,,,,0,UNKNOWN,UNKNOWN,False
173847,https://batdongsan.vn/ban-nha-55-thanh-my-305x9m-1-lau-2pn-2wc-gia-36-ty-r173847,Hồ Chí Minh,Tân Bình,unclear,title,"Bán nhà 55/ Thành Mỹ, 3.05x9m, 1 lầu , 2pn 2wc, giá 3.6 tỷ",55/ Thành Mỹ 3,"Bán nhà 55/ Thành Mỹ, 3.05x9m, 1 lầu , 2pn 2wc, giá 3.6 tỷ, Tân Bình, Hồ Chí Minh, Việt Nam",NO_RESULT,,,,0,UNKNOWN,UNKNOWN,False,"55/ Thành Mỹ 3, Tân Bình, Thành phố Hồ Chí Minh, Việt Nam",NO_RESULT,,,,0,UNKNOWN,UNKNOWN,False
120688,https://batdongsan.vn/mtkd-nguyen-huu-tien-dt-4x20m-4-tang-vi-tri-kd-vang-r120688,Hồ Chí Minh,Tân Phú,unclear,title,"MTKD Nguyễn Hữu Tiến DT 4x20m, 4 tầng. Vị trí KD Vàng!",MTKD Nguyễn Hữu Tiến DT Vị trí KD Vàng,"MTKD Nguyễn Hữu Tiến DT 4x20m, 4 tầng. Vị trí KD Vàng!, Tân Phú, Hồ Chí Minh, Việt Nam",NO_RESULT,,,,0,UNKNOWN,UNKNOWN,False,"MTKD Nguyễn Hữu Tiến DT Vị trí KD Vàng, Tân Phú, Thành phố Hồ Chí Minh, Việt Nam",NO_RESULT,,,,0,UNKNOWN,UNKNOWN,False
105243,https://batdongsan.vn/nha-1-tret-2-lau-gara-oto-5-phong-ngu-6-wc-1-phong-karaoke-r275437,Hồ Chí Minh,Quận 9,unclear,title,"Nhà 1 trệt, 2 lầu, gara oto, 5 phòng ngủ + 6 WC ,1 phòng karaoke",Nhà 1 trệt gara oto 5 phòng ngủ + 1 phòng karaoke,"Nhà 1 trệt, 2 lầu, gara oto, 5 phòng ngủ + 6 WC ,1 phòng karaoke, Quận 9, Hồ Chí Minh, Việt Nam",NO_RESULT,,,,0,UNKNOWN,UNKNOWN,False,"Nhà 1 trệt gara oto 5 phòng ngủ + 1 phòng karaoke, Quận 9, Thành phố Hồ Chí Minh, Việt Nam",NO_RESULT,,,,0,UNKNOWN,UNKNOWN,False
120988,https://batdongsan.vn/nhinh-11ty-nha-dep-lo-goc-quan-nhatngang-hiem-72x10m-4tam-6pn-da-hc-r120988,Hồ Chí Minh,Quận Nhất,unclear,description,"**Nhỉnh 11Tỷ-Nhà Đẹp Lô Góc Quận Nhất,Ngang Hiếm 7.2X10m, 4Tấm 6PN Đã HC",** Lô Góc Quận Nhất Ngang 7 4Tấm Đã HC,"**Nhỉnh 11Tỷ-Nhà Đẹp Lô Góc Quận Nhất,Ngang Hiếm 7.2X10m, 4Tấm 6PN Đã HC, Quận Nhất, Hồ Chí Minh, Việt Nam",NO_RESULT,,,,0,UNKNOWN,UNKNOWN,False,"** Lô Góc Quận Nhất Ngang 7 4Tấm Đã HC, Thành phố Hồ Chí Minh, Việt Nam",NO_RESULT,,,,0,UNKNOWN,UNKNOWN,False
166580,https://batdongsan.vn/ban-nha-72m2-4-tang-4pn-linh-trung-thu-duc-735-ty-r166580,Hồ Chí Minh,Thủ Đức,unclear,title,"Bán nhà 72m², 4 tầng, 4PN, Linh Trung, Thủ Đức, 7.35  tỷ",72m² Linh Trung Thủ Đức,"Bán nhà 72m², 4 tầng, 4PN, Linh Trung, Thủ Đức, 7.35  tỷ, Thủ Đức, Hồ Chí Minh, Việt Nam",NO_RESULT,,,,0,UNKNOWN,UNKNOWN,False,"72m² Linh Trung Thủ Đức, Thành phố Hồ Chí Minh, Việt Nam",NO_RESULT,,,,0,UNKNOWN,UNKNOWN,False
85158,https://batdongsan.vn/giam-500tr-tang-noi-that-3-tang-quan-3-dtsd-51m2-nhinh-3-ty-cong-chung-1p30s-r255323,Hồ Chí Minh,Quận 3,unclear,title,"Giảm 500tr, Tặng Nội Thất, 3 Tầng Quận 3, DTSD 51m2 nhỉnh 3 tỷ, Công Chứng 1p30s",Giảm Tặng Nội Thất Quận 3 DTSD Công Chứng 1p30s,"Giảm 500tr, Tặng Nội Thất, 3 Tầng Quận 3, DTSD 51m2 nhỉnh 3 tỷ, Công Chứng 1p30s, Quận 3, Hồ Chí Minh, Việt Nam",NO_RESULT,,,,0,UNKNOWN,UNKNOWN,False,"Giảm Tặng Nội Thất Quận 3 DTSD Công Chứng 1p30s, Thành phố Hồ Chí Minh, Việt Nam",NO_RESULT,,,,0,UNKNOWN,UNKNOWN,False
145369,https://batdongsan.vn/toa-nha-mat-tien-kinh-doanh-sam-uat-dong-den-tan-binh-co-ham-de-xe-5-tang-60m2-chi-165-ty-r145369,Hồ Chí Minh,Tân Bình,unclear,title,MẶT TIỀN KINH DOANH SẦM UẤT ĐỒNG ĐEN TÂN BÌNH,SẦM UẤT ĐỒNG ĐEN TÂN BÌNH,"MẶT TIỀN KINH DOANH SẦM UẤT ĐỒNG ĐEN TÂN BÌNH, Tân Bình, Hồ Chí Minh, Việt Nam",NO_RESULT,,,,0,UNKNOWN,UNKNOWN,False,"SẦM UẤT ĐỒNG ĐEN TÂN BÌNH, Thành phố Hồ Chí Minh, Việt Nam",NO_RESULT,,,,0,UNKNOWN,UNKNOWN,False
105063,https://batdongsan.vn/ban-can-nha-tam-huyet-dinh-phong-phu-899-ty-phuong-tang-nhon-phu-b-quan-9-r275257,Hồ Chí Minh,Quận 9,unclear,description,"bán căn nhà tâm huyết Đình Phong Phú, 8.99 tỷ, phường Tăng Nhơn Phú B Quận 9",bán căn nhà tâm huyết Đình Phong Phú phường Tăng Nhơn Phú B Quận 9,"bán căn nhà tâm huyết Đình Phong Phú, 8.99 tỷ, phường Tăng Nhơn Phú B Quận 9, Quận 9, Hồ Chí Minh, Việt Nam",NO_RESULT,,,,0,UNKNOWN,UNKNOWN,False,"bán căn nhà tâm huyết Đình Phong Phú phường Tăng Nhơn Phú B Quận 9, Thành phố Hồ Chí Minh, Việt Nam",NO_RESULT,,,,0,UNKNOWN,UNKNOWN,False
114010,https://batdongsan.vn/giam-12-ty-ban-nha-lac-long-quan-tan-binh-dt-56m2-moi-gia-4-ty-nhinh-r284204,Hồ Chí Minh,Tân Bình,unclear,title,"GIẢM 1,2 TỶ Bán nhà Lạc Long Quân Tân Bình, DT 56m2 Mới giá 4 tỷ nhỉnh",GIẢM Mới,"GIẢM 1,2 TỶ Bán nhà Lạc Long Quân Tân Bình, DT 56m2 Mới giá 4 tỷ nhỉnh, Tân Bình, Hồ Chí Minh, Việt Nam",NO_RESULT,,,,0,UNKNOWN,UNKNOWN,False,"GIẢM Mới, Tân Bình, Thành phố Hồ Chí Minh, Việt Nam",NO_RESULT,,,,0,UNKNOWN,UNKNOWN,False
121503,https://batdongsan.vn/ban-nha-hoang-bat-dat-phuong-15-tan-binh-dt-51m2-5-x-103-x-2-tang-chi-403-ty-tl-r121503,Hồ Chí Minh,Tân Bình,unclear,description,"Bán nhà Hoàng Bật Đạt, phường 15, Tân Bình, DT 51m2 (5 x 10.3) x 2 tầng, Chỉ 4.03 tỷ TL",Hoàng Bật Đạt phường 15 Tân Bình 5 x 10 3 x,"Bán nhà Hoàng Bật Đạt, phường 15, Tân Bình, DT 51m2 (5 x 10.3) x 2 tầng, Chỉ 4.03 tỷ TL, Tân Bình, Hồ Chí Minh, Việt Nam",NO_RESULT,,,,0,UNKNOWN,UNKNOWN,False,"Hoàng Bật Đạt phường 15 Tân Bình 5 x 10 3 x, Thành phố Hồ Chí Minh, Việt Nam",NO_RESULT,,,,0,UNKNOWN,UNKNOWN,False
111681,https://batdongsan.vn/ban-gap-toa-building-mt-cao-thang-dt-26-x-46m-2-ham-10-tang-hdt-18-tythang-500-ty-tl-r281875,Hồ Chí Minh,Quận 3,unclear,title,Bán gấp toà building MT Cao Thắng - DT: 26 x 46m - 2 hầm + 10 tầng - HĐT 1.8 tỷ/tháng - 500 tỷ TL,Bán gấp toà building MT Cao Thắng DT 26 x 2 hầm + HĐT,"Bán gấp toà building MT Cao Thắng - DT: 26 x 46m - 2 hầm + 10 tầng - HĐT 1.8 tỷ/tháng - 500 tỷ TL, Quận 3, Hồ Chí Minh, Việt Nam",NO_RESULT,,,,0,UNKNOWN,UNKNOWN,False,"Bán gấp toà building MT Cao Thắng DT 26 x 2 hầm + HĐT, Quận 3, Thành phố Hồ Chí Minh, Việt Nam",NO_RESULT,,,,0,UNKNOWN,UNKNOWN,False
117295,https://batdongsan.vn/quan-4-p18-hang-hiem-hang-dau-tu-lau-lau-moi-co-mot-can-70m2-chi-45-ty-khu-nguoi-o-hien-huu-r117295,Hồ Chí Minh,Quận 4,unclear,description,"Quận 4, p18 Hàng hiếm, hàng đầu tư lâu lâu mới có một căn, 70m2 chỉ 4.5 tỷ, khu người ở hiện hữu",Quận 4 p18 Hàng hàng đầu tư lâu lâu mới có một căn khu người ở hiện hữu,"Quận 4, p18 Hàng hiếm, hàng đầu tư lâu lâu mới có một căn, 70m2 chỉ 4.5 tỷ, khu người ở hiện hữu, Quận 4, Hồ Chí Minh, Việt Nam",NO_RESULT,,,,0,UNKNOWN,UNKNOWN,False,"Quận 4 p18 Hàng hàng đầu tư lâu lâu mới có một căn khu người ở hiện hữu, Thành phố Hồ Chí Minh, Việt Nam",NO_RESULT,,,,0,UNKNOWN,UNKNOWN,False
81449,https://batdongsan.vn/nha-dep-truong-cong-dinh-33-x-10m-1-lau-38-ty-tan-binh-r251600,Hồ Chí Minh,Tân Bình,unclear,title,"Nhà đẹp, Trương Công Định, 3.3 x 10m, 1 lầu, 3.8 tỷ, Tân Bình",Trương Công Định 3 3 x Tân Bình,"Nhà đẹp, Trương Công Định, 3.3 x 10m, 1 lầu, 3.8 tỷ, Tân Bình, Tân Bình, Hồ Chí Minh, Việt Nam",NO_RESULT,,,,0,UNKNOWN,UNKNOWN,False,"Trương Công Định 3 3 x Tân Bình, Thành phố Hồ Chí Minh, Việt Nam",STREET_MATCH,10.7962088,106.6410304,"Trương Công Định, Khu phố 26, Phường Tân Bình, Thành phố Hồ Chí Minh, 72110, Việt Nam",2,ADMIN_MATCH,STREET,True
176461,https://batdongsan.vn/nha-chua-co-tren-thi-truong-bt-luong-dinh-cua-35ty-r176461,Hồ Chí Minh,Quận 2,unclear,dedicated_address,"280F18 Lương Định Của , Phường An Phú , Quận 2",280F18 Lương Định Của Phường An Phú Quận 2,"280F18 Lương Định Của , Phường An Phú , Quận 2, Quận 2, Hồ Chí Minh, Việt Nam",NO_RESULT,,,,0,UNKNOWN,UNKNOWN,False,"280F18 Lương Định Của Phường An Phú Quận 2, Thành phố Hồ Chí Minh, Việt Nam",NO_RESULT,,,,0,UNKNOWN,UNKNOWN,False
150429,https://batdongsan.vn/ban-nha-nguyen-van-cong-4x11-3-tang-nhinh-4-ti-r150429,Hồ Chí Minh,Gò Vấp,unclear,title,"Bán Nhà Nguyễn Văn Công (4x11), 3 Tầng Nhỉnh 4 Tỉ",Nguyễn Văn Công,"Bán Nhà Nguyễn Văn Công (4x11), 3 Tầng Nhỉnh 4 Tỉ, Gò Vấp, Hồ Chí Minh, Việt Nam",NO_RESULT,,,,0,UNKNOWN,UNKNOWN,False,"Nguyễn Văn Công, Gò Vấp, Thành phố Hồ Chí Minh, Việt Nam",NO_RESULT,,,,0,UNKNOWN,UNKNOWN,False
114712,https://batdongsan.vn/gia-cua-nhua-composite-cua-nhua-abs-va-cua-nhua-dai-loan-r284906,Hồ Chí Minh,Thủ Đức,unclear,title,Giá cửa nhựa Composite cửa nhựa ABS và cửa nhựa Đài Loan,Giá cửa nhựa Composite cửa nhựa ABS và cửa nhựa Đài Loan,"Giá cửa nhựa Composite cửa nhựa ABS và cửa nhựa Đài Loan, Thủ Đức, Hồ Chí Minh, Việt Nam",NO_RESULT,,,,0,UNKNOWN,UNKNOWN,False,"Giá cửa nhựa Composite cửa nhựa ABS và cửa nhựa Đài Loan, Thủ Đức, Thành phố Hồ Chí Minh, Việt Nam",NO_RESULT,,,,0,UNKNOWN,UNKNOWN,False
137396,https://batdongsan.vn/ban-nha-mat-tien-46-le-khoi-phu-thanh-tan-phu-6-x-9-2-tang-gia-chi-79-ty-r137396,Hồ Chí Minh,Tân Phú,unclear,title,Mặt tiền 46 Lê Khôi,46 Lê Khôi,"Mặt tiền 46 Lê Khôi, Tân Phú, Hồ Chí Minh, Việt Nam",NO_RESULT,,,,0,UNKNOWN,UNKNOWN,False,"46 Lê Khôi, Tân Phú, Thành phố Hồ Chí Minh, Việt Nam",NO_RESULT,,,,0,UNKNOWN,UNKNOWN,False
147721,https://batdongsan.vn/quan-5-khu-kinh-doanh-mua-ban-dong-duc-phu-tung-xe41x18-pham-huu-chi-xiu-19ty-r147721,Hồ Chí Minh,Quận 5,unclear,dedicated_address,"Nằm đoạn giữa Dương Tử Giang và Đỗ Ngọc Thạnh kinh doanh sầm uất,",Nằm đoạn giữa Dương Tử Giang và Đỗ Ngọc Thạnh sầm uất,"Nằm đoạn giữa Dương Tử Giang và Đỗ Ngọc Thạnh kinh doanh sầm uất,, Quận 5, Hồ Chí Minh, Việt Nam",NO_RESULT,,,,0,UNKNOWN,UNKNOWN,False,"Nằm đoạn giữa Dương Tử Giang và Đỗ Ngọc Thạnh sầm uất, Quận 5, Thành phố Hồ Chí Minh, Việt Nam",NO_RESULT,,,,0,UNKNOWN,UNKNOWN,False
119896,https://batdongsan.vn/ban-nha-gia-re-quan-8-2pn-2-tang-duoi-3-ty-tung-thien-vuong-phuong-13-r119896,Hồ Chí Minh,Quận 8,unclear,description,Bán nhà giá rẻ Quận 8 2pn 2 tầng  dưới 3 tỷ Tùng Thiên Vương  phường 13,giá rẻ Quận 8 dưới,"Bán nhà giá rẻ Quận 8 2pn 2 tầng  dưới 3 tỷ Tùng Thiên Vương  phường 13, Quận 8, Hồ Chí Minh, Việt Nam",NO_RESULT,,,,0,UNKNOWN,UNKNOWN,False,"giá rẻ Quận 8 dưới, Thành phố Hồ Chí Minh, Việt Nam",NO_RESULT,,,,0,UNKNOWN,UNKNOWN,False
129129,https://batdongsan.vn/ban-nha-mat-tien-6-tang-72x25m-gia-1699-ty-duong-tan-thoi-hiep-14-r129129,Hồ Chí Minh,Quận 12,unclear,title,mặt tiền 6 tầng 7,7,"mặt tiền 6 tầng 7, Quận 12, Hồ Chí Minh, Việt Nam",NO_RESULT,,,,0,UNKNOWN,UNKNOWN,False,"7, Quận 12, Thành phố Hồ Chí Minh, Việt Nam",STREET_MATCH,10.8611305,106.6541962,"CĂN HỘ ZEN TOWER QUẬN 12, 34/1A, Phường Thới An, Thành phố Hồ Chí Minh, 71513, Việt Nam",5,ADMIN_MATCH,STREET,True
177000,https://batdongsan.vn/tan-phu-nguyen-quy-anh-moi-tien-ich-xung-quanh-3-tang-4x16m-6x-ty-r177000,Hồ Chí Minh,Tân Phú,unclear,title,"Tân Phú - Nguyễn Quý Anh. Mọi tiện ích xung quanh, 3 tầng, 4x16m 6.x tỷ",Tân Phú Nguyễn Quý Anh Mọi tiện ích xung quanh,"Tân Phú - Nguyễn Quý Anh. Mọi tiện ích xung quanh, 3 tầng, 4x16m 6.x tỷ, Tân Phú, Hồ Chí Minh, Việt Nam",NO_RESULT,,,,0,UNKNOWN,UNKNOWN,False,"Tân Phú Nguyễn Quý Anh Mọi tiện ích xung quanh, Thành phố Hồ Chí Minh, Việt Nam",NO_RESULT,,,,0,UNKNOWN,UNKNOWN,False
89162,https://batdongsan.vn/ban-biet-thu-rong-230m2-p-tan-phu-quan-9-cu-gia-125-ty-r259332,Hồ Chí Minh,Quận 9 Cũ,unclear,description,"Bán biệt thự rộng 230m2, P. Tân Phú Quận 9 cũ , giá 12,5 tỷ",Bán biệt thự rộng P Tân Phú Quận 9 cũ,"Bán biệt thự rộng 230m2, P. Tân Phú Quận 9 cũ , giá 12,5 tỷ, Quận 9 Cũ, Hồ Chí Minh, Việt Nam",NO_RESULT,,,,0,UNKNOWN,UNKNOWN,False,"Bán biệt thự rộng P Tân Phú Quận 9 cũ, Thành phố Hồ Chí Minh, Việt Nam",NO_RESULT,,,,0,UNKNOWN,UNKNOWN,False
143744,https://batdongsan.vn/ban-nha-mat-tien-tung-thien-vuong-4x16-chi-16-ty-9-r143744,Hồ Chí Minh,Quận 8,unclear,title,mặt tiền Tùng Thiện Vương 4x16 chỉ 16 tỷ 9,Tùng Thiện Vương 9,"mặt tiền Tùng Thiện Vương 4x16 chỉ 16 tỷ 9, Quận 8, Hồ Chí Minh, Việt Nam",NO_RESULT,,,,0,UNKNOWN,UNKNOWN,False,"Tùng Thiện Vương 9, Quận 8, Thành phố Hồ Chí Minh, Việt Nam",NO_RESULT,,,,0,UNKNOWN,UNKNOWN,False
95303,https://batdongsan.vn/ban-nha-mt-vo-van-tan-2-chieu-kinh-doanh-sam-uat-doanh-thu-cao-54-x-15-hd-100tr-r265478,Hồ Chí Minh,Quận 3,unclear,title,"Bán nhà MT Võ Văn Tần 2 chiều, kinh doanh sầm uất doanh thu cao 5,4 x 15, HĐ 100Tr",MT Võ Văn Tần 2 chiều sầm uất doanh thu cao 5 4 x 15 HĐ,"Bán nhà MT Võ Văn Tần 2 chiều, kinh doanh sầm uất doanh thu cao 5,4 x 15, HĐ 100Tr, Quận 3, Hồ Chí Minh, Việt Nam",NO_RESULT,,,,0,UNKNOWN,UNKNOWN,False,"MT Võ Văn Tần 2 chiều sầm uất doanh thu cao 5 4 x 15 HĐ, Quận 3, Thành phố Hồ Chí Minh, Việt Nam",NO_RESULT,,,,0,UNKNOWN,UNKNOWN,False
192841,https://batdongsan.vn/ban-nha-2-tang-huynh-tan-phat-nha-be-445m2-5585-chi-26-ti-r192841,Hồ Chí Minh,Nhà Bè,unclear,title,"Bán nhà 2 tầng Huỳnh Tấn Phát Nhà Bè– 44.5m² – 5.5*8.5 – chỉ 2,6 Tỉ",Huỳnh Tấn Phát Nhà Bè 44 5m² 5,"Bán nhà 2 tầng Huỳnh Tấn Phát Nhà Bè– 44.5m² – 5.5*8.5 – chỉ 2,6 Tỉ, Nhà Bè, Hồ Chí Minh, Việt Nam",NO_RESULT,,,,0,UNKNOWN,UNKNOWN,False,"Huỳnh Tấn Phát Nhà Bè 44 5m² 5, Thành phố Hồ Chí Minh, Việt Nam",NO_RESULT,,,,0,UNKNOWN,UNKNOWN,False
185833,https://batdongsan.vn/nha-dep-moi-xay-an-duong-vuong-p-an-lac-dt-52m2-2-lau-4pn-5wc-thang-may-gia-88-ty-r185833,Hồ Chí Minh,Bình Tân,unclear,title,"Nhà đẹp mới xây // An Dương Vương, p An Lạc dt 52m2 2 lầu 4pn 5wc , thang máy giá 8,8 tỷ",An Dương Vương p An Lạc,"Nhà đẹp mới xây // An Dương Vương, p An Lạc dt 52m2 2 lầu 4pn 5wc , thang máy giá 8,8 tỷ, Bình Tân, Hồ Chí Minh, Việt Nam",NO_RESULT,,,,0,UNKNOWN,UNKNOWN,False,"An Dương Vương p An Lạc, Bình Tân, Thành phố Hồ Chí Minh, Việt Nam",STREET_MATCH,10.7391062,106.6171867,"Bệnh viện Triều An, 425, Đường Kinh Dương Vương, Khu phố 22, Phường An Lạc, Thành phố Hồ Chí Minh, 73118, Việt Nam",3,ADMIN_PARTIAL_MATCH,UNKNOWN,False
