listing_id,detail_url,province,district,granularity,provenance,address_raw,address_sanitized,geocoder,query_used,status,latitude,longitude,display_name,admin_match,spatial_precision,spatially_useful,quality_tier,candidate_count,error_type,error_message
178659,https://batdongsan.vn/chinh-chu-ban-hxh-182m-duong-le-thi-bach-cat-phuong-11-quan-11-dt-415x20m-gia-chi-115-ty-r178659,Hồ Chí Minh,Quận 11,street_and_ward,title,"Đường Lê Thị Bạch Cát, Phường 11, Quận 11",Đường Lê Thị Bạch Cát Phường 11 Quận 11,Nominatim,"Đường Lê Thị Bạch Cát Phường 11 Quận 11, Thành phố Hồ Chí Minh, Việt Nam",NO_RESULT,,,,UNKNOWN,UNKNOWN,False,TIER_E_NO_RESULT,0,,
152347,https://batdongsan.vn/c176-nha-2-tang-hxh-san-thu-nhap-13trthang-chi-hon-3-ty-r152347,Hồ Chí Minh,Quận 7,alley_or_lane,title,C176 🔥 Nhà 2 tầng HXH  – sẵn thu nhập 13tr/tháng – Chỉ hơn 3 tỷ !!!,C176 Nhà Hẻm,Nominatim,"C176 Nhà Hẻm, Quận 7, Thành phố Hồ Chí Minh, Việt Nam",NO_RESULT,,,,UNKNOWN,UNKNOWN,False,TIER_E_NO_RESULT,0,,
159657,https://batdongsan.vn/huong-lo-2-68m-hem-6m-395-tyy-r159657,Hồ Chí Minh,Bình Tân,alley_or_lane,title,Hẻm 6m - 3.95 tỷy,Hẻm 3 95 tỷy,Nominatim,"Hẻm 3 95 tỷy, Bình Tân, Thành phố Hồ Chí Minh, Việt Nam",NO_RESULT,,,,UNKNOWN,UNKNOWN,False,TIER_E_NO_RESULT,0,,
183292,https://batdongsan.vn/nha-sat-mat-tien-tx22-1-xec-hem-7m-3-lau-full-noi-that-r183292,Hồ Chí Minh,Quận 12,alley_or_lane,dedicated_address,"122/4A Thạnh Xuân 22, Quận 12 – Hẻm 1 sẹc, di chuyển thuận tiện",122/4A Thạnh Xuân 22 Quận 12 Hẻm 1 sẹc di chuyển thuận tiện,Nominatim,"122/4A Thạnh Xuân 22 Quận 12 Hẻm 1 sẹc di chuyển thuận tiện, Thành phố Hồ Chí Minh, Việt Nam",NO_RESULT,,,,UNKNOWN,UNKNOWN,False,TIER_E_NO_RESULT,0,,
176461,https://batdongsan.vn/nha-chua-co-tren-thi-truong-bt-luong-dinh-cua-35ty-r176461,Hồ Chí Minh,Quận 2,unclear,dedicated_address,"280F18 Lương Định Của , Phường An Phú , Quận 2",280F18 Lương Định Của Phường An Phú Quận 2,Nominatim,"280F18 Lương Định Của Phường An Phú Quận 2, Thành phố Hồ Chí Minh, Việt Nam",NO_RESULT,,,,UNKNOWN,UNKNOWN,False,TIER_E_NO_RESULT,0,,
129129,https://batdongsan.vn/ban-nha-mat-tien-6-tang-72x25m-gia-1699-ty-duong-tan-thoi-hiep-14-r129129,Hồ Chí Minh,Quận 12,unclear,title,mặt tiền 6 tầng 7,7,Nominatim,"7, Quận 12, Thành phố Hồ Chí Minh, Việt Nam",SUCCESS,10.8611305,106.6541962,"CĂN HỘ ZEN TOWER QUẬN 12, 34/1A, Phường Thới An, Thành phố Hồ Chí Minh, 71513, Việt Nam",ADMIN_MATCH,STREET,True,TIER_B_SPATIALLY_USEFUL,5,,
91699,https://batdongsan.vn/hxh-6m-le-duc-tho-4x12-53-ty-p15-go-vap-r261873,Hồ Chí Minh,Gò Vấp,alley_or_lane,title,"Hxh 6m Lê Đức Thọ 4x12 5,3 tỷ P15 Gò Vấp",Hẻm Lê Đức Thọ,Nominatim,"Hẻm Lê Đức Thọ, Gò Vấp, Thành phố Hồ Chí Minh, Việt Nam",NO_RESULT,,,,UNKNOWN,UNKNOWN,False,TIER_E_NO_RESULT,0,,
83458,https://batdongsan.vn/can-ban-nha-hem-huynh-tan-phat-phu-thuan-quan-7-38m2-r253618,Hồ Chí Minh,Quận 7,alley_or_lane,title,hẻm Huỳnh Tấn Phát – Phú Thuận - Quận 7 – 38m2,hẻm Huỳnh Tấn Phát Phú Thuận Quận 7,Nominatim,"hẻm Huỳnh Tấn Phát Phú Thuận Quận 7, Thành phố Hồ Chí Minh, Việt Nam",NO_RESULT,,,,UNKNOWN,UNKNOWN,False,TIER_E_NO_RESULT,0,,
155893,https://batdongsan.vn/mt-khung-15x25m-truong-thi-hoa-q12-vi-tri-vang-cho-cafe-ngan-hang-tiem-vang-r155893,Hồ Chí Minh,Quận 12,street_only,title,"MT KHỦNG (15x25m) – TRƯƠNG THỊ HOA, Q12 – VỊ TRÍ VÀNG CHO CAFE, NGÂN HÀNG, TIỆM VÀNG",MT KHỦNG TRƯƠNG THỊ HOA Q12 VỊ TRÍ VÀNG CHO CAFE NGÂN HÀNG TIỆM VÀNG,Nominatim,"MT KHỦNG TRƯƠNG THỊ HOA Q12 VỊ TRÍ VÀNG CHO CAFE NGÂN HÀNG TIỆM VÀNG, Quận 12, Thành phố Hồ Chí Minh, Việt Nam",NO_RESULT,,,,UNKNOWN,UNKNOWN,False,TIER_E_NO_RESULT,0,,
117956,https://batdongsan.vn/binh-thanh-nguyen-van-dau-hem-xe-hoi-thong-tu-tung-qua-cho-hoang-hoa-tham-ngang-4m-khu-dan-cu-r117956,Hồ Chí Minh,Bình Thạnh,alley_or_lane,title,HẺM XE HƠI THÔNG TỨ TUNG QUA CHỢ HOÀNG HOA THÁM,Hẻm THÔNG TỨ TUNG QUA CHỢ HOÀNG HOA THÁM,Nominatim,"Hẻm THÔNG TỨ TUNG QUA CHỢ HOÀNG HOA THÁM, Bình Thạnh, Thành phố Hồ Chí Minh, Việt Nam",NO_RESULT,,,,UNKNOWN,UNKNOWN,False,TIER_E_NO_RESULT,0,,
88558,https://batdongsan.vn/hxh-phan-van-tri-2-lau-5x17-67-ty-p5-go-vap-r258728,Hồ Chí Minh,Gò Vấp,alley_or_lane,title,Hxh Phan Văn Trị 2 lầu 5x17 6.7 tỷ P5 Gò Vấp,Hẻm Phan Văn Trị,Nominatim,"Hẻm Phan Văn Trị, Gò Vấp, Thành phố Hồ Chí Minh, Việt Nam",NO_RESULT,,,,UNKNOWN,UNKNOWN,False,TIER_E_NO_RESULT,0,,
166949,https://batdongsan.vn/duoi-3-ty-shr-gan-song-sai-gon-ban-nha-thanh-loc-ho-tro-vay-bank-toi-da-r166949,Hồ Chí Minh,Quận 12,landmark_only,title,"Dưới 3 tỷ SHR gần sông Sài Gòn, bán nhà Thạnh Lộc hỗ trợ vay Bank tối đa",Dưới Thạnh Lộc hỗ trợ vay Bank tối đa,Nominatim,"Dưới Thạnh Lộc hỗ trợ vay Bank tối đa, Quận 12, Thành phố Hồ Chí Minh, Việt Nam",NO_RESULT,,,,UNKNOWN,UNKNOWN,False,TIER_E_NO_RESULT,0,,
183145,https://batdongsan.vn/ban-dat-tang-nha-3-lau-mat-tien-duong-khu-dan-cu-hong-long-hiep-binh-phuoc-thanh-pho-thu-duc-r183145,Hồ Chí Minh,Thủ Đức,project_or_residential_area,dedicated_address,"mặt tiền đường xe hơi 12m đường bàn cờ Khu dân cư hồng Long ra hiệp bình, cách quốc lộ 13 chỉ 300m, về KĐT Vạn Phúc, đại học luật, chợ Hiệp Bình, từ 3 -5 phút, bán kính 1km đầy đủ các tiện ích thích hợp gia đình ở hay nua cho thuê làm văn phòng công ty,",đường xe hơi đường bàn cờ Khu dân cư hồng Long ra hiệp bình cách quốc lộ 13 chỉ về KĐT Vạn Phúc đại học luật chợ Hiệp Bình từ 3 5 phút bán kính 1km đầy đủ các tiện ích thích hợp gia đình ở hay nua cho thuê làm văn phòng công ty,Nominatim,"đường xe hơi đường bàn cờ Khu dân cư hồng Long ra hiệp bình cách quốc lộ 13 chỉ về KĐT Vạn Phúc đại học luật chợ Hiệp Bình từ 3 5 phút bán kính 1km đầy đủ các tiện ích thích hợp gia đình ở hay nua cho thuê làm văn phòng công ty, Thủ Đức, Thành phố Hồ Chí Minh, Việt Nam",NO_RESULT,,,,UNKNOWN,UNKNOWN,False,TIER_E_NO_RESULT,0,,
143744,https://batdongsan.vn/ban-nha-mat-tien-tung-thien-vuong-4x16-chi-16-ty-9-r143744,Hồ Chí Minh,Quận 8,unclear,title,mặt tiền Tùng Thiện Vương 4x16 chỉ 16 tỷ 9,Tùng Thiện Vương 9,Nominatim,"Tùng Thiện Vương 9, Quận 8, Thành phố Hồ Chí Minh, Việt Nam",NO_RESULT,,,,UNKNOWN,UNKNOWN,False,TIER_E_NO_RESULT,0,,
193552,https://batdongsan.vn/nha-dep-gia-mem-5x15-hem-6m-tch10-quan-12-co-hoi-chot-nhanh-r193552,Hồ Chí Minh,Quận 12,alley_or_lane,title,HẺM 6M TCH10 QUẬN 12 – CƠ HỘI CHỐT NHANH!,HẺM TCH10 QUẬN 12 CƠ HỘI CHỐT NHANH,Nominatim,"HẺM TCH10 QUẬN 12 CƠ HỘI CHỐT NHANH, Thành phố Hồ Chí Minh, Việt Nam",NO_RESULT,,,,UNKNOWN,UNKNOWN,False,TIER_E_NO_RESULT,0,,
187365,https://batdongsan.vn/nha-moi-hiem-ngang-7m-gan-ga-t3-tang-full-noi-that-cao-cap-r187365,Hồ Chí Minh,Gò Vấp,street_only,title,"NHÀ MỚI HIẾM NGANG 7M – GẦN GA T3, TẶNG FULL NỘI THẤT CAO CẤP",GẦN GA T3 CAO CẤP,Nominatim,"GẦN GA T3 CAO CẤP, Gò Vấp, Thành phố Hồ Chí Minh, Việt Nam",SUCCESS,10.8158694,106.6846752,"Gò Vấp, Hẻm 168 Phạm Văn Đồng, Khu phố 36, Phường Hạnh Thông, Thành phố Hồ Chí Minh, 71409, Việt Nam",ADMIN_MATCH,UNKNOWN,False,TIER_D_ADMIN_ONLY,2,,
150381,https://batdongsan.vn/hem-xe-hoi-thong-dt-52m2-x-2tang-x-ngang-4m-quang-trung-p14-go-vap-chi-52-ty-r150381,Hồ Chí Minh,Gò Vấp,alley_or_lane,title,HẺM XE HƠI THÔNG DT 52M2 x 2TẦNG x NGANG 4M,Hẻm THÔNG x x,Nominatim,"Hẻm THÔNG x x, Gò Vấp, Thành phố Hồ Chí Minh, Việt Nam",NO_RESULT,,,,UNKNOWN,UNKNOWN,False,TIER_E_NO_RESULT,0,,
120070,https://batdongsan.vn/ngay-ubnd-phuong-16-hem-3m-dt-39-x-11m-btct-3-tang-r120070,Hồ Chí Minh,Gò Vấp,full_address,title,Hẻm 3m - DT 3.9 x 11m - BTCT 3 Tầng,Hẻm DT 3 9 x BTCT,Nominatim,"Hẻm DT 3 9 x BTCT, Gò Vấp, Thành phố Hồ Chí Minh, Việt Nam",NO_RESULT,,,,UNKNOWN,UNKNOWN,False,TIER_E_NO_RESULT,0,,
173847,https://batdongsan.vn/ban-nha-55-thanh-my-305x9m-1-lau-2pn-2wc-gia-36-ty-r173847,Hồ Chí Minh,Tân Bình,unclear,title,"Bán nhà 55/ Thành Mỹ, 3.05x9m, 1 lầu , 2pn 2wc, giá 3.6 tỷ",55/ Thành Mỹ 3,Nominatim,"55/ Thành Mỹ 3, Tân Bình, Thành phố Hồ Chí Minh, Việt Nam",NO_RESULT,,,,UNKNOWN,UNKNOWN,False,TIER_E_NO_RESULT,0,,
195837,https://batdongsan.vn/biet-thu-tret-lau-cuc-dep-hem-1-quan-ca-phe-osaka-68-duong-ta16-quan-12-gia-tot-r195837,Hồ Chí Minh,Quận 12,alley_or_lane,title,"hẻm 1/ quán cà phê Osaka (68) đường TA16, Quận 12 giá tốt",hẻm 1/ quán cà phê Osaka 68 đường TA16 Quận 12 giá tốt,Nominatim,"hẻm 1/ quán cà phê Osaka 68 đường TA16 Quận 12 giá tốt, Thành phố Hồ Chí Minh, Việt Nam",NO_RESULT,,,,UNKNOWN,UNKNOWN,False,TIER_E_NO_RESULT,0,,
167803,https://batdongsan.vn/nha-ban-thiet-ke-dep-sang-trong-mt-duong-tran-binh-trong-p1-go-vap-46-x-26-3-tang-15-ty-r167803,Hồ Chí Minh,Gò Vấp,street_only,title,đường Trần Bình Trọng,đường Trần Bình Trọng,Nominatim,"đường Trần Bình Trọng, Gò Vấp, Thành phố Hồ Chí Minh, Việt Nam",NO_RESULT,,,,UNKNOWN,UNKNOWN,False,TIER_E_NO_RESULT,0,,
128069,https://batdongsan.vn/1-ban-nha-gan-khu-phan-xich-long-2-pn-hxh-sat-khong-qh-dan-tri-hoan-cong-r128069,Hồ Chí Minh,Phú Nhuận,alley_or_lane,title,+1 BÁN NHÀ GẦN KHU PHAN XÍCH LONG - 2 PN - HXH SÁT - KHÔNG QH - DÂN TRÍ - HOÀN CÔNG,+1 GẦN KHU PHAN XÍCH LONG Hẻm SÁT KHÔNG QH DÂN TRÍ HOÀN CÔNG,Nominatim,"+1 GẦN KHU PHAN XÍCH LONG Hẻm SÁT KHÔNG QH DÂN TRÍ HOÀN CÔNG, Phú Nhuận, Thành phố Hồ Chí Minh, Việt Nam",NO_RESULT,,,,UNKNOWN,UNKNOWN,False,TIER_E_NO_RESULT,0,,
182548,https://batdongsan.vn/xuat-canh-can-ban-gap-nha-mt-duong-truong-sa-q3-dt-34m-x-116m-r182548,Hồ Chí Minh,Quận 3,street_only,title,Đường Trường Sa - Q3 (DT 3,Đường Trường Sa Q3 DT 3,Nominatim,"Đường Trường Sa Q3 DT 3, Quận 3, Thành phố Hồ Chí Minh, Việt Nam",NO_RESULT,,,,UNKNOWN,UNKNOWN,False,TIER_E_NO_RESULT,0,,
98738,https://batdongsan.vn/ban-nha-rieng-go-vap-phuong-5-nguyen-thai-son-4-tang-48m2-san-dong-tien-r268918,Hồ Chí Minh,Gò Vấp,landmark_only,dedicated_address,"Ngay chợ Gò Vấp, Emart, khu ĐH Văn Lang 3,ĐH Công Nghiệp 4, Cityland, Phan Văn Trị, Vincom, thông ra Dương Quảng Hàm, Phạm Văn Đồng, Phan Văn Trị, Nguyễn Văn Nghi, Lý Thường Kiệt, Lê Đức Thọ,",Ngay chợ Gò Vấp Emart khu ĐH Văn Lang 3 ĐH Công Nghiệp 4 Cityland Phan Văn Trị Vincom thông ra Dương Quảng Hàm Phạm Văn Đồng Phan Văn Trị Nguyễn Văn Nghi Lý Thường Kiệt Lê Đức Thọ,Nominatim,"Ngay chợ Gò Vấp Emart khu ĐH Văn Lang 3 ĐH Công Nghiệp 4 Cityland Phan Văn Trị Vincom thông ra Dương Quảng Hàm Phạm Văn Đồng Phan Văn Trị Nguyễn Văn Nghi Lý Thường Kiệt Lê Đức Thọ, Thành phố Hồ Chí Minh, Việt Nam",NO_RESULT,,,,UNKNOWN,UNKNOWN,False,TIER_E_NO_RESULT,0,,
98648,https://batdongsan.vn/hxh-no-trang-long-5x8-2pn-51-ty-p7-binh-thanh-r268828,Hồ Chí Minh,Bình Thạnh,alley_or_lane,title,Hxh Nơ Trang Long 5x8 2pn 5.1 tỷ P7 Bình Thạnh,Hẻm Nơ Trang Long,Nominatim,"Hẻm Nơ Trang Long, Bình Thạnh, Thành phố Hồ Chí Minh, Việt Nam",NO_RESULT,,,,UNKNOWN,UNKNOWN,False,TIER_E_NO_RESULT,0,,
194257,https://batdongsan.vn/nha-5-tang-dan-xay-phan-lo-cum-cn-lai-xa-gan-nhon-dh-cong-nghiep-o-to-tranh-r194257,Hà Nội,Hoài Đức,street_only,title,"NHÀ 5 TẦNG, DÂN XÂY, PHÂN LÔ CỤM CN LAI XÁ, GẦN NHỔN ĐH CÔNG NGHIỆP - Ô TÔ TRÁNH",NHÀ DÂN XÂY CỤM CN LAI XÁ GẦN NHỔN ĐH CÔNG NGHIỆP,Nominatim,"NHÀ DÂN XÂY CỤM CN LAI XÁ GẦN NHỔN ĐH CÔNG NGHIỆP, Hoài Đức, Thành phố Hà Nội, Việt Nam",NO_RESULT,,,,UNKNOWN,UNKNOWN,False,TIER_E_NO_RESULT,0,,
130276,https://batdongsan.vn/ban-nha-pho-gieng-sen-le-trong-tan-7-tang-o-to-do-cua-50m-155-ty-r130276,Hà Nội,Hà Đông,street_only,title,PHỐ GIẾNG SEN LÊ TRỌNG TẤN,PHỐ GIẾNG SEN LÊ TRỌNG TẤN,Nominatim,"PHỐ GIẾNG SEN LÊ TRỌNG TẤN, Hà Đông, Thành phố Hà Nội, Việt Nam",NO_RESULT,,,,UNKNOWN,UNKNOWN,False,TIER_E_NO_RESULT,0,,
194787,https://batdongsan.vn/ban-nha-thanh-am-long-bienoto-do-conglo-gocthang-may42m-nhinh-9-ty-r194787,Hà Nội,Long Biên,street_only,title,"BÁN NHÀ THANH AM LONG BIÊN,OTO ĐỖ CỔNG,LÔ GÓC,THANG MÁY,42M NHỈNH 9 TỶ",THANH AM LONG BIÊN OTO ĐỖ CỔNG LÔ GÓC,Nominatim,"THANH AM LONG BIÊN OTO ĐỖ CỔNG LÔ GÓC, Thành phố Hà Nội, Việt Nam",NO_RESULT,,,,UNKNOWN,UNKNOWN,False,TIER_E_NO_RESULT,0,,
145851,https://batdongsan.vn/cuc-pham-pho-tran-quang-dieu-43m2-7t-thang-may-mt5m-o-to-ngay-vuon-hoa-1-6-r145851,Hà Nội,Đống Đa,street_only,title,phố Trần Quang Diệu 43m2 7T thang máy MT5m ô tô ngay Vườn Hoa 1-6,phố Trần Quang Diệu 7T MT5m ô tô ngay Vườn Hoa 1 6,Nominatim,"phố Trần Quang Diệu 7T MT5m ô tô ngay Vườn Hoa 1 6, Đống Đa, Thành phố Hà Nội, Việt Nam",NO_RESULT,,,,UNKNOWN,UNKNOWN,False,TIER_E_NO_RESULT,0,,
174854,https://batdongsan.vn/ban-nha-mat-pho-dong-ngac-85m-5-tang-11m-mat-tien-thang-may-kinh-doanh-gia-21-ty-r174854,Hà Nội,Bắc Từ Liêm,street_only,title,PHỐ ĐÔNG NGẠC,PHỐ ĐÔNG NGẠC,Nominatim,"PHỐ ĐÔNG NGẠC, Bắc Từ Liêm, Thành phố Hà Nội, Việt Nam",SUCCESS,21.0789998,105.7736949,"BIDV, Phố Văn Hội, Phường Đông Ngạc, Thành phố Hà Nội, 11909, Việt Nam",ADMIN_PARTIAL_MATCH,UNKNOWN,False,TIER_F_INVALID_OR_INCONSISTENT,1,,
163322,https://batdongsan.vn/sieu-pham-khuong-ha-o-to-tranh-kinh-doanh-43m2-5-tang-1389-ty-r163322,Hà Nội,Thanh Xuân,street_only,title,"SIÊU PHẨM KHƯƠNG HẠ – Ô TÔ TRÁNH, KINH DOANH, 43M2 , 5 TẦNG, 13.89 TỶ",KHƯƠNG HẠ,Nominatim,"KHƯƠNG HẠ, Thanh Xuân, Thành phố Hà Nội, Việt Nam",SUCCESS,20.9999984,105.8279102,"BIDV, 36, Phố Lê Trọng Tấn, Khương Trung, Phương Liệt, Phường Phương Liệt, Thành phố Hà Nội, 11412, Việt Nam",ADMIN_PARTIAL_MATCH,UNKNOWN,False,TIER_F_INVALID_OR_INCONSISTENT,2,,
178125,https://batdongsan.vn/tn-vp-nguyen-khang-73m-9-tang-mat-tien-45m-35-ty-o-to-kinh-doanh-0986073333-r178125,Hà Nội,Cầu Giấy,street_only,title,mặt tiền 4.5m 35 Tỷ ô tô kinh doanh 0986073333,4,Nominatim,"4, Cầu Giấy, Thành phố Hà Nội, Việt Nam",SUCCESS,21.0360044,105.7892426,"4, Phố Trần Thái Tông, Hoài Đức Phủ, Kẻ Vòng (Dịch Vọng), Phường Cầu Giấy, Thành phố Hà Nội, 11314, Việt Nam",ADMIN_MATCH,UNKNOWN,False,TIER_D_ADMIN_ONLY,1,,
148927,https://batdongsan.vn/minh-can-ban-nha-o-quang-trung-ha-dong-ha-noi-5-tang-30m2-nhinh-5ty-r148927,Hà Nội,Hà Đông,street_only,dedicated_address,gần nhà ga tàu điện trên cao cách BX Yên Nghĩa 100M,gần nhà ga tàu điện trên cao cách BX Yên Nghĩa,Nominatim,"gần nhà ga tàu điện trên cao cách BX Yên Nghĩa, Hà Đông, Thành phố Hà Nội, Việt Nam",NO_RESULT,,,,UNKNOWN,UNKNOWN,False,TIER_E_NO_RESULT,0,,
107198,https://batdongsan.vn/ban-nha-lo-duc-hai-ba-trung-45m-4tang-2ngu-46ty-nha-moi-dep-hien-dai-r277392,Hà Nội,Hai Bà Trưng,unclear,title,"Bán Nhà Lò Đúc Hai Bà Trưng 45m 4Tầng 2Ngủ 4,6Tỷ Nhà Mới Đẹp Hiện Đại .",Lò Đúc Hai Bà Trưng 2Ngủ,Nominatim,"Lò Đúc Hai Bà Trưng 2Ngủ, Thành phố Hà Nội, Việt Nam",NO_RESULT,,,,UNKNOWN,UNKNOWN,False,TIER_E_NO_RESULT,0,,
189560,https://batdongsan.vn/co-nhue-hot-nha-pho-dep-ngo-rong-nhu-pho-quy-hoach-view-ho-tuong-lai-r189560,Hà Nội,Bắc Từ Liêm,alley_or_lane,title,PHỐ ĐẸP - NGÕ RỘNG NHƯ PHỐ - QUY HOẠCH VIEW HỒ TƯƠNG LAI!,PHỐ ĐẸP NGÕ RỘNG NHƯ PHỐ QUY HOẠCH VIEW HỒ TƯƠNG LAI,Nominatim,"PHỐ ĐẸP NGÕ RỘNG NHƯ PHỐ QUY HOẠCH VIEW HỒ TƯƠNG LAI, Bắc Từ Liêm, Thành phố Hà Nội, Việt Nam",NO_RESULT,,,,UNKNOWN,UNKNOWN,False,TIER_E_NO_RESULT,0,,
93523,https://batdongsan.vn/ban-nha-quan-cau-giay-gia-re-2023-r263698,Hà Nội,Quận Cầu Giấy,unclear,description,bán nhà quận cầu giấy giá rẻ 2023,quận cầu giấy giá rẻ 2023,Nominatim,"quận cầu giấy giá rẻ 2023, Thành phố Hà Nội, Việt Nam",NO_RESULT,,,,UNKNOWN,UNKNOWN,False,TIER_E_NO_RESULT,0,,
155073,https://batdongsan.vn/ban-nha-nguyen-an-ninh-15m-ra-pho-vua-o-vua-kinh-doanh-60m2-gia-13-ty-r155073,Hà Nội,Hoàng Mai,street_only,title,PHỐ – VỪA Ở VỪA KINH DOANH – 60M²– GIÁ 13 TỶ,PHỐ VỪA Ở VỪA 60M²,Nominatim,"PHỐ VỪA Ở VỪA 60M², Hoàng Mai, Thành phố Hà Nội, Việt Nam",NO_RESULT,,,,UNKNOWN,UNKNOWN,False,TIER_E_NO_RESULT,0,,
143100,https://batdongsan.vn/dep-thattt-nghia-tan-cau-giay-5470m-2pn-noi-that-xin-so-38-ty-r143100,Hà Nội,Cầu Giấy,house_number_and_street,title,"💥ĐẸP THẬT💥TT Nghĩa Tân, Cầu Giấy 54/70m 2PN Nội thất xịn sò, 3.8 Tỷ",💥ĐẸP THẬT💥TT Nghĩa Tân Cầu Giấy 54/ Nội thất xịn sò,Nominatim,"💥ĐẸP THẬT💥TT Nghĩa Tân Cầu Giấy 54/ Nội thất xịn sò, Thành phố Hà Nội, Việt Nam",NO_RESULT,,,,UNKNOWN,UNKNOWN,False,TIER_E_NO_RESULT,0,,
170331,https://batdongsan.vn/ban-nha-dep-ngoc-thuy-long-bien-ngo-thong-view-vuon-hoa-gan-pho-co-hang-xom-than-thien-r170331,Hà Nội,Long Biên,alley_or_lane,title,NGÕ THÔNG - VIEW VƯỜN HOA - GẦN PHỐ CỔ- HÀNG XÓM THÂN THIỆN,NGÕ THÔNG VIEW VƯỜN HOA GẦN PHỐ CỔ HÀNG XÓM THÂN THIỆN,Nominatim,"NGÕ THÔNG VIEW VƯỜN HOA GẦN PHỐ CỔ HÀNG XÓM THÂN THIỆN, Long Biên, Thành phố Hà Nội, Việt Nam",NO_RESULT,,,,UNKNOWN,UNKNOWN,False,TIER_E_NO_RESULT,0,,
119519,https://batdongsan.vn/ban-nha-do-duc-duc-nam-tu-liem-ngo-nong-30m-ra-pho-an-sinh-khu-vuc-tot-r119519,Hà Nội,Nam Từ Liêm,alley_or_lane,title,NGÕ NÔNG 30M RA PHỐ AN SINH KHU VỰC TỐT,NGÕ NÔNG RA PHỐ AN SINH KHU VỰC TỐT,Nominatim,"NGÕ NÔNG RA PHỐ AN SINH KHU VỰC TỐT, Nam Từ Liêm, Thành phố Hà Nội, Việt Nam",NO_RESULT,,,,UNKNOWN,UNKNOWN,False,TIER_E_NO_RESULT,0,,
95330,https://batdongsan.vn/ban-nha-mat-ngo-91-nguyen-chi-thanh-dong-da-40m-4-tang-gia-12-ty-r265505,Hà Nội,Đống Đa,alley_or_lane,title,ngõ 91 Nguyễn Chi Thanh,ngõ 91 Nguyễn Chi Thanh,Nominatim,"ngõ 91 Nguyễn Chi Thanh, Đống Đa, Thành phố Hà Nội, Việt Nam",NO_RESULT,,,,UNKNOWN,UNKNOWN,False,TIER_E_NO_RESULT,0,,
156318,https://batdongsan.vn/ban-nha-pho-nguyen-an-ninh-mat-ngo-rong-o-to-vao-nha-5-tang-50m2-gia-tot-r156318,Hà Nội,Hai Bà Trưng,alley_or_lane,title,phố Nguyến An Ninh mặt ngõ rộng,phố Nguyến An Ninh mặt ngõ rộng,Nominatim,"phố Nguyến An Ninh mặt ngõ rộng, Hai Bà Trưng, Thành phố Hà Nội, Việt Nam",NO_RESULT,,,,UNKNOWN,UNKNOWN,False,TIER_E_NO_RESULT,0,,
101016,https://batdongsan.vn/ban-nha-ngo-73-hoang-ngan-phuong-nhan-chinh-tang-1-de-o-to-mat-tien-5m-gia-77-ty-r271199,Hà Nội,Thanh Xuân,full_address,title,"ngõ 73 Hoàng Ngân, phường Nhân Chính",ngõ 73 Hoàng Ngân phường Nhân Chính,Nominatim,"ngõ 73 Hoàng Ngân phường Nhân Chính, Thanh Xuân, Thành phố Hà Nội, Việt Nam",NO_RESULT,,,,UNKNOWN,UNKNOWN,False,TIER_E_NO_RESULT,0,,
138070,https://batdongsan.vn/hiem-nha-hoe-nhai-ba-dinh-35m2-2-tang-gia-3ty-nha-dep-vai-buoc-ra-pho-ho-khau-pho-co-nha-dep-r138070,Hà Nội,Ba Đình,alley_or_lane,dedicated_address,"Phố Hoè Nhai là phố nối thông Quán Thánh- Nguyễn Trường Tộ - Hàng Than, cửa ngõ Hoàn Kiếm -",Phố Hoè Nhai là phố nối thông Quán Thánh Nguyễn Trường Tộ Hàng Than cửa ngõ Hoàn Kiếm,Nominatim,"Phố Hoè Nhai là phố nối thông Quán Thánh Nguyễn Trường Tộ Hàng Than cửa ngõ Hoàn Kiếm, Ba Đình, Thành phố Hà Nội, Việt Nam",NO_RESULT,,,,UNKNOWN,UNKNOWN,False,TIER_E_NO_RESULT,0,,
156847,https://batdongsan.vn/ban-nha-5-tang-pho-giai-phong-hoang-mai-8-ty-hon-so-do-chinh-chu-r156847,Hà Nội,Hoàng Mai,street_only,title,PHỐ GIẢI PHÓNG - HOÀNG MAI - 8 TỶ HƠN - SỔ ĐỎ CHÍNH CHỦ,PHỐ GIẢI PHÓNG HOÀNG MAI,Nominatim,"PHỐ GIẢI PHÓNG HOÀNG MAI, Thành phố Hà Nội, Việt Nam",SUCCESS,20.970455,105.8415051,"BIDV, Đường Giải Phóng, Giáp Nhị, Kẻ Sét, Phường Hoàng Mai, Yên Ngưu, Thành phố Hà Nội, 11720, Việt Nam",ADMIN_MATCH,UNKNOWN,False,TIER_D_ADMIN_ONLY,1,,
144032,https://batdongsan.vn/ban-nha-moi-lo-goc-dinh-cong-ngo-thong-cach-pho-chi-10m-r144032,Hà Nội,Hoàng Mai,alley_or_lane,title,NGÕ THÔNG - CÁCH PHỐ CHỈ 10M,NGÕ THÔNG CÁCH PHỐ CHỈ,Nominatim,"NGÕ THÔNG CÁCH PHỐ CHỈ, Hoàng Mai, Thành phố Hà Nội, Việt Nam",NO_RESULT,,,,UNKNOWN,UNKNOWN,False,TIER_E_NO_RESULT,0,,
165078,https://batdongsan.vn/le-trong-tan-ngo-oto-thang-tap-50m-ra-pho-76m2-3-tang-mat-tien-38m-gia-268-ty-r165078,Hà Nội,Thanh Xuân,alley_or_lane,title,NGÕ OTO THẲNG TẮP 50m RA PHỐ - 76m2 3 tầng mặt tiền 3.8m Giá 26.8 tỷ,NGÕ OTO THẲNG TẮP RA PHỐ 3,Nominatim,"NGÕ OTO THẲNG TẮP RA PHỐ 3, Thanh Xuân, Thành phố Hà Nội, Việt Nam",NO_RESULT,,,,UNKNOWN,UNKNOWN,False,TIER_E_NO_RESULT,0,,
119250,https://batdongsan.vn/nha-dep-pho-khuong-ha-thanh-xuan-5-tang-full-noi-that-ngo-rong-5m-o-to-vao-thoai-mai-nhinh-8-r119250,Hà Nội,Thanh Xuân,street_only,title,Phố Khương Hạ,Phố Khương Hạ,Nominatim,"Phố Khương Hạ, Thanh Xuân, Thành phố Hà Nội, Việt Nam",SUCCESS,20.9999984,105.8279102,"BIDV, 36, Phố Lê Trọng Tấn, Khương Trung, Phương Liệt, Phường Phương Liệt, Thành phố Hà Nội, 11412, Việt Nam",ADMIN_PARTIAL_MATCH,UNKNOWN,False,TIER_F_INVALID_OR_INCONSISTENT,2,,
80180,https://batdongsan.vn/ban-nha-truong-dinh-35m2-x-5-tang-mt-4mchi-355-tr-r250326,Hà Nội,Hoàng Mai,unclear,dedicated_address,"đắc địa nằm trên KV phát triển, nhiều tiện ích, kết nối giao thông thuận tiện,an ninh tuyệt vời",đắc địa nằm trên KV phát triển nhiều tiện ích kết nối giao thông thuận tiện an ninh tuyệt vời,Nominatim,"đắc địa nằm trên KV phát triển nhiều tiện ích kết nối giao thông thuận tiện an ninh tuyệt vời, Hoàng Mai, Thành phố Hà Nội, Việt Nam",NO_RESULT,,,,UNKNOWN,UNKNOWN,False,TIER_E_NO_RESULT,0,,
154551,https://batdongsan.vn/sieu-pham-ngoc-thuy-dong-tien-1-tynam-6-tang-thang-may-thiet-ke-cho-tay-o-ngo-o-to-thong-r154551,Hà Nội,Long Biên,street_only,dedicated_address,"Ngọc Thụy, Long Biên, Hà Nội",Ngọc Thụy Long Biên Hà Nội,Nominatim,"Ngọc Thụy Long Biên Hà Nội, Việt Nam",SUCCESS,21.0438263,105.86562,"Điểm canh đê phường Ngọc Thụy - quận Long Biên - Hà Nội, Đường Long Biên – Xuân Quan, Ái Mộ, Phường Bồ Đề, Thành phố Hà Nội, 11025, Việt Nam",ADMIN_MATCH,UNKNOWN,False,TIER_D_ADMIN_ONLY,2,,
164987,https://batdongsan.vn/co-hoi-so-huu-kho-gan-17-ha-tan-thoi-nhat-8-q12-hcm-dong-tien-15-tyth-chi-389-ty-r164987,Hồ Chí Minh,Quận 12,street_only,title,"Cơ hội Sở Hữu Kho  Gần 1,7 ha Tân Thới Nhất 8, Q12, HCM - Dòng Tiền 1.5 Tỷ/th Chỉ 389 Tỷ",Cơ hội Sở Hữu Kho Gần 1 7 ha Tân Thới Nhất 8 Q12 HCM Dòng Tiền,Nominatim,"Cơ hội Sở Hữu Kho Gần 1 7 ha Tân Thới Nhất 8 Q12 HCM Dòng Tiền, Quận 12, Thành phố Hồ Chí Minh, Việt Nam",NO_RESULT,,,,UNKNOWN,UNKNOWN,False,TIER_E_NO_RESULT,0,,
156519,https://batdongsan.vn/ban-nha-mat-tien-duong-kinh-doanh-nguyen-van-cong-go-vap-chinh-chu-1-doi-ban-chia-tai-san-73m2-r156519,Hồ Chí Minh,Gò Vấp,street_only,title,MẶT TIỀN ĐƯỜNG KINH DOANH NGUYỄN VĂN CÔNG GÒ VẤP  CHÍNH CHỦ 1 ĐỜI BÁN CHIA TÀI SẢN - 73M2(,ĐƯỜNG NGUYỄN VĂN CÔNG GÒ VẤP 1 ĐỜI BÁN CHIA TÀI SẢN,Nominatim,"ĐƯỜNG NGUYỄN VĂN CÔNG GÒ VẤP 1 ĐỜI BÁN CHIA TÀI SẢN, Thành phố Hồ Chí Minh, Việt Nam",NO_RESULT,,,,UNKNOWN,UNKNOWN,False,TIER_E_NO_RESULT,0,,
112561,https://batdongsan.vn/nha-moi-vao-o-ngay-ngang-to-8m-3pn-r282755,Hồ Chí Minh,Bình Thạnh,landmark_only,title,Nhà Mới Vào Ở Ngay - Ngang To 8m - 3pn,Vào Ngang To,Nominatim,"Vào Ngang To, Bình Thạnh, Thành phố Hồ Chí Minh, Việt Nam",NO_RESULT,,,,UNKNOWN,UNKNOWN,False,TIER_E_NO_RESULT,0,,
103882,https://batdongsan.vn/p15-tan-binh-hxh-7-cho-1-can-ra-mat-tien-45m2-gia-hon-3-ty-r274076,Hồ Chí Minh,Tân Bình,street_only,dedicated_address,"Cách Mặt tiền Cống Lở 1 căn, oto vô tận cửa",Cách Cống Lở 1 căn oto vô tận cửa,Nominatim,"Cách Cống Lở 1 căn oto vô tận cửa, Tân Bình, Thành phố Hồ Chí Minh, Việt Nam",NO_RESULT,,,,UNKNOWN,UNKNOWN,False,TIER_E_NO_RESULT,0,,
136173,https://batdongsan.vn/nha-pho-dao-tong-nguyen-55-ty-4-tang-duong-xe-hoi-r136173,Hồ Chí Minh,Nhà Bè,street_only,title,phố Đào Tông Nguyên,phố Đào Tông Nguyên,Nominatim,"phố Đào Tông Nguyên, Nhà Bè, Thành phố Hồ Chí Minh, Việt Nam",NO_RESULT,,,,UNKNOWN,UNKNOWN,False,TIER_E_NO_RESULT,0,,
101622,https://batdongsan.vn/cach-mat-tien-duong-huynh-tan-phat-70m-4-tang-2-mat-tien-duong-6m-tt-nha-be-r271808,Hồ Chí Minh,Nhà Bè,street_only,title,mặt tiền đường Huỳnh tấn phát 70m - 4 tầng- 2 mặt tiền đường 6m – TT Nhà Bè,đường Huỳnh tấn phát 2 đường TT Nhà Bè,Nominatim,"đường Huỳnh tấn phát 2 đường TT Nhà Bè, Thành phố Hồ Chí Minh, Việt Nam",NO_RESULT,,,,UNKNOWN,UNKNOWN,False,TIER_E_NO_RESULT,0,,
86070,https://batdongsan.vn/sieu-re-chi-72trmv-gap-ban-nha-hxh-d5-p25-binh-thanh-130m2-nhinh-9-ty-r256238,Hồ Chí Minh,Bình Thạnh,alley_or_lane,title,"SIÊU Rẻ chỉ 72tr.Mv Gấp bán nhà HXH D5 P25 Bình Thạnh 130m2, nhỉnh 9 tỷ",SIÊU Rẻ chỉ,Nominatim,"SIÊU Rẻ chỉ, Bình Thạnh, Thành phố Hồ Chí Minh, Việt Nam",NO_RESULT,,,,UNKNOWN,UNKNOWN,False,TIER_E_NO_RESULT,0,,
106604,https://batdongsan.vn/nha-moi-3-tang-hem-xe-hoi-noi-that-day-du-nhinh-5-ty-r276798,Hồ Chí Minh,Gò Vấp,alley_or_lane,title,HẺM XE HƠI – NỘI THẤT ĐẦY ĐỦ - NHỈNH 5 TỶ,Hẻm,Nominatim,"Hẻm, Gò Vấp, Thành phố Hồ Chí Minh, Việt Nam",SUCCESS,10.8354121,106.680257,"Hẻm 145 Lê Đức Thọ, Khu phố 18, Phường Gò Vấp, Thành phố Hồ Chí Minh, 71400, Việt Nam",ADMIN_MATCH,STREET,True,TIER_B_SPATIALLY_USEFUL,5,,
184236,https://batdongsan.vn/chi-95-ty-nha-3-tang-42x13m-51m2-hxh-5m-nguyen-dinh-khoi-p4-r184236,Hồ Chí Minh,Tân Bình,alley_or_lane,title,"Chỉ 9.5 tỷ, Nhà 3 tầng, 4.2x13m, 51m2, HXH 5m, Nguyễn Đình Khơi, P4",Nhà 4 Hẻm Nguyễn Đình Khơi P4,Nominatim,"Nhà 4 Hẻm Nguyễn Đình Khơi P4, Tân Bình, Thành phố Hồ Chí Minh, Việt Nam",NO_RESULT,,,,UNKNOWN,UNKNOWN,False,TIER_E_NO_RESULT,0,,
93567,https://batdongsan.vn/nha-dep-gia-tot-r263742,Hồ Chí Minh,Thủ Đức,unclear,title,Nhà Đẹp giá tốt,giá tốt,Nominatim,"giá tốt, Thủ Đức, Thành phố Hồ Chí Minh, Việt Nam",NO_RESULT,,,,UNKNOWN,UNKNOWN,False,TIER_E_NO_RESULT,0,,
87994,https://batdongsan.vn/hxh-7-cho-4x15-499-ty-quang-trung-p11-go-vap-r258163,Hồ Chí Minh,Gò Vấp,alley_or_lane,title,"Hxh 7 chổ 4x15 4,99 tỷ Quang Trung P11 Gò Vấp",Hẻm 7 chổ,Nominatim,"Hẻm 7 chổ, Gò Vấp, Thành phố Hồ Chí Minh, Việt Nam",SUCCESS,10.8447296,106.6751817,"Hẻm 32/7 Lê Đức Thọ, Khu phố 29, Phường Gò Vấp, Thành phố Hồ Chí Minh, 71516, Việt Nam",ADMIN_MATCH,STREET,True,TIER_B_SPATIALLY_USEFUL,5,,
112210,https://batdongsan.vn/ban-nha-le-van-sy-hxh-4x85m-nha-2-tang-moi-dep-4x-ty-r282404,Hồ Chí Minh,Phú Nhuận,alley_or_lane,title,"Bán Nhà Lê Văn Sỹ, HXH, 4x8,5m, nhà 2 tầng mới đẹp, 4.x Tỷ",Lê Văn Sỹ Hẻm đẹp 4 x Tỷ,Nominatim,"Lê Văn Sỹ Hẻm đẹp 4 x Tỷ, Phú Nhuận, Thành phố Hồ Chí Minh, Việt Nam",SUCCESS,10.7954498,106.6754705,"Phường Phú Nhuận, Thành phố Hồ Chí Minh, 72221, Việt Nam",ADMIN_MATCH,WARD,True,TIER_B_SPATIALLY_USEFUL,1,,
117141,https://batdongsan.vn/quan-8-au-duong-lan-88m2-hem-xe-tai-ne-7-cho-vo-nha-hem-thong-kinh-doanh-khong-qh-khong-r117141,Hồ Chí Minh,Quận 8,street_and_ward,dedicated_address,"Cực đỉnh Phường 2, thông ra Tạ Quang Bửu, BXH, chợ, Trường học các cấp",Cực đỉnh Phường 2 thông ra Tạ Quang Bửu BXH chợ Trường học các cấp,Nominatim,"Cực đỉnh Phường 2 thông ra Tạ Quang Bửu BXH chợ Trường học các cấp, Quận 8, Thành phố Hồ Chí Minh, Việt Nam",NO_RESULT,,,,UNKNOWN,UNKNOWN,False,TIER_E_NO_RESULT,0,,
92021,https://batdongsan.vn/nha-hem-xe-hoi-da-giam-100tr-gia-chao-moi-3-ty-r262196,Hồ Chí Minh,Quận 9,alley_or_lane,title,HẺM XE HƠI ĐÃ GIẢM 100TR GIÁ CHÀO MỚI 3 TỶ,Hẻm ĐÃ GIẢM,Nominatim,"Hẻm ĐÃ GIẢM, Quận 9, Thành phố Hồ Chí Minh, Việt Nam",NO_RESULT,,,,UNKNOWN,UNKNOWN,False,TIER_E_NO_RESULT,0,,
185352,https://batdongsan.vn/nha-dep-phap-ly-chuan-1-tret-3-lau-o-ngay-gia-chi-71-ty-r185352,Hồ Chí Minh,Bình Tân,landmark_only,title,"🏡Nhà Đẹp - Pháp Lý Chuẩn - 1 Trệt 3 Lầu, Ở Ngay – Giá Chỉ 7.1 Tỷ🏡",🏡 Pháp Lý Chuẩn 1 Trệt 🏡,Nominatim,"🏡 Pháp Lý Chuẩn 1 Trệt 🏡, Bình Tân, Thành phố Hồ Chí Minh, Việt Nam",NO_RESULT,,,,UNKNOWN,UNKNOWN,False,TIER_E_NO_RESULT,0,,
125716,https://batdongsan.vn/ban-nha-hxh-tanhuong-5x25m-vuong-van-nhinh-50trm2-gan-cho-tan-huong-r125716,Hồ Chí Minh,Tân Phú,landmark_only,dedicated_address,"Sầm uất ngay chợ Tân Hương, Nguyễn Suý, gần trường ĐH Công Thương,",Sầm uất ngay chợ Tân Hương Nguyễn Suý gần trường ĐH Công Thương,Nominatim,"Sầm uất ngay chợ Tân Hương Nguyễn Suý gần trường ĐH Công Thương, Tân Phú, Thành phố Hồ Chí Minh, Việt Nam",NO_RESULT,,,,UNKNOWN,UNKNOWN,False,TIER_E_NO_RESULT,0,,
155256,https://batdongsan.vn/sieu-pham-giua-long-phu-nhuan-nha-4-tang-nguyen-dinh-chieu-chi-nhinh-5ty-r155256,Hồ Chí Minh,Phú Nhuận,street_only,title,🔥🎁SIÊU PHẨM GIỮA LÒNG PHÚ NHUẬN – NHÀ 4 TẦNG NGUYỄN ĐÌNH CHIỂU - CHỈ NHỈNH 5️⃣TỶ🚀🎁,🎁 GIỮA LÒNG PHÚ NHUẬN NHÀ NGUYỄN ĐÌNH CHIỂU CHỈ NHỈNH 5️⃣TỶ🚀🎁,Nominatim,"🎁 GIỮA LÒNG PHÚ NHUẬN NHÀ NGUYỄN ĐÌNH CHIỂU CHỈ NHỈNH 5️⃣TỶ🚀🎁, Thành phố Hồ Chí Minh, Việt Nam",NO_RESULT,,,,UNKNOWN,UNKNOWN,False,TIER_E_NO_RESULT,0,,
137396,https://batdongsan.vn/ban-nha-mat-tien-46-le-khoi-phu-thanh-tan-phu-6-x-9-2-tang-gia-chi-79-ty-r137396,Hồ Chí Minh,Tân Phú,unclear,title,Mặt tiền 46 Lê Khôi,46 Lê Khôi,Nominatim,"46 Lê Khôi, Tân Phú, Thành phố Hồ Chí Minh, Việt Nam",NO_RESULT,,,,UNKNOWN,UNKNOWN,False,TIER_E_NO_RESULT,0,,
191945,https://batdongsan.vn/chinh-chu-can-ban-gap-nha-1-hem-gan-truong-hoc-gan-cho-r191945,Hồ Chí Minh,Quận 8,alley_or_lane,title,hẻm gần trường học,hẻm gần trường học,Nominatim,"hẻm gần trường học, Quận 8, Thành phố Hồ Chí Minh, Việt Nam",NO_RESULT,,,,UNKNOWN,UNKNOWN,False,TIER_E_NO_RESULT,0,,
91228,https://batdongsan.vn/hang-nong-chua-qua-dau-tu-nha-hxh-duong-ao-doi-binh-tri-dong-a-binh-tan-r261402,Hồ Chí Minh,Bình Tân,street_only,title,đường Ao Đôi,đường Ao Đôi,Nominatim,"đường Ao Đôi, Bình Tân, Thành phố Hồ Chí Minh, Việt Nam",NO_RESULT,,,,UNKNOWN,UNKNOWN,False,TIER_E_NO_RESULT,0,,
120688,https://batdongsan.vn/mtkd-nguyen-huu-tien-dt-4x20m-4-tang-vi-tri-kd-vang-r120688,Hồ Chí Minh,Tân Phú,unclear,title,"MTKD Nguyễn Hữu Tiến DT 4x20m, 4 tầng. Vị trí KD Vàng!",MTKD Nguyễn Hữu Tiến DT Vị trí KD Vàng,Nominatim,"MTKD Nguyễn Hữu Tiến DT Vị trí KD Vàng, Tân Phú, Thành phố Hồ Chí Minh, Việt Nam",NO_RESULT,,,,UNKNOWN,UNKNOWN,False,TIER_E_NO_RESULT,0,,
140774,https://batdongsan.vn/ban-nha-mat-pho-cong-quynh-quan-1-199-ty-76m2-4-tang-8-pn-so-hong-r140774,Hồ Chí Minh,Quận 1,street_only,title,PHỐ CỐNG QUỲNH - QUẬN 1 - 19,PHỐ CỐNG QUỲNH QUẬN 1 19,Nominatim,"PHỐ CỐNG QUỲNH QUẬN 1 19, Thành phố Hồ Chí Minh, Việt Nam",NO_RESULT,,,,UNKNOWN,UNKNOWN,False,TIER_E_NO_RESULT,0,,
157644,https://batdongsan.vn/mat-tien-vip-tan-binh-duong-nhua-12m-120m2-2-mat-hem-chi-hon-13-ty-r157644,Hồ Chí Minh,Tân Bình,alley_or_lane,title,MẶT TIỀN VIP TÂN BÌNH – ĐƯỜNG NHỰA 12M – 120M2 – 2 MẶT HẺM – CHỈ HƠN 13 TỶ,VIP TÂN BÌNH ĐƯỜNG NHỰA 2 MẶT HẺM,Nominatim,"VIP TÂN BÌNH ĐƯỜNG NHỰA 2 MẶT HẺM, Thành phố Hồ Chí Minh, Việt Nam",NO_RESULT,,,,UNKNOWN,UNKNOWN,False,TIER_E_NO_RESULT,0,,
180424,https://batdongsan.vn/ban-nha-mat-pho-gan-truong-hoc-5-tang-4x16m-duong-24m-ta-quang-buu-quan-8-chi-17-ty-r180424,Hồ Chí Minh,Quận 8,street_only,title,PHỐ GẦN TRƯỜNG HỌC,PHỐ GẦN TRƯỜNG HỌC,Nominatim,"PHỐ GẦN TRƯỜNG HỌC, Quận 8, Thành phố Hồ Chí Minh, Việt Nam",NO_RESULT,,,,UNKNOWN,UNKNOWN,False,TIER_E_NO_RESULT,0,,
111112,https://batdongsan.vn/nha-dep-duong-so-thong-le-van-viet-55m2-2-tang-khu-phan-lo-dep-cho-thue-o-to-dau-r281306,Hồ Chí Minh,Quận 9,street_only,title,đường số thông Lê Văn Việt,đường số thông Lê Văn Việt,Nominatim,"đường số thông Lê Văn Việt, Quận 9, Thành phố Hồ Chí Minh, Việt Nam",NO_RESULT,,,,UNKNOWN,UNKNOWN,False,TIER_E_NO_RESULT,0,,
170865,https://batdongsan.vn/ban-biet-thu-phu-my-hung-tan-my-quan-7-chinh-chu-0901611116-r170865,Hồ Chí Minh,Quận 7,street_only,description,BÁN BIỆT THỰ PHÚ MỸ HƯNG - TÂN MỸ QUẬN 7 - CHÍNH CHỦ: 0901611116,BÁN BIỆT THỰ PHÚ MỸ HƯNG TÂN MỸ QUẬN 7 0901611116,Nominatim,"BÁN BIỆT THỰ PHÚ MỸ HƯNG TÂN MỸ QUẬN 7 0901611116, Thành phố Hồ Chí Minh, Việt Nam",NO_RESULT,,,,UNKNOWN,UNKNOWN,False,TIER_E_NO_RESULT,0,,
80379,https://batdongsan.vn/ban-nha-hem-duong-bong-sao-phuong-1-quan-8-r250526,Hồ Chí Minh,Quận 8,full_address,title,"hẻm đường Bông Sao, phường 1, Quận 8",hẻm đường Bông Sao phường 1 Quận 8,Nominatim,"hẻm đường Bông Sao phường 1 Quận 8, Thành phố Hồ Chí Minh, Việt Nam",NO_RESULT,,,,UNKNOWN,UNKNOWN,False,TIER_E_NO_RESULT,0,,
88987,https://batdongsan.vn/go-vap-quang-trung-phuong-11-84m2-ngang-hon-5m-4-tang-chi-79-ty-r259157,Hồ Chí Minh,Gò Vấp,street_and_ward,dedicated_address,"đường Quang Trung, Phường 11, Gò Vấp",đường Quang Trung Phường 11 Gò Vấp,Nominatim,"đường Quang Trung Phường 11 Gò Vấp, Thành phố Hồ Chí Minh, Việt Nam",SUCCESS,10.8322134,106.6704065,"Hẻm 312 Đường Quang Trung, Khu phố 9, Phường Gò Vấp, Thành phố Hồ Chí Minh, 72100, Việt Nam",ADMIN_MATCH,STREET,True,TIER_B_SPATIALLY_USEFUL,5,,
169439,https://batdongsan.vn/ban-nha-hoai-thanh-dien-tich-khung-188m2-ngang-7m-chi-9-ty-9-r169439,Hồ Chí Minh,Quận 8,unclear,title,Bán nhà Hoài Thanh diện tích khủng 188m2 ngang 7m chỉ 9 tỷ 9,Hoài Thanh diện tích khủng 9,Nominatim,"Hoài Thanh diện tích khủng 9, Quận 8, Thành phố Hồ Chí Minh, Việt Nam",NO_RESULT,,,,UNKNOWN,UNKNOWN,False,TIER_E_NO_RESULT,0,,
158946,https://batdongsan.vn/44x16-ban-nha-3-tang-hem-12m-hoang-hoa-tham-p12-tan-binh-nhinh-11-ty-r158946,Hồ Chí Minh,Tân Bình,alley_or_lane,title,HẺM 12m,HẺM,Nominatim,"HẺM, Tân Bình, Thành phố Hồ Chí Minh, Việt Nam",SUCCESS,10.7983563,106.6463241,"Hẻm 17 Đường Hoàng Hoa Thám, Khu phố 21, Phường Tân Bình, Thành phố Hồ Chí Minh, 72110, Việt Nam",ADMIN_MATCH,STREET,True,TIER_B_SPATIALLY_USEFUL,5,,
153301,https://batdongsan.vn/ban-nha-cn-110m2-hem-xe-tai-6m-duong-luu-chi-hieu-tan-phu-r153301,Hồ Chí Minh,Tân Phú,street_and_ward,dedicated_address,"Đường Lưu Chí Hiếu, Phường Tây Thạnh, Quận Tân Phú",Đường Lưu Chí Hiếu Phường Tây Thạnh Quận Tân Phú,Nominatim,"Đường Lưu Chí Hiếu Phường Tây Thạnh Quận Tân Phú, Thành phố Hồ Chí Minh, Việt Nam",NO_RESULT,,,,UNKNOWN,UNKNOWN,False,TIER_E_NO_RESULT,0,,
173917,https://batdongsan.vn/manh-dat-chat-hon-nuoc-cat-vi-tri-trung-tam-giam-thang-500-trieu-khong-vong-vo-r173917,Hồ Chí Minh,Thủ Đức,unclear,title,Mảnh đất ‘chất hơn nước cất’ – Vị trí trung tâm – Giảm thẳng 500 triệu không vòng vo!,Mảnh đất ‘chất hơn nước cất’ Vị trí trung tâm Giảm thẳng,Nominatim,"Mảnh đất ‘chất hơn nước cất’ Vị trí trung tâm Giảm thẳng, Thủ Đức, Thành phố Hồ Chí Minh, Việt Nam",NO_RESULT,,,,UNKNOWN,UNKNOWN,False,TIER_E_NO_RESULT,0,,
186041,https://batdongsan.vn/ban-nha-2-tang-42-x-12m-hiep-thanh-q12-shr-gia-chi-nhinh-2-ty-r186041,Hồ Chí Minh,Quận 12,street_only,dedicated_address,"Gần đường Nguyễn Thị Búp, P",Gần đường Nguyễn Thị Búp P,Nominatim,"Gần đường Nguyễn Thị Búp P, Quận 12, Thành phố Hồ Chí Minh, Việt Nam",NO_RESULT,,,,UNKNOWN,UNKNOWN,False,TIER_E_NO_RESULT,0,,
152053,https://batdongsan.vn/nha-48m2-1-lau-dep-36-dang-nhu-lam-tt-nha-be-gia-3599-ty-r152053,Hồ Chí Minh,Nhà Bè,alley_or_lane,dedicated_address,"Hẻm 1 xẹc, cách Đặng Nhữ Lâm 100m,",Hẻm 1 xẹc cách Đặng Nhữ Lâm,Nominatim,"Hẻm 1 xẹc cách Đặng Nhữ Lâm, Nhà Bè, Thành phố Hồ Chí Minh, Việt Nam",NO_RESULT,,,,UNKNOWN,UNKNOWN,False,TIER_E_NO_RESULT,0,,
124115,https://batdongsan.vn/3-tang-kha-van-can-3pn-2wc-btct-gia-19-ty-r124115,Hồ Chí Minh,Thủ Đức,street_only,dedicated_address,"Ngay trung tâm Thủ Đức, gần gần ĐH Cảnh Sát , CĐ Kỹ Thuật, các tuyến đường",Ngay trung tâm Thủ Đức gần gần ĐH Cảnh Sát CĐ Kỹ Thuật các tuyến đường,Nominatim,"Ngay trung tâm Thủ Đức gần gần ĐH Cảnh Sát CĐ Kỹ Thuật các tuyến đường, Thành phố Hồ Chí Minh, Việt Nam",NO_RESULT,,,,UNKNOWN,UNKNOWN,False,TIER_E_NO_RESULT,0,,
87077,https://batdongsan.vn/ban-nha-tang-loc-gia-re-165t-2pn-2wc-r257245,Hồ Chí Minh,Tân Phú,full_address,dedicated_address,"hẻm 710 Luỹ Bán Bích, phường Tân Thành, quận Tân Phú",hẻm 710 Luỹ Bán Bích phường Tân Thành quận Tân Phú,Nominatim,"hẻm 710 Luỹ Bán Bích phường Tân Thành quận Tân Phú, Thành phố Hồ Chí Minh, Việt Nam",NO_RESULT,,,,UNKNOWN,UNKNOWN,False,TIER_E_NO_RESULT,0,,
174409,https://batdongsan.vn/khu-trung-tam-quan-4-nha-dep-4-tang-duong-hoang-dieu-thong-ra-ton-dan-vinh-hoi-khanh-hoi-r174409,Hồ Chí Minh,Quận 4,street_only,dedicated_address,"Thuận tiện đi lại, gần chợ, gần hồ bơi, thích hợp mua ở or kinh doanh",Thuận tiện đi lại gần chợ gần hồ bơi thích hợp mua ở or,Nominatim,"Thuận tiện đi lại gần chợ gần hồ bơi thích hợp mua ở or, Quận 4, Thành phố Hồ Chí Minh, Việt Nam",NO_RESULT,,,,UNKNOWN,UNKNOWN,False,TIER_E_NO_RESULT,0,,
114010,https://batdongsan.vn/giam-12-ty-ban-nha-lac-long-quan-tan-binh-dt-56m2-moi-gia-4-ty-nhinh-r284204,Hồ Chí Minh,Tân Bình,unclear,title,"GIẢM 1,2 TỶ Bán nhà Lạc Long Quân Tân Bình, DT 56m2 Mới giá 4 tỷ nhỉnh",GIẢM Mới,Nominatim,"GIẢM Mới, Tân Bình, Thành phố Hồ Chí Minh, Việt Nam",NO_RESULT,,,,UNKNOWN,UNKNOWN,False,TIER_E_NO_RESULT,0,,
194840,https://batdongsan.vn/ban-nha-rieng-mat-pho-lien-khu-5-6-dt80m2-tl-chinh-chu-r194840,Hồ Chí Minh,Bình Tân,street_only,title,phố Liên Khu 5-6 dt,phố Liên Khu 5 6 dt,Nominatim,"phố Liên Khu 5 6 dt, Bình Tân, Thành phố Hồ Chí Minh, Việt Nam",NO_RESULT,,,,UNKNOWN,UNKNOWN,False,TIER_E_NO_RESULT,0,,
147191,https://batdongsan.vn/nha-dang-cap-xe-hoi-ngu-nha-50m2-luen-ke-phu-my-hung-r147191,Hồ Chí Minh,Nhà Bè,street_only,title,"Nhà đẳng cấp - XE HƠI NGỦ NHÀ 50m2, luền kề Phú Mỹ Hưng",Nhà đẳng cấp XE HƠI NGỦ NHÀ luền kề Phú Mỹ Hưng,Nominatim,"Nhà đẳng cấp XE HƠI NGỦ NHÀ luền kề Phú Mỹ Hưng, Nhà Bè, Thành phố Hồ Chí Minh, Việt Nam",NO_RESULT,,,,UNKNOWN,UNKNOWN,False,TIER_E_NO_RESULT,0,,
129032,https://batdongsan.vn/ban-nha-hxh-pham-van-chieu-go-vap-48m2-2-pn-gia-nhinh-5-ty-r129032,Hồ Chí Minh,Gò Vấp,full_address,dedicated_address,"Hẻm xe hơi Phạm Văn Chiêu, Phường 9, Quận Gò Vấp",Hẻm Phạm Văn Chiêu Phường 9 Quận Gò Vấp,Nominatim,"Hẻm Phạm Văn Chiêu Phường 9 Quận Gò Vấp, Thành phố Hồ Chí Minh, Việt Nam",NO_RESULT,,,,UNKNOWN,UNKNOWN,False,TIER_E_NO_RESULT,0,,
125603,https://batdongsan.vn/ban-nha-mat-tien-5-tang-5x12m-gia-125-ty-duong-hiep-thanh-43-r125603,Hồ Chí Minh,Quận 12,street_and_ward,dedicated_address,"Mặt tiền đường 40m thuật tiện di chuyển kết nối Nguyễn ảnh Thủ  , Nguyễn Thị Búp Phường Vip Hiệp Thành",đường thuật tiện di chuyển kết nối Nguyễn ảnh Thủ Nguyễn Thị Búp Phường Vip Hiệp Thành,Nominatim,"đường thuật tiện di chuyển kết nối Nguyễn ảnh Thủ Nguyễn Thị Búp Phường Vip Hiệp Thành, Quận 12, Thành phố Hồ Chí Minh, Việt Nam",NO_RESULT,,,,UNKNOWN,UNKNOWN,False,TIER_E_NO_RESULT,0,,
157307,https://batdongsan.vn/ban-nha-130m2-2-tang-3pn-2wc-tan-phu-thu-duc-44-ty-r157307,Hồ Chí Minh,Thủ Đức,street_only,title,"Bán nhà 130m², 2 tầng, 3PN, 2WC, Tân Phú, Thủ Đức - 4.4 tỷ",130m² Tân Phú Thủ Đức,Nominatim,"130m² Tân Phú Thủ Đức, Thành phố Hồ Chí Minh, Việt Nam",NO_RESULT,,,,UNKNOWN,UNKNOWN,False,TIER_E_NO_RESULT,0,,
126084,https://batdongsan.vn/ban-nha-hxh-thong-ptaythanh-qtanphu-53m2-3t-3pn-nha-moi-gia-chi-5tyxx-r126084,Hồ Chí Minh,Tân Phú,full_address,title,Bán nhà HXH thông P.TâyThạnh Q.TânPhú 53m2 3T 3PN nhà mới giá chỉ 5tỷxx,Hẻm thông P TâyThạnh Q TânPhú 3T xx,Nominatim,"Hẻm thông P TâyThạnh Q TânPhú 3T xx, Tân Phú, Thành phố Hồ Chí Minh, Việt Nam",NO_RESULT,,,,UNKNOWN,UNKNOWN,False,TIER_E_NO_RESULT,0,,
146407,https://batdongsan.vn/ban-nha-ngay-himlam-ke-benh-vien-tan-hung-quan-7-hxh-dt-160m2-chi-9-ty-r146407,Hồ Chí Minh,Quận 7,alley_or_lane,description,"BÁN NHÀ NGAY HIMLAM, KÊ BỆNH VIỆN TÂN HƯNG QUẬN 7, HXH, DT 160M2, CHỈ 9 TỶ",NGAY HIMLAM KÊ BỆNH VIỆN TÂN HƯNG QUẬN 7 Hẻm,Nominatim,"NGAY HIMLAM KÊ BỆNH VIỆN TÂN HƯNG QUẬN 7 Hẻm, Thành phố Hồ Chí Minh, Việt Nam",NO_RESULT,,,,UNKNOWN,UNKNOWN,False,TIER_E_NO_RESULT,0,,
185763,https://batdongsan.vn/ban-nha-hem-xe-tai-khuong-viet-phu-trung-tan-phu-gan-q11-96m2-4-tang-gia-chi-123-r185763,Hồ Chí Minh,Tân Phú,alley_or_lane,title,HẺM XE TẢI – KHUÔNG VIỆT,HẺM XE TẢI KHUÔNG VIỆT,Nominatim,"HẺM XE TẢI KHUÔNG VIỆT, Tân Phú, Thành phố Hồ Chí Minh, Việt Nam",NO_RESULT,,,,UNKNOWN,UNKNOWN,False,TIER_E_NO_RESULT,0,,
108777,https://batdongsan.vn/bao-gia-cua-thep-chong-chay-dat-chuan-ei-60p-90p-120p-r278971,Hồ Chí Minh,Thủ Đức,unclear,title,Báo giá cửa thép chống cháy đạt chuẩn | EI 60p 90p 120p,Báo giá cửa thép chống cháy đạt chuẩn EI 60p 90p 120p,Nominatim,"Báo giá cửa thép chống cháy đạt chuẩn EI 60p 90p 120p, Thủ Đức, Thành phố Hồ Chí Minh, Việt Nam",NO_RESULT,,,,UNKNOWN,UNKNOWN,False,TIER_E_NO_RESULT,0,,
192678,https://batdongsan.vn/ban-nha-mat-tien-hiep-thanh-17-quan-12-10x40m-thu-nhap-50trth-r192678,Hồ Chí Minh,Quận 12,street_only,dedicated_address,"Mặt tiền đường Hiệp Thành 17, khu",đường Hiệp Thành 17 khu,Nominatim,"đường Hiệp Thành 17 khu, Quận 12, Thành phố Hồ Chí Minh, Việt Nam",NO_RESULT,,,,UNKNOWN,UNKNOWN,False,TIER_E_NO_RESULT,0,,
147721,https://batdongsan.vn/quan-5-khu-kinh-doanh-mua-ban-dong-duc-phu-tung-xe41x18-pham-huu-chi-xiu-19ty-r147721,Hồ Chí Minh,Quận 5,unclear,dedicated_address,"Nằm đoạn giữa Dương Tử Giang và Đỗ Ngọc Thạnh kinh doanh sầm uất,",Nằm đoạn giữa Dương Tử Giang và Đỗ Ngọc Thạnh sầm uất,Nominatim,"Nằm đoạn giữa Dương Tử Giang và Đỗ Ngọc Thạnh sầm uất, Quận 5, Thành phố Hồ Chí Minh, Việt Nam",NO_RESULT,,,,UNKNOWN,UNKNOWN,False,TIER_E_NO_RESULT,0,,
142274,https://batdongsan.vn/ban-nha-chinh-chu-cao-lo-quan-8-tphcm-r142274,Hồ Chí Minh,Quận 8,street_only,dedicated_address,"Cao Lỗ, Quận 8, TP",Cao Lỗ Quận 8 TP,Nominatim,"Cao Lỗ Quận 8 TP, Thành phố Hồ Chí Minh, Việt Nam",NO_RESULT,,,,UNKNOWN,UNKNOWN,False,TIER_E_NO_RESULT,0,,
177952,https://batdongsan.vn/ban-nha-duong-ba-trac-quan-8-r177952,Hồ Chí Minh,Quận 8 Quận 8,unclear,description,Bán nhà Dương Bá Trạc – Quận 8,Dương Bá Trạc Quận 8,Nominatim,"Dương Bá Trạc Quận 8, Quận 8 Quận 8, Thành phố Hồ Chí Minh, Việt Nam",NO_RESULT,,,,UNKNOWN,UNKNOWN,False,TIER_E_NO_RESULT,0,,
95623,https://batdongsan.vn/ban-nha-1tret-2lau-hem-xe-hoi-p-linh-tay-thu-duc-dt-131-m2-gia-12-ty-r265798,Hồ Chí Minh,Thủ Đức,street_and_ward,dedicated_address,"Cách đường chính số 9 100m, khoảng 700m là ra Phạm Văn Đồng, Kha Vạn Cân",Cách đường chính số 9 khoảng là ra Phạm Văn Đồng Kha Vạn Cân,Nominatim,"Cách đường chính số 9 khoảng là ra Phạm Văn Đồng Kha Vạn Cân, Thủ Đức, Thành phố Hồ Chí Minh, Việt Nam",NO_RESULT,,,,UNKNOWN,UNKNOWN,False,TIER_E_NO_RESULT,0,,
166668,https://batdongsan.vn/vi-tri-dep-tai-duong-nguyen-duy-cung-phuong-12-quan-go-vap-r166668,Hồ Chí Minh,Quận Gò Vấp,street_and_ward,title,"đường Nguyễn Duy Cung, phường 12, quận Gò Vấp.",đường Nguyễn Duy Cung phường 12 quận Gò Vấp,Nominatim,"đường Nguyễn Duy Cung phường 12 quận Gò Vấp, Thành phố Hồ Chí Minh, Việt Nam",NO_RESULT,,,,UNKNOWN,UNKNOWN,False,TIER_E_NO_RESULT,0,,
171946,https://batdongsan.vn/nguyen-hong-dao-khu-bau-cat-hem-4m-xe-hoi-thong-3-tang-btct-chi-5x-ty-r171946,Hồ Chí Minh,Tân Bình,alley_or_lane,title,HẺM 4M XE HƠI THÔNG – 3 TẦNG BTCT – CHỈ 5.X TỶ,Hẻm THÔNG BTCT CHỈ 5 X TỶ,Nominatim,"Hẻm THÔNG BTCT CHỈ 5 X TỶ, Tân Bình, Thành phố Hồ Chí Minh, Việt Nam",NO_RESULT,,,,UNKNOWN,UNKNOWN,False,TIER_E_NO_RESULT,0,,
183384,https://batdongsan.vn/nha-2-lau-hem-xe-hoi-ngo-chi-quoc-binh-chieu-thu-duc-r183384,Hồ Chí Minh,Thủ Đức,alley_or_lane,title,HẺM XE HƠI NGÔ CHÍ QUỐC,Hẻm NGÔ CHÍ QUỐC,Nominatim,"Hẻm NGÔ CHÍ QUỐC, Thủ Đức, Thành phố Hồ Chí Minh, Việt Nam",NO_RESULT,,,,UNKNOWN,UNKNOWN,False,TIER_E_NO_RESULT,0,,
166580,https://batdongsan.vn/ban-nha-72m2-4-tang-4pn-linh-trung-thu-duc-735-ty-r166580,Hồ Chí Minh,Thủ Đức,unclear,title,"Bán nhà 72m², 4 tầng, 4PN, Linh Trung, Thủ Đức, 7.35  tỷ",72m² Linh Trung Thủ Đức,Nominatim,"72m² Linh Trung Thủ Đức, Thành phố Hồ Chí Minh, Việt Nam",NO_RESULT,,,,UNKNOWN,UNKNOWN,False,TIER_E_NO_RESULT,0,,
94061,https://batdongsan.vn/ban-nha-4-tang-mat-tien-6m-duong-vinh-vien-quan-10-gia-36-ty-0902934079-r264236,Hồ Chí Minh,Quận 10,house_number_and_street,title,Mặt Tiền 6m Đường Vĩnh Viễn Quận 10,Đường Vĩnh Viễn Quận 10,Nominatim,"Đường Vĩnh Viễn Quận 10, Thành phố Hồ Chí Minh, Việt Nam",NO_RESULT,,,,UNKNOWN,UNKNOWN,False,TIER_E_NO_RESULT,0,,
189865,https://batdongsan.vn/ban-nha-rieng-chinh-chu-tran-dinh-xu-quan-1-gia-225-ty-r189865,Hồ Chí Minh,Quận 1,street_only,description,"Bán Nhà Riêng Chính Chủ  TRẦN ĐÌNH XU, QUẬN 1 – GIÁ 2.25 TỶ",TRẦN ĐÌNH XU QUẬN 1,Nominatim,"TRẦN ĐÌNH XU QUẬN 1, Thành phố Hồ Chí Minh, Việt Nam",NO_RESULT,,,,UNKNOWN,UNKNOWN,False,TIER_E_NO_RESULT,0,,
96340,https://batdongsan.vn/ban-nha-dep-huynh-khuong-an-go-vap-4-tang-btct-moi-gia-chi-57-ty-r266517,Hồ Chí Minh,Gò Vấp,unclear,title,"Bán nhà đẹp Huỳnh Khương An Gò Vấp, 4 tâng BTCT mới giá chỉ 5,7 tỷ.",đẹp Huỳnh Khương An Gò Vấp 4 tâng BTCT mới,Nominatim,"đẹp Huỳnh Khương An Gò Vấp 4 tâng BTCT mới, Thành phố Hồ Chí Minh, Việt Nam",NO_RESULT,,,,UNKNOWN,UNKNOWN,False,TIER_E_NO_RESULT,0,,
182508,https://batdongsan.vn/ban-dat-tang-nha-c4-741m2-ngang-462m-hxt-dau-cua-tsn-tp-r182508,Hồ Chí Minh,Tân Phú,street_only,title,"BÁN ĐẤT TẶNG NHÀ C4 74.1m2 NGANG 4.62m HXT ĐẬU CỬA TSN, TP",TẶNG NHÀ C4 74 NGANG 4 HXT ĐẬU CỬA TSN TP,Nominatim,"TẶNG NHÀ C4 74 NGANG 4 HXT ĐẬU CỬA TSN TP, Tân Phú, Thành phố Hồ Chí Minh, Việt Nam",NO_RESULT,,,,UNKNOWN,UNKNOWN,False,TIER_E_NO_RESULT,0,,
156507,https://batdongsan.vn/ban-nha-dien-bien-phu-quan-3-hem-rong-4m-gia-385-ty-r156507,Hồ Chí Minh,Quận 3,alley_or_lane,dedicated_address,hẻm 4 m,hẻm 4 m,Nominatim,"hẻm 4 m, Quận 3, Thành phố Hồ Chí Minh, Việt Nam",SUCCESS,10.7525279,106.6827742,"Hẻm 3 Nguyễn Biểu, Khu phố 3, Phường Chợ Quán, Thành phố Hồ Chí Minh, 72722, Việt Nam",ADMIN_MATCH,STREET,True,TIER_B_SPATIALLY_USEFUL,5,,
154215,https://batdongsan.vn/c132-ban-dat-mat-tien-nguyen-thi-thap-quan-7-kinh-doanh-dinh-gia-chi-27-ty-r154215,Hồ Chí Minh,Quận 7,street_only,title,MẶT TIỀN NGUYỄN THỊ THẬP - QUẬN 7 - KINH DOANH ĐỈNH - GIÁ CHỈ 27 TỶ 🔥,NGUYỄN THỊ THẬP QUẬN 7 ĐỈNH,Nominatim,"NGUYỄN THỊ THẬP QUẬN 7 ĐỈNH, Thành phố Hồ Chí Minh, Việt Nam",SUCCESS,10.7372002,106.7255023,"GO! Nguyễn Thị Thập, 99, Nguyễn Thị Thập, Khu phố 19, Phường Tân Mỹ, Thành phố Hồ Chí Minh, 72916, Việt Nam",ADMIN_MATCH,UNKNOWN,False,TIER_D_ADMIN_ONLY,1,,
175434,https://batdongsan.vn/ban-nha-hxh-quay-dau-cach-mang-thang-8-p15-q10-103m2-5-tang-ngang-61m-r175434,Hồ Chí Minh,Quận 10,alley_or_lane,title,"Bán nhà HXH quay đầu Cách Mạng Tháng 8, P15. Q10, 103m2, 5 tầng, ngang 6,1m",Hẻm quay đầu Cách Mạng Tháng 8 P15 Q10 ngang 6,Nominatim,"Hẻm quay đầu Cách Mạng Tháng 8 P15 Q10 ngang 6, Quận 10, Thành phố Hồ Chí Minh, Việt Nam",NO_RESULT,,,,UNKNOWN,UNKNOWN,False,TIER_E_NO_RESULT,0,,
86722,https://batdongsan.vn/ngang-85m-ban-nha-hem-496-duong-quang-ham-210m2-chi-12-ty-tl-r256890,Hồ Chí Minh,Gò Vấp,alley_or_lane,title,hẻm 496 Dương Quảng Hàm,hẻm 496 Dương Quảng Hàm,Nominatim,"hẻm 496 Dương Quảng Hàm, Gò Vấp, Thành phố Hồ Chí Minh, Việt Nam",NO_RESULT,,,,UNKNOWN,UNKNOWN,False,TIER_E_NO_RESULT,0,,
125383,https://batdongsan.vn/hem-nhua-8m-otnn-quan-10-khu-bac-hai-cu-xa-tu-do-cv-le-thi-rieng-4-lau-nha-dep-o-r125383,Hồ Chí Minh,Quận 10,alley_or_lane,title,HẺM NHỰA 8M- ÔTNN -  QUẬN 10 - KHU BẮC HẢI - CƯ XÁ TỰ DO - CV LÊ THỊ RIÊNG - 4 LẦU NHÀ ĐẸP - Ở,HẺM NHỰA ÔTNN QUẬN 10 KHU BẮC HẢI CƯ XÁ TỰ DO CV LÊ THỊ RIÊNG Ở,Nominatim,"HẺM NHỰA ÔTNN QUẬN 10 KHU BẮC HẢI CƯ XÁ TỰ DO CV LÊ THỊ RIÊNG Ở, Thành phố Hồ Chí Minh, Việt Nam",NO_RESULT,,,,UNKNOWN,UNKNOWN,False,TIER_E_NO_RESULT,0,,
92268,https://batdongsan.vn/can-ban-nha-duong-nguyen-van-bua-xa-pvh-gia-550tr-r262443,Hồ Chí Minh,Bình Chánh,street_and_ward,title,đường Nguyễn Văn Bứa xã PVH giá 550tr,đường Nguyễn Văn Bứa xã PVH,Nominatim,"đường Nguyễn Văn Bứa xã PVH, Bình Chánh, Thành phố Hồ Chí Minh, Việt Nam",NO_RESULT,,,,UNKNOWN,UNKNOWN,False,TIER_E_NO_RESULT,0,,
177465,https://batdongsan.vn/hxh-thoai-ngoc-hau-tan-phu-gan-ubnd-quan-53x16m-3t-4pn-chi-6-ty-r177465,Hồ Chí Minh,Tân Phú,alley_or_lane,description,"HXH Thoại Ngọc Hầu, Tân Phú gần UBND Quận, 5.3x16m, 3T, 4PN chỉ 6 tỷ...",Hẻm Thoại Ngọc Hầu Tân Phú gần UBND Quận 5 3T,Nominatim,"Hẻm Thoại Ngọc Hầu Tân Phú gần UBND Quận 5 3T, Thành phố Hồ Chí Minh, Việt Nam",NO_RESULT,,,,UNKNOWN,UNKNOWN,False,TIER_E_NO_RESULT,0,,
185089,https://batdongsan.vn/ban-nha-dep-duong-quang-ham-p6-go-vap-5-tang-gara-thang-may-54m2-92-ty-tl-r185089,Hồ Chí Minh,Gò Vấp,street_only,title,"BÁN NHÀ ĐẸP DƯƠNG QUẢNG HÀM P6 GÒ VẤP,  5 TẦNG GARA THANG MÁY,  54M2, 9.2 TỶ TL",ĐẸP DƯƠNG QUẢNG HÀM P6 GÒ VẤP GARA,Nominatim,"ĐẸP DƯƠNG QUẢNG HÀM P6 GÒ VẤP GARA, Thành phố Hồ Chí Minh, Việt Nam",NO_RESULT,,,,UNKNOWN,UNKNOWN,False,TIER_E_NO_RESULT,0,,
105063,https://batdongsan.vn/ban-can-nha-tam-huyet-dinh-phong-phu-899-ty-phuong-tang-nhon-phu-b-quan-9-r275257,Hồ Chí Minh,Quận 9,unclear,description,"bán căn nhà tâm huyết Đình Phong Phú, 8.99 tỷ, phường Tăng Nhơn Phú B Quận 9",bán căn nhà tâm huyết Đình Phong Phú phường Tăng Nhơn Phú B Quận 9,Nominatim,"bán căn nhà tâm huyết Đình Phong Phú phường Tăng Nhơn Phú B Quận 9, Thành phố Hồ Chí Minh, Việt Nam",NO_RESULT,,,,UNKNOWN,UNKNOWN,False,TIER_E_NO_RESULT,0,,
148336,https://batdongsan.vn/ban-nha-mt-kd-duong-so-6-bhhb-binh-tan-97m2-3-tang-dep-lung-linh-gia-re-r148336,Hồ Chí Minh,Bình Tân,street_only,dedicated_address,"Đường thông tứ tung ra đường Liên Khu 5-6, Liên Khu 4-5",Đường thông tứ tung ra đường Liên Khu 5 6 Liên Khu 4 5,Nominatim,"Đường thông tứ tung ra đường Liên Khu 5 6 Liên Khu 4 5, Bình Tân, Thành phố Hồ Chí Minh, Việt Nam",NO_RESULT,,,,UNKNOWN,UNKNOWN,False,TIER_E_NO_RESULT,0,,
145677,https://batdongsan.vn/nha-ban-view-cau-quan-1-mat-tien-duong-hoang-dieu-vi-tri-kinh-doanh-sam-uat-r145677,Hồ Chí Minh,Quận 1,street_only,title,MẶT TIỀN ĐƯỜNG HOÀNG DIỆU- VỊ TRÍ KINH DOANH SẦM UÁT.,ĐƯỜNG HOÀNG DIỆU VỊ TRÍ SẦM UÁT,Nominatim,"ĐƯỜNG HOÀNG DIỆU VỊ TRÍ SẦM UÁT, Quận 1, Thành phố Hồ Chí Minh, Việt Nam",NO_RESULT,,,,UNKNOWN,UNKNOWN,False,TIER_E_NO_RESULT,0,,
140145,https://batdongsan.vn/ban-nhanh-toa-nha-dep-chdv-moi-100-sieu-vi-tri-khu-vuc-trung-tam-quan-10-r140145,Hồ Chí Minh,Quận 10 Quận 10,street_and_ward,dedicated_address,"5XX Sư Vạn Hạnh, Phường 10, Quận 10",5XX Sư Vạn Hạnh Phường 10 Quận 10,Nominatim,"5XX Sư Vạn Hạnh Phường 10 Quận 10, Quận 10 Quận 10, Thành phố Hồ Chí Minh, Việt Nam",NO_RESULT,,,,UNKNOWN,UNKNOWN,False,TIER_E_NO_RESULT,0,,
111542,https://batdongsan.vn/ban-nha-quan-10-duoi-8-ty-duong-to-hien-thanh-4-tang-3x11m-5-ty-6-r281736,Hồ Chí Minh,Quận 10,alley_or_lane,dedicated_address,"Nằm ngay trung tâm Sài Gòn, gần Chợ, Trường học các cấp, Uỷ ban nhân dân Quận Hẻm trước nhà 3m, cách 3 căn ra hẻm xe hơi, cách mặt tiền 50m",Nằm ngay trung tâm Sài Gòn gần Chợ Trường học các cấp Uỷ ban nhân dân Quận Hẻm cách 3 căn ra Hẻm cách,Nominatim,"Nằm ngay trung tâm Sài Gòn gần Chợ Trường học các cấp Uỷ ban nhân dân Quận Hẻm cách 3 căn ra Hẻm cách, Quận 10, Thành phố Hồ Chí Minh, Việt Nam",NO_RESULT,,,,UNKNOWN,UNKNOWN,False,TIER_E_NO_RESULT,0,,
144485,https://batdongsan.vn/san-pham-gia-re-nhat-khu-vuc-hbc-sau-gigamall-chi-50trm2-ful-tho-r144485,Hồ Chí Minh,Thủ Đức,street_and_ward,dedicated_address,"Đường số 22, Phường Hiệp Bình Chánh, TP Thủ Đức",Đường số 22 Phường Hiệp Bình Chánh TP Thủ Đức,Nominatim,"Đường số 22 Phường Hiệp Bình Chánh TP Thủ Đức, Thành phố Hồ Chí Minh, Việt Nam",SUCCESS,10.8310876,106.7291249,"Trụ sở Khu phố 5, 22, Đường số 8, Khu phố 37, Phường Hiệp Bình, Thành phố Hồ Chí Minh, 72309, Việt Nam",ADMIN_PARTIAL_MATCH,UNKNOWN,False,TIER_F_INVALID_OR_INCONSISTENT,1,,
162255,https://batdongsan.vn/ban-nha-mat-tien-nguyen-trong-tuyen-nguyen-van-troi-41x18m-2-tang-hdt-22tr-145-ty-r162255,Hồ Chí Minh,Phú Nhuận,street_only,title,Mặt tiền Nguyễn Trọng Tuyển - Nguyễn Văn Trỗi,Nguyễn Trọng Tuyển Nguyễn Văn Trỗi,Nominatim,"Nguyễn Trọng Tuyển Nguyễn Văn Trỗi, Phú Nhuận, Thành phố Hồ Chí Minh, Việt Nam",NO_RESULT,,,,UNKNOWN,UNKNOWN,False,TIER_E_NO_RESULT,0,,
85757,https://batdongsan.vn/ban-gap-nha-dep-363m2-18-ty-au-duong-lan-quan-8-r255925,Hồ Chí Minh,Quận 8,street_only,description,"BÁN GẤP NHÀ ĐẸP 36.3M2 1.8 TỶ, ÂU DƯƠNG LÂN QUẬN 8",BÁN GẤP 36 ÂU DƯƠNG LÂN QUẬN 8,Nominatim,"BÁN GẤP 36 ÂU DƯƠNG LÂN QUẬN 8, Thành phố Hồ Chí Minh, Việt Nam",NO_RESULT,,,,UNKNOWN,UNKNOWN,False,TIER_E_NO_RESULT,0,,
95902,https://batdongsan.vn/go-vap-le-van-tho-cv-lang-hoa-nha-full-noi-that-kv-4x85m-chi-285-ty-r266077,Hồ Chí Minh,Gò Vấp,street_only,title,"GÒ VẤP, LÊ VĂN THỌ, CV LÀNG HOA, NHÀ FULL NỘI THẤT, KV 4x8.5m, CHỈ 2.85 TỶ",GÒ VẤP LÊ VĂN THỌ CV LÀNG HOA NHÀ KV,Nominatim,"GÒ VẤP LÊ VĂN THỌ CV LÀNG HOA NHÀ KV, Thành phố Hồ Chí Minh, Việt Nam",NO_RESULT,,,,UNKNOWN,UNKNOWN,False,TIER_E_NO_RESULT,0,,
121503,https://batdongsan.vn/ban-nha-hoang-bat-dat-phuong-15-tan-binh-dt-51m2-5-x-103-x-2-tang-chi-403-ty-tl-r121503,Hồ Chí Minh,Tân Bình,unclear,description,"Bán nhà Hoàng Bật Đạt, phường 15, Tân Bình, DT 51m2 (5 x 10.3) x 2 tầng, Chỉ 4.03 tỷ TL",Hoàng Bật Đạt phường 15 Tân Bình 5 x 10 3 x,Nominatim,"Hoàng Bật Đạt phường 15 Tân Bình 5 x 10 3 x, Thành phố Hồ Chí Minh, Việt Nam",NO_RESULT,,,,UNKNOWN,UNKNOWN,False,TIER_E_NO_RESULT,0,,
84550,https://batdongsan.vn/ban-gap-nha-dep-363m2-17-ty-au-duong-lan-quan-8-r254712,Hồ Chí Minh,Quận 8,street_only,description,"BÁN GẤP NHÀ ĐẸP 36.3M2 1.7 TỶ, ÂU DƯƠNG LÂN QUẬN 8",BÁN GẤP 36 ÂU DƯƠNG LÂN QUẬN 8,Nominatim,"BÁN GẤP 36 ÂU DƯƠNG LÂN QUẬN 8, Thành phố Hồ Chí Minh, Việt Nam",NO_RESULT,,,,UNKNOWN,UNKNOWN,False,TIER_E_NO_RESULT,0,,
166532,https://batdongsan.vn/nha-74m2-gan-le-duc-tho-le-van-tho-pham-van-chieu-quan-go-vap-r166532,Hồ Chí Minh,Quận Gò Vấp,street_only,description,"NHÀ 74M2  GẦN LÊ ĐỨC THỌ, LÊ VAN THỌ, PHẠM VAN CHIÊU , QUẬN GÒ VẤP.",NHÀ GẦN LÊ ĐỨC THỌ LÊ VAN THỌ PHẠM VAN CHIÊU QUẬN GÒ VẤP,Nominatim,"NHÀ GẦN LÊ ĐỨC THỌ LÊ VAN THỌ PHẠM VAN CHIÊU QUẬN GÒ VẤP, Thành phố Hồ Chí Minh, Việt Nam",NO_RESULT,,,,UNKNOWN,UNKNOWN,False,TIER_E_NO_RESULT,0,,
152378,https://batdongsan.vn/nha-moi-4-tang-10pn-5x20-kdc-nam-long-ha-huy-giap-q12-gia-88-ty-r152378,Hồ Chí Minh,Quận 12,project_or_residential_area,title,"NHÀ MỚI 4 TẦNG, 10PN (5x20) KDC NAM LONG HÀ HUY GIÁP, Q12 GIÁ 8.8 TỶ",KDC NAM LONG HÀ HUY GIÁP Q12,Nominatim,"KDC NAM LONG HÀ HUY GIÁP Q12, Quận 12, Thành phố Hồ Chí Minh, Việt Nam",NO_RESULT,,,,UNKNOWN,UNKNOWN,False,TIER_E_NO_RESULT,0,,
105913,https://batdongsan.vn/nha-dep-hem-o-to-5m-5-phut-toi-cv-phu-lam-200m-ra-tinh-lo-10-r276107,Hồ Chí Minh,Bình Tân,alley_or_lane,title,Hẻm ô tô 5m,Hẻm ô tô,Nominatim,"Hẻm ô tô, Bình Tân, Thành phố Hồ Chí Minh, Việt Nam",SUCCESS,10.7715007,106.6406107,"Hẻm 341N-O Lạc Long Quân, Khu phố 11, Phường Hòa Bình, Thành phố Hồ Chí Minh, 72015, Việt Nam",ADMIN_PARTIAL_MATCH,STREET,False,TIER_F_INVALID_OR_INCONSISTENT,1,,
87836,https://batdongsan.vn/can-ban-gap-can-nha-quan-binh-tan-gia-tot-nhat-thi-truong-r258005,Hồ Chí Minh,Quận Bình Tân,full_address,dedicated_address,"21/4/16 đường số 14, khu phố 12, phường Bình Hưng Hòa A, quận Bình Tân, Thành phố Hồ Chí Minh",21/4/16 đường số 14 khu phố 12 phường Bình Hưng Hòa A quận Bình Tân Thành phố Hồ Chí Minh,Nominatim,"21/4/16 đường số 14 khu phố 12 phường Bình Hưng Hòa A quận Bình Tân Thành phố Hồ Chí Minh, Việt Nam",NO_RESULT,,,,UNKNOWN,UNKNOWN,False,TIER_E_NO_RESULT,0,,
100842,https://batdongsan.vn/ban-gap-nha-q1-ngay-ham-nghi-nhinh-5-ty-r271025,Hồ Chí Minh,Quận 1,landmark_only,title,Bán gấp Nhà Q1 ngay hàm nghi nhỉnh 5 tỷ,Bán gấp Nhà Q1 ngay hàm nghi,Nominatim,"Bán gấp Nhà Q1 ngay hàm nghi, Quận 1, Thành phố Hồ Chí Minh, Việt Nam",NO_RESULT,,,,UNKNOWN,UNKNOWN,False,TIER_E_NO_RESULT,0,,
85158,https://batdongsan.vn/giam-500tr-tang-noi-that-3-tang-quan-3-dtsd-51m2-nhinh-3-ty-cong-chung-1p30s-r255323,Hồ Chí Minh,Quận 3,unclear,title,"Giảm 500tr, Tặng Nội Thất, 3 Tầng Quận 3, DTSD 51m2 nhỉnh 3 tỷ, Công Chứng 1p30s",Giảm Tặng Nội Thất Quận 3 DTSD Công Chứng 1p30s,Nominatim,"Giảm Tặng Nội Thất Quận 3 DTSD Công Chứng 1p30s, Thành phố Hồ Chí Minh, Việt Nam",NO_RESULT,,,,UNKNOWN,UNKNOWN,False,TIER_E_NO_RESULT,0,,
177284,https://batdongsan.vn/ban-gap-nha-hem-xe-hoi-tt-nha-be-170m2-nhinh-6-ty-r177284,Hồ Chí Minh,Nhà Bè,alley_or_lane,title,HẺM XE HƠI- TT NHÀ BÈ-170M2- NHỈNH 6 TỶ,Hẻm TT NHÀ BÈ,Nominatim,"Hẻm TT NHÀ BÈ, Thành phố Hồ Chí Minh, Việt Nam",SUCCESS,10.6793079,106.7541553,"Hẻm 2637 Huỳnh Tấn Phát, Ấp 11, Xã Nhà Bè, Thành phố Hồ Chí Minh, 73206, Việt Nam",ADMIN_MATCH,STREET,True,TIER_B_SPATIALLY_USEFUL,5,,
133649,https://batdongsan.vn/hem-6m-1-truc-gan-mat-tien-le-van-tho-90m2-dong-tien-60trthang-chi-hon-8-ty-r133649,Hồ Chí Minh,Gò Vấp,alley_or_lane,dedicated_address,"hẻm nhựa 6M 1 trục thẳng tắp gần mặt tiền đường, cách công viên Làng Hoa 300m, ra sân bay chỉ 15p",hẻm nhựa 1 trục thẳng tắp gần đường cách công viên Làng Hoa ra sân bay chỉ 15p,Nominatim,"hẻm nhựa 1 trục thẳng tắp gần đường cách công viên Làng Hoa ra sân bay chỉ 15p, Gò Vấp, Thành phố Hồ Chí Minh, Việt Nam",NO_RESULT,,,,UNKNOWN,UNKNOWN,False,TIER_E_NO_RESULT,0,,
119249,https://batdongsan.vn/tan-binh-hiem-co-kho-tim-nha-hai-mat-tien-kinh-doanh-dinh-cho-hoang-hoa-tham-p13-tan-binh-r119249,Hồ Chí Minh,Tân Bình,unclear,title,MẶT TIỀN KINH DOANH ĐỈNH CHỢ HOÀNG HOA THÁM P.13 TÂN BÌNH,ĐỈNH CHỢ HOÀNG HOA THÁM P 13 TÂN BÌNH,Nominatim,"ĐỈNH CHỢ HOÀNG HOA THÁM P 13 TÂN BÌNH, Thành phố Hồ Chí Minh, Việt Nam",NO_RESULT,,,,UNKNOWN,UNKNOWN,False,TIER_E_NO_RESULT,0,,
107322,https://batdongsan.vn/nha-rong-3-tang-hem-o-to-do-cua-gan-chung-cu-son-ky-38-ty-r277516,Hồ Chí Minh,Tân Phú,project_or_residential_area,title,hẻm ô tô đỗ cửa. Gần chung cư Sơn Kỳ,hẻm Gần chung cư Sơn Kỳ,Nominatim,"hẻm Gần chung cư Sơn Kỳ, Tân Phú, Thành phố Hồ Chí Minh, Việt Nam",NO_RESULT,,,,UNKNOWN,UNKNOWN,False,TIER_E_NO_RESULT,0,,
111163,https://batdongsan.vn/can-duy-nhat-mat-tien-nguyen-binh-khiem-p-dakao-quan-1-dt-8-x-20m-ctxd-1-ham-7-tang-44-ty-r281357,Hồ Chí Minh,Quận 1,street_and_ward,title,"Mặt tiền Nguyễn Bỉnh Khiêm, P. ĐaKao, Quận 1. DT",Nguyễn Bỉnh Khiêm P ĐaKao Quận 1 DT,Nominatim,"Nguyễn Bỉnh Khiêm P ĐaKao Quận 1 DT, Thành phố Hồ Chí Minh, Việt Nam",NO_RESULT,,,,UNKNOWN,UNKNOWN,False,TIER_E_NO_RESULT,0,,
93492,https://batdongsan.vn/0703903486-r263667,Hồ Chí Minh,Bình Thạnh,alley_or_lane,dedicated_address,Hẻm xe hơi 8m đường Nguyễn Cửu Vân P17 quận Bình thạnh,Hẻm đường Nguyễn Cửu Vân P17 quận Bình thạnh,Nominatim,"Hẻm đường Nguyễn Cửu Vân P17 quận Bình thạnh, Thành phố Hồ Chí Minh, Việt Nam",NO_RESULT,,,,UNKNOWN,UNKNOWN,False,TIER_E_NO_RESULT,0,,
164233,https://batdongsan.vn/ban-nha-rieng-cn-44m2-hem-xe-hoi-thong-duong-tran-van-on-tan-phu-r164233,Hồ Chí Minh,Tân Phú,street_and_ward,dedicated_address,"Đường Trần Văn Ơn, Phường Tân Sơn Nhì, Quận Tân Phú",Đường Trần Văn Ơn Phường Tân Sơn Nhì Quận Tân Phú,Nominatim,"Đường Trần Văn Ơn Phường Tân Sơn Nhì Quận Tân Phú, Thành phố Hồ Chí Minh, Việt Nam",NO_RESULT,,,,UNKNOWN,UNKNOWN,False,TIER_E_NO_RESULT,0,,
120716,https://batdongsan.vn/nha-moi-37m2-chi-3ty850-3pn-3wc-pham-van-donggo-vap-r120716,Hồ Chí Minh,Gò Vấp,landmark_only,dedicated_address,"Nằm gần Trường học các cấp, gần chợ, Bệnh viện, Uỷ Ban Quận",Nằm gần Trường học các cấp gần chợ Bệnh viện Uỷ Ban Quận,Nominatim,"Nằm gần Trường học các cấp gần chợ Bệnh viện Uỷ Ban Quận, Gò Vấp, Thành phố Hồ Chí Minh, Việt Nam",NO_RESULT,,,,UNKNOWN,UNKNOWN,False,TIER_E_NO_RESULT,0,,
91632,https://batdongsan.vn/ban-nha-3-tang-btct-hxh-khu-pho-am-thuc-van-kiep-binh-thanh-r261806,Hồ Chí Minh,Bình Thạnh,street_and_ward,dedicated_address,"Vạn Kiếp , phường 3, Bình Thạnh, ( 3,3x5,3m) giá 3,9 tỷ còn thương lượng với chủ",Vạn Kiếp phường 3 Bình Thạnh 3,Nominatim,"Vạn Kiếp phường 3 Bình Thạnh 3, Thành phố Hồ Chí Minh, Việt Nam",NO_RESULT,,,,UNKNOWN,UNKNOWN,False,TIER_E_NO_RESULT,0,,
181425,https://batdongsan.vn/nha-pho-thang-may-dang-cap-4-tang-full-noi-that-ngay-nga-tu-ga-quan-12-r181425,Hồ Chí Minh,Quận 12,street_only,title,PHỐ THANG MÁY - ĐẲNG CẤP - 4 TẦNG - FULL NỘI THẤT NGAY NGÃ TƯ GA - QUẬN 12,PHỐ ĐẲNG CẤP NGAY NGÃ TƯ GA QUẬN 12,Nominatim,"PHỐ ĐẲNG CẤP NGAY NGÃ TƯ GA QUẬN 12, Thành phố Hồ Chí Minh, Việt Nam",NO_RESULT,,,,UNKNOWN,UNKNOWN,False,TIER_E_NO_RESULT,0,,
196051,https://batdongsan.vn/chinh-chu-can-sang-mat-bang-sang-tiem-dien-thoai-cho-dai-hai-hoc-mon-tphcm-r196051,Hồ Chí Minh,Hóc Môn,street_and_ward,dedicated_address,"Chợ Đại Hải – Đường Phan Văn Hớn, Xã Xuân Thới Thượng, Huyện Hóc Môn",Chợ Đại Hải Đường Phan Văn Hớn Xã Xuân Thới Thượng Huyện Hóc Môn,Nominatim,"Chợ Đại Hải Đường Phan Văn Hớn Xã Xuân Thới Thượng Huyện Hóc Môn, Thành phố Hồ Chí Minh, Việt Nam",NO_RESULT,,,,UNKNOWN,UNKNOWN,False,TIER_E_NO_RESULT,0,,
105045,https://batdongsan.vn/ban-can-nha-dang-cho-thue-thu-nhap-75-trieu-thang-tpthu-duc-r275239,Hồ Chí Minh,Quận 9,unclear,title,"bán căn nhà đang cho thuê Thu nhập 75 triệu / tháng . TP,Thủ Đức",bán căn nhà đang cho thuê Thu nhập Thủ Đức,Nominatim,"bán căn nhà đang cho thuê Thu nhập Thủ Đức, Quận 9, Thành phố Hồ Chí Minh, Việt Nam",NO_RESULT,,,,UNKNOWN,UNKNOWN,False,TIER_E_NO_RESULT,0,,
176540,https://batdongsan.vn/building-mat-tien-vo-tan-tan-p6-quan-3-tai-san-dang-cap-cho-nha-dau-tu-r176540,Hồ Chí Minh,Quận 3,unclear,title,mặt tiền Võ Tần Tần,Võ Tần Tần,Nominatim,"Võ Tần Tần, Quận 3, Thành phố Hồ Chí Minh, Việt Nam",SUCCESS,10.7758788,106.6893957,"Võ Văn Tần, Bà Huyện Thanh Quan, Khu phố 2, Phường Xuân Hòa, Thành phố Hồ Chí Minh, 72421, Việt Nam",ADMIN_PARTIAL_MATCH,UNKNOWN,False,TIER_F_INVALID_OR_INCONSISTENT,1,,
122416,https://batdongsan.vn/ban-nha-quan-7duong-nguyen-van-quyhem-thong1-tang3-phong-ngugia-55-ty-r122416,Hồ Chí Minh,Quận 7,street_only,title,ĐƯỜNG NGUYỄN VĂN QUỲ,ĐƯỜNG NGUYỄN VĂN QUỲ,Nominatim,"ĐƯỜNG NGUYỄN VĂN QUỲ, Quận 7, Thành phố Hồ Chí Minh, Việt Nam",NO_RESULT,,,,UNKNOWN,UNKNOWN,False,TIER_E_NO_RESULT,0,,
185030,https://batdongsan.vn/ban-nha-3-tang-nghia-phat-vuong-vuc-hem-3m-hon-2-ty-r185030,Hồ Chí Minh,Tân Bình,alley_or_lane,title,hẻm 3m,hẻm,Nominatim,"hẻm, Tân Bình, Thành phố Hồ Chí Minh, Việt Nam",SUCCESS,10.8054053,106.6382907,"Hẻm 622 Cộng Hòa, Khu phố 2, Phường Tân Bình, Thành phố Hồ Chí Minh, 72110, Việt Nam",ADMIN_MATCH,STREET,True,TIER_B_SPATIALLY_USEFUL,5,,
187821,https://batdongsan.vn/ban-nha-3-tang-gan-mat-tien-pham-the-hien-p5-q8-r187821,Hồ Chí Minh,Quận 8,alley_or_lane,dedicated_address,"Hẻm trước nhà 3m, cách Phạm Thế Hiển 20m, cách Bông Sao 30m",Hẻm cách Phạm Thế Hiển cách Bông Sao,Nominatim,"Hẻm cách Phạm Thế Hiển cách Bông Sao, Quận 8, Thành phố Hồ Chí Minh, Việt Nam",NO_RESULT,,,,UNKNOWN,UNKNOWN,False,TIER_E_NO_RESULT,0,,
120819,https://batdongsan.vn/cuc-ngon-nha-moi-nguyen-van-nghi-p7-go-vap-2-tang-r120819,Hồ Chí Minh,Gò Vấp,street_only,dedicated_address,"Nằm trên trục đường Nguyễn Văn Nghi, giáp Bình Thạnh Phú Nhuận, cách chợ Gò Vấp và Trường Đại học Công Nghiệp 300m - cách sân bay 1km",Nằm trên trục đường Nguyễn Văn Nghi giáp Bình Thạnh Phú Nhuận cách chợ Gò Vấp và Trường Đại học Công Nghiệp cách sân bay 1km,Nominatim,"Nằm trên trục đường Nguyễn Văn Nghi giáp Bình Thạnh Phú Nhuận cách chợ Gò Vấp và Trường Đại học Công Nghiệp cách sân bay 1km, Thành phố Hồ Chí Minh, Việt Nam",NO_RESULT,,,,UNKNOWN,UNKNOWN,False,TIER_E_NO_RESULT,0,,
121772,https://batdongsan.vn/mat-tien-kinh-doanh-ngay-go-xoai-lo-tu-52m2-3-tang-4pn-gia-chi-515-ty-r121772,Hồ Chí Minh,Bình Tân,street_only,title,MẶT TIỀN KINH DOANH NGAY GÒ XOÀI - LÔ TƯ - 52M2 - 3 TẦNG 4PN - GIÁ CHỈ 5.15 TỶ,NGAY GÒ XOÀI LÔ TƯ,Nominatim,"NGAY GÒ XOÀI LÔ TƯ, Bình Tân, Thành phố Hồ Chí Minh, Việt Nam",NO_RESULT,,,,UNKNOWN,UNKNOWN,False,TIER_E_NO_RESULT,0,,
134890,https://batdongsan.vn/gap-ban-can-goc-75x35-2mt-duong-thi-muoi-q12-gia-16-ty-gan-bv-quan-12-r134890,Hồ Chí Minh,Quận 12,street_only,description,"GẤP BÁN CĂN GÓC (7.5x35) 2MT DƯƠNG THỊ MƯỜI, Q12 GIÁ 16 TỶ (GẦN BV QUẬN 12)",GẤP BÁN CĂN GÓC 7 2MT DƯƠNG THỊ MƯỜI Q12,Nominatim,"GẤP BÁN CĂN GÓC 7 2MT DƯƠNG THỊ MƯỜI Q12, Quận 12, Thành phố Hồ Chí Minh, Việt Nam",NO_RESULT,,,,UNKNOWN,UNKNOWN,False,TIER_E_NO_RESULT,0,,
89162,https://batdongsan.vn/ban-biet-thu-rong-230m2-p-tan-phu-quan-9-cu-gia-125-ty-r259332,Hồ Chí Minh,Quận 9 Cũ,unclear,description,"Bán biệt thự rộng 230m2, P. Tân Phú Quận 9 cũ , giá 12,5 tỷ",Bán biệt thự rộng P Tân Phú Quận 9 cũ,Nominatim,"Bán biệt thự rộng P Tân Phú Quận 9 cũ, Thành phố Hồ Chí Minh, Việt Nam",NO_RESULT,,,,UNKNOWN,UNKNOWN,False,TIER_E_NO_RESULT,0,,
109943,https://batdongsan.vn/ban-nha-mat-tien-duong-so-44-tan-tao-r280137,Hồ Chí Minh,Bình Tân,street_only,title,mặt tiền đường số 44 Tân Tạo,đường số 44 Tân Tạo,Nominatim,"đường số 44 Tân Tạo, Bình Tân, Thành phố Hồ Chí Minh, Việt Nam",SUCCESS,10.7595942,106.5748981,"Đường số 1, Khu phố 16, Phường Tân Tạo, Thành phố Hồ Chí Minh, 71915, Việt Nam",ADMIN_PARTIAL_MATCH,STREET,False,TIER_F_INVALID_OR_INCONSISTENT,1,,
93445,https://batdongsan.vn/chu-ket-von-sang-lai-can-hxh-8m-duong-nguyen-cuu-van-p17-binh-thanh-4x18m-gia-75-ty-r263620,Hồ Chí Minh,Bình Thạnh,alley_or_lane,dedicated_address,Hẻm xe hơi 8m đường Nguyễn Cửu Vân P17 quận Bình thạnh,Hẻm đường Nguyễn Cửu Vân P17 quận Bình thạnh,Nominatim,"Hẻm đường Nguyễn Cửu Vân P17 quận Bình thạnh, Thành phố Hồ Chí Minh, Việt Nam",NO_RESULT,,,,UNKNOWN,UNKNOWN,False,TIER_E_NO_RESULT,0,,
105273,https://batdongsan.vn/ban-nha-rieng-tai-trung-my-tay-quan-12-tp-hcm-64-m2-gia-595-ty-r275467,Hồ Chí Minh,Quận 12,unclear,description,"Bán nhà riêng tại Trung Mỹ Tây, Quận 12, Tp HCM, 64 m2, giá 5,95 tỷ",riêng tại Trung Mỹ Tây Quận 12 Tp HCM 64 m2,Nominatim,"riêng tại Trung Mỹ Tây Quận 12 Tp HCM 64 m2, Thành phố Hồ Chí Minh, Việt Nam",NO_RESULT,,,,UNKNOWN,UNKNOWN,False,TIER_E_NO_RESULT,0,,
153120,https://batdongsan.vn/ban-nha-mat-tien-hem-huynh-tan-phat-quan-7-dt-6x20m-gia-chi-nhinh-6-ty-r153120,Hồ Chí Minh,Quận 7,alley_or_lane,dedicated_address,"Hẻm rộng, sạch đẹp – cách mặt tiền đường Huỳnh Tấn Phát chỉ vài bước chân",Hẻm rộng sạch đẹp cách đường Huỳnh Tấn Phát chỉ vài bước chân,Nominatim,"Hẻm rộng sạch đẹp cách đường Huỳnh Tấn Phát chỉ vài bước chân, Quận 7, Thành phố Hồ Chí Minh, Việt Nam",NO_RESULT,,,,UNKNOWN,UNKNOWN,False,TIER_E_NO_RESULT,0,,
85484,https://batdongsan.vn/hem-7m-xe-hoi-ngu-trong-nha-4-tang-btct-5pn-so-vuong-a4-75m2-chi-67-ty-r255649,Hồ Chí Minh,Bình Tân,alley_or_lane,title,HẺM 7M - XE HƠI NGỦ TRONG NHÀ - 4 TẦNG BTCT - 5PN - SỔ VUÔNG A4 - 75M2 - CHỈ 6,HẺM XE HƠI NGỦ TRONG NHÀ BTCT SỔ VUÔNG A4 CHỈ 6,Nominatim,"HẺM XE HƠI NGỦ TRONG NHÀ BTCT SỔ VUÔNG A4 CHỈ 6, Bình Tân, Thành phố Hồ Chí Minh, Việt Nam",NO_RESULT,,,,UNKNOWN,UNKNOWN,False,TIER_E_NO_RESULT,0,,
180039,https://batdongsan.vn/ban-nha-mat-tien-xo-viet-nghe-tinh-ngay-ung-van-khiem-6x51m-cap-4-1-doi-chu-60-ty-r180039,Hồ Chí Minh,Bình Thạnh,street_only,title,Mặt tiền Xô Viết Nghệ Tĩnh - ngay Ung Văn Khiêm,Xô Viết Nghệ Tĩnh ngay Ung Văn Khiêm,Nominatim,"Xô Viết Nghệ Tĩnh ngay Ung Văn Khiêm, Bình Thạnh, Thành phố Hồ Chí Minh, Việt Nam",NO_RESULT,,,,UNKNOWN,UNKNOWN,False,TIER_E_NO_RESULT,0,,
80570,https://batdongsan.vn/hiem-mat-tien-phan-van-tri-37x18-phuong-7-go-vap-r250719,Hồ Chí Minh,Gò Vấp,street_and_ward,title,Mặt tiền Phan Văn Trị 3.7x18 Phường 7 Gò Vấp,Phan Văn Trị 3 Phường 7 Gò Vấp,Nominatim,"Phan Văn Trị 3 Phường 7 Gò Vấp, Thành phố Hồ Chí Minh, Việt Nam",NO_RESULT,,,,UNKNOWN,UNKNOWN,False,TIER_E_NO_RESULT,0,,
185833,https://batdongsan.vn/nha-dep-moi-xay-an-duong-vuong-p-an-lac-dt-52m2-2-lau-4pn-5wc-thang-may-gia-88-ty-r185833,Hồ Chí Minh,Bình Tân,unclear,title,"Nhà đẹp mới xây // An Dương Vương, p An Lạc dt 52m2 2 lầu 4pn 5wc , thang máy giá 8,8 tỷ",An Dương Vương p An Lạc,Nominatim,"An Dương Vương p An Lạc, Bình Tân, Thành phố Hồ Chí Minh, Việt Nam",SUCCESS,10.7391062,106.6171867,"Bệnh viện Triều An, 425, Đường Kinh Dương Vương, Khu phố 21, Phường An Lạc, Thành phố Hồ Chí Minh, 71959, Việt Nam",ADMIN_PARTIAL_MATCH,UNKNOWN,False,TIER_F_INVALID_OR_INCONSISTENT,3,,
110150,https://batdongsan.vn/tan-thoi-nhat-q12-ngang-7m-dai-97m-39-ty-2-tang-r280344,Hồ Chí Minh,Quận 12,street_only,title,"TÂN THỚI NHẤT – Q12 – NGANG 7m – DÀI 9,7m – 3,9 TỶ- 2 TẦNG",TÂN THỚI NHẤT Q12 DÀI 9,Nominatim,"TÂN THỚI NHẤT Q12 DÀI 9, Quận 12, Thành phố Hồ Chí Minh, Việt Nam",NO_RESULT,,,,UNKNOWN,UNKNOWN,False,TIER_E_NO_RESULT,0,,
88759,https://batdongsan.vn/nha-6-tang-thiet-ke-penhouse-thang-may-mat-tien-kinh-doanh-tan-thoi-nhat-q-12-chi-18-ty-8-r258929,Hồ Chí Minh,Q. 12,street_only,title,Mặt tiền Kinh Doanh-Tân Thới Nhất-Q. 12-Chỉ 18 tỷ 8,Tân Thới Nhất Q 12 8,Nominatim,"Tân Thới Nhất Q 12 8, Q. 12, Thành phố Hồ Chí Minh, Việt Nam",NO_RESULT,,,,UNKNOWN,UNKNOWN,False,TIER_E_NO_RESULT,0,,
112267,https://batdongsan.vn/ban-nha-go-vap-vi-tri-kinh-doanh-qt-phuong-11-96m2-3-tang-chi-10-ty-r282461,Hồ Chí Minh,Gò Vấp,landmark_only,dedicated_address,"sát chợ Hạnh Thông Tây, gần trường học các cấp, bênh viện, Ủy ban, các dịch vụ tiện ích khác",sát chợ Hạnh Thông Tây gần trường học các cấp bênh viện Ủy ban các dịch vụ tiện ích khác,Nominatim,"sát chợ Hạnh Thông Tây gần trường học các cấp bênh viện Ủy ban các dịch vụ tiện ích khác, Gò Vấp, Thành phố Hồ Chí Minh, Việt Nam",NO_RESULT,,,,UNKNOWN,UNKNOWN,False,TIER_E_NO_RESULT,0,,
156213,https://batdongsan.vn/ban-nha-83m2-mat-tien-hoang-xuan-hoanh-12m-q-tan-phu-79-ty-r156213,Hồ Chí Minh,Q. Tân Phú,street_and_ward,dedicated_address,"Hoàng Xuân Hoành, Phường Hiệp Tân, Quận Tân Phú",Hoàng Xuân Hoành Phường Hiệp Tân Quận Tân Phú,Nominatim,"Hoàng Xuân Hoành Phường Hiệp Tân Quận Tân Phú, Q. Tân Phú, Thành phố Hồ Chí Minh, Việt Nam",NO_RESULT,,,,UNKNOWN,UNKNOWN,False,TIER_E_NO_RESULT,0,,
103192,https://batdongsan.vn/chinh-chu-ban-lo-dat-224m2-560tr-tai-giong-cat-tan-phu-trung-cu-chi-r273384,Hồ Chí Minh,Củ Chi,street_only,title,"CHÍNH CHỦ BÁN LỖ ĐẤT 224m2 560tr TẠI GIỒNG CÁT , TÂN PHÚ TRUNG , CỦ CHI",BÁN LỖ ĐẤT TÂN PHÚ TRUNG CỦ CHI,Nominatim,"BÁN LỖ ĐẤT TÂN PHÚ TRUNG CỦ CHI, Thành phố Hồ Chí Minh, Việt Nam",NO_RESULT,,,,UNKNOWN,UNKNOWN,False,TIER_E_NO_RESULT,0,,
85814,https://batdongsan.vn/ket-tien-ban-gap-no-trang-long-p7-binh-thanh-40m2-r255982,Hồ Chí Minh,Bình Thạnh,unclear,title,Kẹt tiền bán gấp – Nơ Trang Long – P7 – Bình Thạnh – 40m2,Kẹt tiền bán gấp Nơ Trang Long P7 Bình Thạnh,Nominatim,"Kẹt tiền bán gấp Nơ Trang Long P7 Bình Thạnh, Thành phố Hồ Chí Minh, Việt Nam",NO_RESULT,,,,UNKNOWN,UNKNOWN,False,TIER_E_NO_RESULT,0,,
121966,https://batdongsan.vn/hiem-hot-tan-binh-tran-van-quang-25m2-3-tang-giam-con-255-ty-r121966,Hồ Chí Minh,Tân Bình,street_only,title,HIẾM - HOT - TÂN BÌNH- TRẦN VĂN QUANG- 25M2- 3 TẦNG- GIẢM CÒN 2.55 TỶ,HOT TÂN BÌNH TRẦN VĂN QUANG GIẢM CÒN,Nominatim,"HOT TÂN BÌNH TRẦN VĂN QUANG GIẢM CÒN, Thành phố Hồ Chí Minh, Việt Nam",NO_RESULT,,,,UNKNOWN,UNKNOWN,False,TIER_E_NO_RESULT,0,,
162863,https://batdongsan.vn/ban-nha-mat-tien-kinh-doanh-duong-ta-quang-buu-sat-ben-xe-quan-8-gia-chi-nhinh-10-ty-goi-r162863,Hồ Chí Minh,Quận 8,street_only,title,MẶT TIỀN KINH DOANH ĐƯỜNG TẠ QUANG BỬU – SÁT BẾN XE QUẬN 8 – GIÁ CHỈ NHỈNH 10 TỶ. GỌI,ĐƯỜNG TẠ QUANG BỬU SÁT BẾN XE QUẬN 8 GIÁ CHỈ GỌI,Nominatim,"ĐƯỜNG TẠ QUANG BỬU SÁT BẾN XE QUẬN 8 GIÁ CHỈ GỌI, Thành phố Hồ Chí Minh, Việt Nam",NO_RESULT,,,,UNKNOWN,UNKNOWN,False,TIER_E_NO_RESULT,0,,
170691,https://batdongsan.vn/chi-1-ty-hon-binh-thanh-hem-8m-so-hong-rieng-r170691,Hồ Chí Minh,Bình Thạnh,alley_or_lane,title,HẺM 8M - SỔ HỒNG RIÊNG 🥹,HẺM SỔ HỒNG RIÊNG 🥹,Nominatim,"HẺM SỔ HỒNG RIÊNG 🥹, Bình Thạnh, Thành phố Hồ Chí Minh, Việt Nam",NO_RESULT,,,,UNKNOWN,UNKNOWN,False,TIER_E_NO_RESULT,0,,
152333,https://batdongsan.vn/ban-nha-70m2-3-tang-5pn-4wc-q9-66-ty-so-hong-r152333,Hồ Chí Minh,Quận 9,street_only,title,"Bán nhà 70m2, 3 tầng, 5PN, 4WC, Q.9, 6.6 tỷ, sổ hồng",Q 9 sổ hồng,Nominatim,"Q 9 sổ hồng, Quận 9, Thành phố Hồ Chí Minh, Việt Nam",NO_RESULT,,,,UNKNOWN,UNKNOWN,False,TIER_E_NO_RESULT,0,,
122678,https://batdongsan.vn/cho-thue-nha-dep-khu-ban-co-le-dai-hanh-kinh-doanh-khu-vuc-phuoc-tan-nha-trang-r122678,Hồ Chí Minh,Quận 1,street_only,title,CHO THUÊ NHÀ ĐẸP KHU BÀN CỜ LÊ ĐẠI HÀNH KINH DOANH KHU VỰC PHƯỚC TÂN NHA TRANG,CHO THUÊ KHU BÀN CỜ LÊ ĐẠI HÀNH KHU VỰC PHƯỚC TÂN NHA TRANG,Nominatim,"CHO THUÊ KHU BÀN CỜ LÊ ĐẠI HÀNH KHU VỰC PHƯỚC TÂN NHA TRANG, Quận 1, Thành phố Hồ Chí Minh, Việt Nam",NO_RESULT,,,,UNKNOWN,UNKNOWN,False,TIER_E_NO_RESULT,0,,
130425,https://batdongsan.vn/ban-nha-mat-tien-1-tret-1-lung-3-lau-4x20m-gia-849-ty-duong-tran-thi-he-r130425,Hồ Chí Minh,Quận 12,unclear,title,mặt tiền 1 trệt 1 lửng 3 lầu 4x20m giá 8,1 trệt 1 lửng giá 8,Nominatim,"1 trệt 1 lửng giá 8, Quận 12, Thành phố Hồ Chí Minh, Việt Nam",NO_RESULT,,,,UNKNOWN,UNKNOWN,False,TIER_E_NO_RESULT,0,,
173519,https://batdongsan.vn/p15-tan-binh-khu-dong-bo-dan-tri-62m2-4x155-5tang-4pn-hxt-8m-chi-71-ty-r173519,Hồ Chí Minh,Tân Bình,street_only,dedicated_address,"sát mặt đường, gần chợ Tân Trụ, đường Nguyễn Sỹ Sách, Trường Chinh",sát mặt đường gần chợ Tân Trụ đường Nguyễn Sỹ Sách Trường Chinh,Nominatim,"sát mặt đường gần chợ Tân Trụ đường Nguyễn Sỹ Sách Trường Chinh, Tân Bình, Thành phố Hồ Chí Minh, Việt Nam",NO_RESULT,,,,UNKNOWN,UNKNOWN,False,TIER_E_NO_RESULT,0,,
191294,https://batdongsan.vn/nha-dep-gia-cuc-re-p-trung-my-tay-q12-tret-lau-dep-moi-phap-ly-chuan-chinh-r191294,Hồ Chí Minh,Quận 12,street_and_ward,title,"NHÀ ĐẸP GIÁ CỰC RẺ P. TRUNG MỸ TÂY, Q12 – TRỆT LẦU ĐẸP MỚI – PHÁP LÝ CHUẨN CHỈNH!",GIÁ CỰC RẺ P TRUNG MỸ TÂY Q12 TRỆT LẦU ĐẸP MỚI PHÁP LÝ CHUẨN CHỈNH,Nominatim,"GIÁ CỰC RẺ P TRUNG MỸ TÂY Q12 TRỆT LẦU ĐẸP MỚI PHÁP LÝ CHUẨN CHỈNH, Quận 12, Thành phố Hồ Chí Minh, Việt Nam",NO_RESULT,,,,UNKNOWN,UNKNOWN,False,TIER_E_NO_RESULT,0,,
146576,https://batdongsan.vn/sieu-pham-bau-cat-hem-xe-hoi-50m-ra-mat-tien-47m2-4-tang-full-noi-that-gia-chi-58-ty-r146576,Hồ Chí Minh,Tân Bình,alley_or_lane,title,HẺM XE HƠI 50M RA MẶT TIỀN,Hẻm RA,Nominatim,"Hẻm RA, Tân Bình, Thành phố Hồ Chí Minh, Việt Nam",NO_RESULT,,,,UNKNOWN,UNKNOWN,False,TIER_E_NO_RESULT,0,,
124805,https://batdongsan.vn/ban-nha-mt-kd-pham-dang-gian-binh-hung-hoa-b-binh-tan-100m2-sieu-re-chi-65-ty-r124805,Hồ Chí Minh,Bình Tân,street_only,title,"Bán nhà MT KD Phạm Đăng Giản, Bình Hưng Hoà B, Bình Tân, 100m2, siêu rẻ, chỉ 6,5 tỷ.",MT KD Phạm Đăng Giản Bình Hưng Hoà B Bình Tân siêu rẻ,Nominatim,"MT KD Phạm Đăng Giản Bình Hưng Hoà B Bình Tân siêu rẻ, Thành phố Hồ Chí Minh, Việt Nam",NO_RESULT,,,,UNKNOWN,UNKNOWN,False,TIER_E_NO_RESULT,0,,
96475,https://batdongsan.vn/hxh-nguyen-xi-3-lau-45x10-61-ty-p13-binh-thanh-r266653,Hồ Chí Minh,Bình Thạnh,alley_or_lane,title,"Hxh Nguyễn Xí 3 lầu 4,5x10 6.1 tỷ P13 Bình Thạnh",Hẻm Nguyễn Xí 4,Nominatim,"Hẻm Nguyễn Xí 4, Bình Thạnh, Thành phố Hồ Chí Minh, Việt Nam",SUCCESS,10.8145243,106.7062269,"Hẻm 201 Đường Nguyễn Xí, Khu phố 43, Phường Bình Thạnh, Thành phố Hồ Chí Minh, 72309, Việt Nam",ADMIN_MATCH,STREET,True,TIER_B_SPATIALLY_USEFUL,5,,
130302,https://batdongsan.vn/ban-sh-nhap-y-2012-sanh-rong-56789-dang-cap-dan-choi-gia-ban-chi-1-ty-0898333313-bao-luan-r130302,Hồ Chí Minh,Tân Bình,unclear,title,"Bán SH nhập Ý 2012 Sảnh Rổng 56789, Đẳng cấp dân chơi giá bán chỉ 1 tỷ, 0898333313 Bảo Luân",Bán SH nhập Ý 2012 Sảnh Rổng 56789 Đẳng cấp dân chơi giá bán 0898333313 Bảo Luân,Nominatim,"Bán SH nhập Ý 2012 Sảnh Rổng 56789 Đẳng cấp dân chơi giá bán 0898333313 Bảo Luân, Tân Bình, Thành phố Hồ Chí Minh, Việt Nam",NO_RESULT,,,,UNKNOWN,UNKNOWN,False,TIER_E_NO_RESULT,0,,
187952,https://batdongsan.vn/nha-dep-khu-vip-bau-cat-truong-chinh-tan-binh-4-tang-btct-chi-89-r187952,Hồ Chí Minh,Tân Bình,street_only,title,"NHÀ ĐẸP KHU VIP BÀU CÁT – TRƯỜNG CHINH, TÂN BÌNH – 4 TẦNG BTCT – CHỈ 8.9",KHU VIP BÀU CÁT TRƯỜNG CHINH TÂN BÌNH BTCT CHỈ 8 9,Nominatim,"KHU VIP BÀU CÁT TRƯỜNG CHINH TÂN BÌNH BTCT CHỈ 8 9, Thành phố Hồ Chí Minh, Việt Nam",NO_RESULT,,,,UNKNOWN,UNKNOWN,False,TIER_E_NO_RESULT,0,,
183951,https://batdongsan.vn/ban-nha-can-goc-4-tang-45x20m-2-mat-hem-o-to-bong-sao-quan-8-nhinh-6-ty-dong-tien-7trthang-r183951,Hồ Chí Minh,Quận 8,alley_or_lane,dedicated_address,"Căn góc 2 mặt tiền thoáng, hẻm ô tô thông ra đường",Căn góc 2 thoáng hẻm ô tô thông ra đường,Nominatim,"Căn góc 2 thoáng hẻm ô tô thông ra đường, Quận 8, Thành phố Hồ Chí Minh, Việt Nam",NO_RESULT,,,,UNKNOWN,UNKNOWN,False,TIER_E_NO_RESULT,0,,
152730,https://batdongsan.vn/ban-nha-phu-thuan-q7-44m2-4x11m-57-ty-r152730,Hồ Chí Minh,Quận 7,unclear,title,"🏠 Bán nhà Phú Thuận, Q.7, 44m² (4x11m), 5.7 tỷ 🏠",🏠 Phú Thuận Q 7 44m²,Nominatim,"🏠 Phú Thuận Q 7 44m², Quận 7, Thành phố Hồ Chí Minh, Việt Nam",NO_RESULT,,,,UNKNOWN,UNKNOWN,False,TIER_E_NO_RESULT,0,,
122277,https://batdongsan.vn/can-ban-gap-nha-quan-go-vap-xe-hoi-dau-cua-so-vuong-a4-nho-xinh-lung-linh-nhinh-4-ty-r122277,Hồ Chí Minh,Gò Vấp,street_only,description,"CẦN BÁN GẤP NHÀ QUẬN GÒ VẤP XE HƠI ĐẬU CỬA - SỔ VUÔNG A4, NHỎ XINH LUNG LINH. NHỈNH 4 TỶ",CẦN BÁN GẤP NHÀ QUẬN GÒ VẤP XE HƠI ĐẬU CỬA SỔ VUÔNG A4 NHỎ XINH LUNG LINH,Nominatim,"CẦN BÁN GẤP NHÀ QUẬN GÒ VẤP XE HƠI ĐẬU CỬA SỔ VUÔNG A4 NHỎ XINH LUNG LINH, Thành phố Hồ Chí Minh, Việt Nam",NO_RESULT,,,,UNKNOWN,UNKNOWN,False,TIER_E_NO_RESULT,0,,
193406,https://batdongsan.vn/ban-nha-3-tang-tran-quang-dieu-46m2-44x10-7pn-7wc-hdt-25tr-chi-64-ty-r193406,Hồ Chí Minh,Quận 3,street_only,title,🏢BÁN NHÀ 3 TẦNG TRẦN QUANG DIỆU 46M2 (4.4X10) 7PN 7WC - HĐT 25tr - Chỉ 6.4 Tỷ,🏢 TRẦN QUANG DIỆU 4 HĐT,Nominatim,"🏢 TRẦN QUANG DIỆU 4 HĐT, Quận 3, Thành phố Hồ Chí Minh, Việt Nam",NO_RESULT,,,,UNKNOWN,UNKNOWN,False,TIER_E_NO_RESULT,0,,
194769,https://batdongsan.vn/gia-21-ty-mat-tien-duong-so-gan-gigamall-nha-tret-3-lau-17-phong-khai-thac-dong-tien-r194769,Hồ Chí Minh,Thủ Đức,street_only,dedicated_address,"Mặt tiền đường số 20, chỉ 2 phút tới Gigamall &",đường số 20 chỉ 2 phút tới Gigamall &,Nominatim,"đường số 20 chỉ 2 phút tới Gigamall &, Thủ Đức, Thành phố Hồ Chí Minh, Việt Nam",NO_RESULT,,,,UNKNOWN,UNKNOWN,False,TIER_E_NO_RESULT,0,,
186314,https://batdongsan.vn/ban-nha-le-van-sy-5-tang-62m2-33x18-hem-o-to-6m-chi-126-ty-r186314,Hồ Chí Minh,Quận 3,alley_or_lane,title,HẺM Ô TÔ 6M - CHỈ 12.6 TỶ,HẺM Ô TÔ,Nominatim,"HẺM Ô TÔ, Quận 3, Thành phố Hồ Chí Minh, Việt Nam",NO_RESULT,,,,UNKNOWN,UNKNOWN,False,TIER_E_NO_RESULT,0,,
148797,https://batdongsan.vn/ban-nha-mat-tien-binh-tri-dong-le-van-quoi-hl2-18x41m-cap-4-so-vuong-gia-69-ty-r148797,Hồ Chí Minh,Bình Tân,street_only,title,Mặt tiền Bình Trị Đông - Lê Văn Quới,Bình Trị Đông Lê Văn Quới,Nominatim,"Bình Trị Đông Lê Văn Quới, Bình Tân, Thành phố Hồ Chí Minh, Việt Nam",NO_RESULT,,,,UNKNOWN,UNKNOWN,False,TIER_E_NO_RESULT,0,,
159388,https://batdongsan.vn/chi-72-ty-tl-82m2-nha-5-tang3pn-gan-cong-vien-lang-hoa-phan-huy-ich-go-vap-r159388,Hồ Chí Minh,Gò Vấp,street_only,title,"Chỉ 7.2 Tỷ TL! 82M² – Nhà 5 Tầng/3PN – Gần Công Viên Làng Hoa, Phan Huy Ích Gò Vấp!",82M² Nhà / Gần Công Viên Làng Hoa Phan Huy Ích Gò Vấp,Nominatim,"82M² Nhà / Gần Công Viên Làng Hoa Phan Huy Ích Gò Vấp, Thành phố Hồ Chí Minh, Việt Nam",NO_RESULT,,,,UNKNOWN,UNKNOWN,False,TIER_E_NO_RESULT,0,,
127414,https://batdongsan.vn/ban-nha-nguyen-thi-tan-quan-8-51m2-ngang-36m-chi-535-ty-r127414,Hồ Chí Minh,Quận 8,unclear,description,"Bán nhà Nguyễn Thị Tần, Quận 8, 51m2, ngang 3.6m, chỉ 5.35 tỷ",Nguyễn Thị Tần Quận 8 ngang 3,Nominatim,"Nguyễn Thị Tần Quận 8 ngang 3, Thành phố Hồ Chí Minh, Việt Nam",NO_RESULT,,,,UNKNOWN,UNKNOWN,False,TIER_E_NO_RESULT,0,,
131461,https://batdongsan.vn/ban-nha-2-tang-nguyen-van-khoi-hem-31m-p9-go-vap-nhinh-3-ty-r131461,Hồ Chí Minh,Gò Vấp,alley_or_lane,title,HẺM 3.1M,HẺM 3,Nominatim,"HẺM 3, Gò Vấp, Thành phố Hồ Chí Minh, Việt Nam",SUCCESS,10.8378428,106.6738719,"Hẻm 209/3 Nguyễn Văn Lượng, Khu phố 11, Phường Gò Vấp, Thành phố Hồ Chí Minh, 70048, Việt Nam",ADMIN_MATCH,STREET,True,TIER_B_SPATIALLY_USEFUL,5,,
105784,https://batdongsan.vn/ban-nha-duong-so-10-p-linh-trung-tp-thu-duc-dt-524m2-gia-39-ty-r275978,Hồ Chí Minh,Thủ Đức,street_and_ward,title,"Đường số 10, P. Linh Trung Tp Thủ Đức",Đường số 10 P Linh Trung Tp Thủ Đức,Nominatim,"Đường số 10 P Linh Trung Tp Thủ Đức, Thành phố Hồ Chí Minh, Việt Nam",SUCCESS,10.8556547,106.7716747,"Đường số 8, Khu phố 14, Phường Linh Xuân, Thành phố Hồ Chí Minh, 71309, Việt Nam",ADMIN_PARTIAL_MATCH,STREET,False,TIER_F_INVALID_OR_INCONSISTENT,3,,
84792,https://batdongsan.vn/ban-gap-nha-30m2-16-ty-bong-sao-quan-8-r254955,Hồ Chí Minh,Quận 8,street_only,description,"BÁN GẤP NHÀ 30M2 1.6 TỶ BÔNG SAO, QUẬN 8",BÁN GẤP NHÀ QUẬN 8,Nominatim,"BÁN GẤP NHÀ QUẬN 8, Thành phố Hồ Chí Minh, Việt Nam",NO_RESULT,,,,UNKNOWN,UNKNOWN,False,TIER_E_NO_RESULT,0,,
111681,https://batdongsan.vn/ban-gap-toa-building-mt-cao-thang-dt-26-x-46m-2-ham-10-tang-hdt-18-tythang-500-ty-tl-r281875,Hồ Chí Minh,Quận 3,unclear,title,Bán gấp toà building MT Cao Thắng - DT: 26 x 46m - 2 hầm + 10 tầng - HĐT 1.8 tỷ/tháng - 500 tỷ TL,Bán gấp toà building MT Cao Thắng DT 26 x 2 hầm + HĐT,Nominatim,"Bán gấp toà building MT Cao Thắng DT 26 x 2 hầm + HĐT, Quận 3, Thành phố Hồ Chí Minh, Việt Nam",NO_RESULT,,,,UNKNOWN,UNKNOWN,False,TIER_E_NO_RESULT,0,,
111715,https://batdongsan.vn/hem-xe-tai-nha-cuc-dep-thiet-ke-hien-dai-ngay-cho-thach-da-chu-hop-tac-can-ban-nhanh-tang-het-noi-that-r281909,Hồ Chí Minh,Gò Vấp,alley_or_lane,title,HẺM XE TẢI - NHÀ CỰC ĐẸP THIẾT KẾ HIỆN ĐẠI - NGAY CHỢ THẠCH ĐÀ - CHỦ HỢP TÁC CẦN BÁN NHANH TẶNG HẾT NỘI THẤT.,HẺM XE TẢI NHÀ CỰC ĐẸP THIẾT KẾ HIỆN ĐẠI NGAY CHỢ THẠCH ĐÀ CHỦ HỢP TÁC CẦN BÁN NHANH TẶNG HẾT NỘI THẤT,Nominatim,"HẺM XE TẢI NHÀ CỰC ĐẸP THIẾT KẾ HIỆN ĐẠI NGAY CHỢ THẠCH ĐÀ CHỦ HỢP TÁC CẦN BÁN NHANH TẶNG HẾT NỘI THẤT, Gò Vấp, Thành phố Hồ Chí Minh, Việt Nam",NO_RESULT,,,,UNKNOWN,UNKNOWN,False,TIER_E_NO_RESULT,0,,
114712,https://batdongsan.vn/gia-cua-nhua-composite-cua-nhua-abs-va-cua-nhua-dai-loan-r284906,Hồ Chí Minh,Thủ Đức,unclear,title,Giá cửa nhựa Composite cửa nhựa ABS và cửa nhựa Đài Loan,Giá cửa nhựa Composite cửa nhựa ABS và cửa nhựa Đài Loan,Nominatim,"Giá cửa nhựa Composite cửa nhựa ABS và cửa nhựa Đài Loan, Thủ Đức, Thành phố Hồ Chí Minh, Việt Nam",NO_RESULT,,,,UNKNOWN,UNKNOWN,False,TIER_E_NO_RESULT,0,,
150429,https://batdongsan.vn/ban-nha-nguyen-van-cong-4x11-3-tang-nhinh-4-ti-r150429,Hồ Chí Minh,Gò Vấp,unclear,title,"Bán Nhà Nguyễn Văn Công (4x11), 3 Tầng Nhỉnh 4 Tỉ",Nguyễn Văn Công,Nominatim,"Nguyễn Văn Công, Gò Vấp, Thành phố Hồ Chí Minh, Việt Nam",NO_RESULT,,,,UNKNOWN,UNKNOWN,False,TIER_E_NO_RESULT,0,,
128169,https://batdongsan.vn/sieu-hiem-quan-5-hem-xe-hoi-nguyen-trai-ngay-nga-4-tran-binh-trong-r128169,Hồ Chí Minh,Quận 5,alley_or_lane,title,HẺM XE HƠI NGUYỄN TRÃI NGAY NGÃ 4 TRẦN BÌNH TRỌNG,Hẻm NGUYỄN TRÃI NGAY NGÃ 4 TRẦN BÌNH TRỌNG,Nominatim,"Hẻm NGUYỄN TRÃI NGAY NGÃ 4 TRẦN BÌNH TRỌNG, Quận 5, Thành phố Hồ Chí Minh, Việt Nam",NO_RESULT,,,,UNKNOWN,UNKNOWN,False,TIER_E_NO_RESULT,0,,
156560,https://batdongsan.vn/hem-xe-hoi-tan-ky-tan-quy-son-ky-sat-dh-cong-thuong-2-tang-75m2-chi-539-ty-tl-r156560,Hồ Chí Minh,Tân Phú,alley_or_lane,title,HẺM XE HƠI TÂN KỲ TÂN QUÝ - SƠN KỲ - SÁT ĐH CÔNG THƯƠNG - 2 TẦNG 75M2 CHỈ 5.39 TỶ TL,Hẻm TÂN KỲ TÂN QUÝ SƠN KỲ SÁT ĐH CÔNG THƯƠNG,Nominatim,"Hẻm TÂN KỲ TÂN QUÝ SƠN KỲ SÁT ĐH CÔNG THƯƠNG, Tân Phú, Thành phố Hồ Chí Minh, Việt Nam",NO_RESULT,,,,UNKNOWN,UNKNOWN,False,TIER_E_NO_RESULT,0,,
98127,https://batdongsan.vn/huong-lo-3-binh-tan-ngay-aeon-tan-phu-ngang-5m-nhinh-4-ty-r268306,Hồ Chí Minh,Bình Tân,landmark_only,title,Hương Lộ 3. Bình Tân. Ngay AEON Tân Phú. Ngang 5m. Nhỉnh 4 Tỷ.,Hương Lộ 3 Bình Tân Ngay AEON Tân Phú,Nominatim,"Hương Lộ 3 Bình Tân Ngay AEON Tân Phú, Thành phố Hồ Chí Minh, Việt Nam",NO_RESULT,,,,UNKNOWN,UNKNOWN,False,TIER_E_NO_RESULT,0,,
117295,https://batdongsan.vn/quan-4-p18-hang-hiem-hang-dau-tu-lau-lau-moi-co-mot-can-70m2-chi-45-ty-khu-nguoi-o-hien-huu-r117295,Hồ Chí Minh,Quận 4,unclear,description,"Quận 4, p18 Hàng hiếm, hàng đầu tư lâu lâu mới có một căn, 70m2 chỉ 4.5 tỷ, khu người ở hiện hữu",Quận 4 p18 Hàng hàng đầu tư lâu lâu mới có một căn khu người ở hiện hữu,Nominatim,"Quận 4 p18 Hàng hàng đầu tư lâu lâu mới có một căn khu người ở hiện hữu, Thành phố Hồ Chí Minh, Việt Nam",NO_RESULT,,,,UNKNOWN,UNKNOWN,False,TIER_E_NO_RESULT,0,,
120988,https://batdongsan.vn/nhinh-11ty-nha-dep-lo-goc-quan-nhatngang-hiem-72x10m-4tam-6pn-da-hc-r120988,Hồ Chí Minh,Quận Nhất,unclear,description,"**Nhỉnh 11Tỷ-Nhà Đẹp Lô Góc Quận Nhất,Ngang Hiếm 7.2X10m, 4Tấm 6PN Đã HC",** Lô Góc Quận Nhất Ngang 7 4Tấm Đã HC,Nominatim,"** Lô Góc Quận Nhất Ngang 7 4Tấm Đã HC, Thành phố Hồ Chí Minh, Việt Nam",NO_RESULT,,,,UNKNOWN,UNKNOWN,False,TIER_E_NO_RESULT,0,,
104003,https://batdongsan.vn/ban-nha-1tret-3lau-ngay-vincom-thu-duc-p-linh-chieu-dt-1157-m2-gia-125-ty-r274197,Hồ Chí Minh,Thủ Đức,landmark_only,title,"Bán nhà 1trệt 3lầu, Ngay Vincom Thủ Đức, P. Linh Chiểu, dt 115,7 m² Giá 12,5 Tỷ",1trệt Ngay Vincom Thủ Đức P Linh Chiểu dt 115 7 m²,Nominatim,"1trệt Ngay Vincom Thủ Đức P Linh Chiểu dt 115 7 m², Thành phố Hồ Chí Minh, Việt Nam",NO_RESULT,,,,UNKNOWN,UNKNOWN,False,TIER_E_NO_RESULT,0,,
119896,https://batdongsan.vn/ban-nha-gia-re-quan-8-2pn-2-tang-duoi-3-ty-tung-thien-vuong-phuong-13-r119896,Hồ Chí Minh,Quận 8,unclear,description,Bán nhà giá rẻ Quận 8 2pn 2 tầng  dưới 3 tỷ Tùng Thiên Vương  phường 13,giá rẻ Quận 8 dưới,Nominatim,"giá rẻ Quận 8 dưới, Thành phố Hồ Chí Minh, Việt Nam",NO_RESULT,,,,UNKNOWN,UNKNOWN,False,TIER_E_NO_RESULT,0,,
159626,https://batdongsan.vn/ban-nha-120m2-8x15m-mtkd-duong-do-thua-luong-quan-tan-phu-r159626,Hồ Chí Minh,Tân Phú,street_only,dedicated_address,"Đỗ Thừa Luông, Tân Quý, Tân Phú – mặt tiền kinh doanh sầm uất, gần Lê Sát, chợ Tân Hương",Đỗ Thừa Luông Tân Quý Tân Phú sầm uất gần Lê Sát chợ Tân Hương,Nominatim,"Đỗ Thừa Luông Tân Quý Tân Phú sầm uất gần Lê Sát chợ Tân Hương, Thành phố Hồ Chí Minh, Việt Nam",NO_RESULT,,,,UNKNOWN,UNKNOWN,False,TIER_E_NO_RESULT,0,,
147729,https://batdongsan.vn/gia-chi-45-ty-tl-36m2-2tang3pn-hem-xe-hoi-p1-go-vap-r147729,Hồ Chí Minh,Gò Vấp,alley_or_lane,title,HẺM XE HƠI-P1 Gò Vấp!,Hẻm P1 Gò Vấp,Nominatim,"Hẻm P1 Gò Vấp, Thành phố Hồ Chí Minh, Việt Nam",SUCCESS,10.8354121,106.680257,"Hẻm 145 Lê Đức Thọ, Khu phố 18, Phường Gò Vấp, Thành phố Hồ Chí Minh, 71400, Việt Nam",ADMIN_MATCH,STREET,True,TIER_B_SPATIALLY_USEFUL,5,,
114277,https://batdongsan.vn/ban-nha-hxh-thong-duong-dat-moi-dt-4x135m-lung-1-lau-gia-45-ty-tl-lien-he-ngay-r284471,Hồ Chí Minh,Bình Tân,project_or_residential_area,dedicated_address,"Khu dân cư an ninh, dân trí cao, văn minh, sạch sẽ",Khu dân cư an ninh dân trí cao văn minh sạch sẽ,Nominatim,"Khu dân cư an ninh dân trí cao văn minh sạch sẽ, Bình Tân, Thành phố Hồ Chí Minh, Việt Nam",NO_RESULT,,,,UNKNOWN,UNKNOWN,False,TIER_E_NO_RESULT,0,,
143275,https://batdongsan.vn/ban-nha-dai-13m-hem-3m-thong-vai-buoc-ra-mat-tien-chi-32-ty-r143275,Hồ Chí Minh,Tân Phú,alley_or_lane,title,HẺM 3M THÔNG- VÀI BƯỚC RA MẶT TIỀN - CHỈ 3,HẺM THÔNG VÀI BƯỚC RA CHỈ 3,Nominatim,"HẺM THÔNG VÀI BƯỚC RA CHỈ 3, Tân Phú, Thành phố Hồ Chí Minh, Việt Nam",NO_RESULT,,,,UNKNOWN,UNKNOWN,False,TIER_E_NO_RESULT,0,,
189644,https://batdongsan.vn/xuong-318m2-mat-tien-8m-dong-tien-15trthang-gia-chi-82-ty-co-hoi-hiem-co-cho-nha-dau-r189644,Hồ Chí Minh,Bình Chánh,street_only,title,"MẶT TIỀN 8M – DÒNG TIỀN 15TR/THÁNG – GIÁ CHỈ 8.2 TỶ !
Cơ hội hiếm có cho nhà đầu",DÒNG TIỀN,Nominatim,"DÒNG TIỀN, Bình Chánh, Thành phố Hồ Chí Minh, Việt Nam",NO_RESULT,,,,UNKNOWN,UNKNOWN,False,TIER_E_NO_RESULT,0,,
110973,https://batdongsan.vn/ban-nha-mat-tien-duong-so-1-metrol-an-phu-19-ty-74mx156m-3-tang-q2-tien-ich-r281167,Hồ Chí Minh,Quận 2,street_only,title,mặt tiền đường số 1,đường số 1,Nominatim,"đường số 1, Quận 2, Thành phố Hồ Chí Minh, Việt Nam",SUCCESS,10.7970601,106.7322115,"Đường số 2, Khu phố 16, Phường An Khánh, Thành phố Hồ Chí Minh, 71108, Việt Nam",ADMIN_MATCH,STREET,True,TIER_B_SPATIALLY_USEFUL,5,,
149191,https://batdongsan.vn/ban-nha-duong-an-binh-quan-5-140m2-lo-goc-no-hau-2-lau-chi-11-ty-9-r149191,Hồ Chí Minh,Quận 5,street_only,title,"đường An Bình, Quận 5",đường An Bình Quận 5,Nominatim,"đường An Bình Quận 5, Thành phố Hồ Chí Minh, Việt Nam",SUCCESS,10.4817414,107.2202444,"Đường ấp An Bình, An Bình, Xã Long Điền, Thành phố Hồ Chí Minh, Việt Nam",ADMIN_PARTIAL_MATCH,STREET,False,TIER_F_INVALID_OR_INCONSISTENT,1,,
96074,https://batdongsan.vn/nha-sieu-to-1-tret-1-lau-duong-so-8-linh-xuan-thu-duc-hxh-117-m24pn-chi-nhinh-5-ty-r266249,Hồ Chí Minh,Thủ Đức,street_only,title,đường số 8 Linh Xuân Thủ Đức,đường số 8 Linh Xuân Thủ Đức,Nominatim,"đường số 8 Linh Xuân Thủ Đức, Thành phố Hồ Chí Minh, Việt Nam",SUCCESS,10.8585043,106.7560814,"Đường số 8, Khu phố 17, Phường Linh Xuân, Thành phố Hồ Chí Minh, 71309, Việt Nam",ADMIN_PARTIAL_MATCH,STREET,False,TIER_F_INVALID_OR_INCONSISTENT,5,,
150726,https://batdongsan.vn/145m2-6-tang-huynh-tan-phat-binh-thuanq7tphcmcan-ho-sieu-tophap-r150726,Hồ Chí Minh,Quận 7,project_or_residential_area,title,"145m2, 6 tầng, Huỳnh Tấn Phát, Bình Thuận,Q7,TPHCM,Căn hộ siêu toPhap",Huỳnh Tấn Phát Bình Thuận Q7 TPHCM Căn hộ siêu toPhap,Nominatim,"Huỳnh Tấn Phát Bình Thuận Q7 TPHCM Căn hộ siêu toPhap, Quận 7, Thành phố Hồ Chí Minh, Việt Nam",NO_RESULT,,,,UNKNOWN,UNKNOWN,False,TIER_E_NO_RESULT,0,,
146365,https://batdongsan.vn/nha-phan-lo-o-to-3-tang-ngang-5m-gan-nga-tu-hiep-binh-phuoc-gia-10x-ty-r146365,Hồ Chí Minh,Thủ Đức,landmark_only,title,"Nhà Phân Lô Ô Tô, 3 Tầng ngang 5M - Gần Ngã Tư Hiệp Bình Phước, Giá 10.x T/ỷ",Nhà Ô Tô Gần Ngã Tư Hiệp Bình Phước Giá 10 x T/ỷ,Nominatim,"Nhà Ô Tô Gần Ngã Tư Hiệp Bình Phước Giá 10 x T/ỷ, Thủ Đức, Thành phố Hồ Chí Minh, Việt Nam",NO_RESULT,,,,UNKNOWN,UNKNOWN,False,TIER_E_NO_RESULT,0,,
172942,https://batdongsan.vn/nha-nho-tien-o-ngay-gan-mat-tien-phan-van-tri-r172942,Hồ Chí Minh,Bình Thạnh,street_only,title,MẶT TIỀN PHAN VĂN TRỊ,PHAN VĂN TRỊ,Nominatim,"PHAN VĂN TRỊ, Bình Thạnh, Thành phố Hồ Chí Minh, Việt Nam",SUCCESS,10.8096609,106.6963406,"Phan Văn Trị, Khu phố 5, Phường Bình Thạnh, Thành phố Hồ Chí Minh, 72317, Việt Nam",ADMIN_MATCH,STREET,True,TIER_B_SPATIALLY_USEFUL,3,,
110807,https://batdongsan.vn/nha-hxh-xvnt-phuong-21-quan-binh-thanh-19m2x25t-sat-quan-1-2ty-hon-r281001,Hồ Chí Minh,Quận Bình Thạnh,full_address,description,"✨Nhà HXH X.V.N.T, phường 21, quận Bình Thạnh-19m2x2,5T-Sát Quận 1- 2tỷ hơn✨",Nhà Hẻm X V N T phường 21 quận Bình Thạnh 19m2x2 5T,Nominatim,"Nhà Hẻm X V N T phường 21 quận Bình Thạnh 19m2x2 5T, Thành phố Hồ Chí Minh, Việt Nam",NO_RESULT,,,,UNKNOWN,UNKNOWN,False,TIER_E_NO_RESULT,0,,
166014,https://batdongsan.vn/sieu-pham-hiem-gap-phuong-5-quan-8-nha-duc-2-tang-gia-chi-33-ty-lien-tinh-5-hem-r166014,Hồ Chí Minh,Quận 8,full_address,dedicated_address,"Hẻm trước nhà 3m, chỉ vài bước ra hẻm 6m – thông thoáng, sạch sẽ 🔹 Pháp lý: Sổ hồng riêng, sang tên",Hẻm chỉ vài bước ra hẻm thông thoáng sạch sẽ 🔹 Pháp lý Sổ hồng riêng sang tên,Nominatim,"Hẻm chỉ vài bước ra hẻm thông thoáng sạch sẽ 🔹 Pháp lý Sổ hồng riêng sang tên, Quận 8, Thành phố Hồ Chí Minh, Việt Nam",NO_RESULT,,,,UNKNOWN,UNKNOWN,False,TIER_E_NO_RESULT,0,,
192841,https://batdongsan.vn/ban-nha-2-tang-huynh-tan-phat-nha-be-445m2-5585-chi-26-ti-r192841,Hồ Chí Minh,Nhà Bè,unclear,title,"Bán nhà 2 tầng Huỳnh Tấn Phát Nhà Bè– 44.5m² – 5.5*8.5 – chỉ 2,6 Tỉ",Huỳnh Tấn Phát Nhà Bè 44 5m² 5,Nominatim,"Huỳnh Tấn Phát Nhà Bè 44 5m² 5, Thành phố Hồ Chí Minh, Việt Nam",NO_RESULT,,,,UNKNOWN,UNKNOWN,False,TIER_E_NO_RESULT,0,,
156099,https://batdongsan.vn/bt27-biet-thu-moi-xay-ngang-khung-8m-x-15m-chi-7x-ty-khu-vuc-ten-lua-binh-tan-r156099,Hồ Chí Minh,Bình Tân,street_and_ward,dedicated_address,"Đường Lê Đình Cẩn, phường Tân Tạo, quận Bình Tân💰 Giá chào: 7",Đường Lê Đình Cẩn phường Tân Tạo quận Bình Tân💰 Giá chào 7,Nominatim,"Đường Lê Đình Cẩn phường Tân Tạo quận Bình Tân💰 Giá chào 7, Thành phố Hồ Chí Minh, Việt Nam",NO_RESULT,,,,UNKNOWN,UNKNOWN,False,TIER_E_NO_RESULT,0,,
169916,https://batdongsan.vn/cmt8-76m2-ngang-khung-54m-gan-nga-tu-7-hien-chi-9x-ty-r169916,Hồ Chí Minh,Tân Bình,street_only,title,CMT8 – 76M2 – NGANG KHỦNG 5.4M – GẦN NGÃ TƯ 7 HIỀN – CHỈ 9.X TỶ,CMT8 NGANG KHỦNG 5 GẦN NGÃ TƯ 7 HIỀN CHỈ 9 X TỶ,Nominatim,"CMT8 NGANG KHỦNG 5 GẦN NGÃ TƯ 7 HIỀN CHỈ 9 X TỶ, Tân Bình, Thành phố Hồ Chí Minh, Việt Nam",NO_RESULT,,,,UNKNOWN,UNKNOWN,False,TIER_E_NO_RESULT,0,,
95303,https://batdongsan.vn/ban-nha-mt-vo-van-tan-2-chieu-kinh-doanh-sam-uat-doanh-thu-cao-54-x-15-hd-100tr-r265478,Hồ Chí Minh,Quận 3,unclear,title,"Bán nhà MT Võ Văn Tần 2 chiều, kinh doanh sầm uất doanh thu cao 5,4 x 15, HĐ 100Tr",MT Võ Văn Tần 2 chiều sầm uất doanh thu cao 5 4 x 15 HĐ,Nominatim,"MT Võ Văn Tần 2 chiều sầm uất doanh thu cao 5 4 x 15 HĐ, Quận 3, Thành phố Hồ Chí Minh, Việt Nam",NO_RESULT,,,,UNKNOWN,UNKNOWN,False,TIER_E_NO_RESULT,0,,
178986,https://batdongsan.vn/ban-nha-2-mat-tien-vinh-vien-gan-nguyen-tri-phuong-43x13m-5-tang-5pn-182-ty-r178986,Hồ Chí Minh,Quận 10,street_only,title,mặt tiền Vĩnh Viễn - gần Nguyễn Tri Phương,Vĩnh Viễn gần Nguyễn Tri Phương,Nominatim,"Vĩnh Viễn gần Nguyễn Tri Phương, Quận 10, Thành phố Hồ Chí Minh, Việt Nam",NO_RESULT,,,,UNKNOWN,UNKNOWN,False,TIER_E_NO_RESULT,0,,
122323,https://batdongsan.vn/thanh-nha-moi-noi-that-cao-cap-lech-tang-hien-dai-cong-suat-cho-thue-50trthang-mat-tien-kinh-r122323,Hồ Chí Minh,Quận 7,street_only,title,MẶT TIỀN KINH,KINH,Nominatim,"KINH, Quận 7, Thành phố Hồ Chí Minh, Việt Nam",SUCCESS,10.7547919,106.6815035,"Trường Cao đẳng Kinh tế đối ngoại, 81, Đường Trần Bình Trọng, Khu phố 7, Phường Chợ Quán, Thành phố Hồ Chí Minh, 72722, Việt Nam",ADMIN_MATCH,UNKNOWN,False,TIER_D_ADMIN_ONLY,1,,
172129,https://batdongsan.vn/ban-nha-bui-minh-truc-can-goc-2-mat-tien-hem-o-to-4-tang-45x20m-nhinh-6-ty-r172129,Hồ Chí Minh,Quận 8,alley_or_lane,dedicated_address,"Căn góc 2 mặt tiền thoáng, hẻm ô tô thông ra đường Bùi Minh Trực, Phạm Thế Hiển, Tạ Quang Bửu, Cao Lỗ,",Căn góc 2 thoáng hẻm ô tô thông ra đường Bùi Minh Trực Phạm Thế Hiển Tạ Quang Bửu Cao Lỗ,Nominatim,"Căn góc 2 thoáng hẻm ô tô thông ra đường Bùi Minh Trực Phạm Thế Hiển Tạ Quang Bửu Cao Lỗ, Quận 8, Thành phố Hồ Chí Minh, Việt Nam",NO_RESULT,,,,UNKNOWN,UNKNOWN,False,TIER_E_NO_RESULT,0,,
189389,https://batdongsan.vn/vi-tri-vang-ban-nha-2-tang-40m2-so-hong-hem-doc-lap-tan-phu-chi-58-ty-goi-r189389,Hồ Chí Minh,Tân Phú,alley_or_lane,title,hẻm Độc Lập,hẻm Độc Lập,Nominatim,"hẻm Độc Lập, Tân Phú, Thành phố Hồ Chí Minh, Việt Nam",NO_RESULT,,,,UNKNOWN,UNKNOWN,False,TIER_E_NO_RESULT,0,,
186127,https://batdongsan.vn/mat-tien-kinh-doanh-khu-tan-thanh-tan-phu-dt-80m2-a4-5-tang-r186127,Hồ Chí Minh,Tân Phú,unclear,title,Mặt Tiền Kinh Doanh Khu Tân Thành,Khu Tân Thành,Nominatim,"Khu Tân Thành, Tân Phú, Thành phố Hồ Chí Minh, Việt Nam",SUCCESS,10.7774856,106.6344474,"Agribank, Lũy Bán Bích, Khu phố 26, Phường Tân Phú, Thành phố Hồ Chí Minh, 72031, Việt Nam",ADMIN_MATCH,UNKNOWN,False,TIER_D_ADMIN_ONLY,4,,
101730,https://batdongsan.vn/ngop-tho-ban-nha-mat-tien-3-phong-ngu-o-binh-chanh-da-co-so-r271918,Hồ Chí Minh,Bình Chánh,unclear,title,mặt tiền 3 phòng ngủ ở Bình Chánh đã có sổ,3 phòng ngủ ở Bình Chánh đã có sổ,Nominatim,"3 phòng ngủ ở Bình Chánh đã có sổ, Thành phố Hồ Chí Minh, Việt Nam",NO_RESULT,,,,UNKNOWN,UNKNOWN,False,TIER_E_NO_RESULT,0,,
111438,https://batdongsan.vn/ban-nha-mat-tien-duong-so-3-doi-dien-truong-hoc-r281632,Hồ Chí Minh,Bình Tân,street_only,title,mặt tiền đường số 3 đối diện trường học,đường số 3 đối diện trường học,Nominatim,"đường số 3 đối diện trường học, Bình Tân, Thành phố Hồ Chí Minh, Việt Nam",NO_RESULT,,,,UNKNOWN,UNKNOWN,False,TIER_E_NO_RESULT,0,,
117525,https://batdongsan.vn/chinh-chu-ngop-bank-ban-gap-mt-kinh-doanhchdv-hiep-thanh-13-quan-12-10x25-gia-tot-13t-r117525,Hồ Chí Minh,Quận 12,street_only,description,CHÍNH CHỦ NGỘP BANK BÁN GẤP MT KINH DOANH+CHDV HIỆP THÀNH 13 QUẬN 12 (10x25) GIÁ TỐT 13T,NGỘP BANK BÁN GẤP MT +CHDV HIỆP THÀNH 13 QUẬN 12 GIÁ TỐT 13T,Nominatim,"NGỘP BANK BÁN GẤP MT +CHDV HIỆP THÀNH 13 QUẬN 12 GIÁ TỐT 13T, Thành phố Hồ Chí Minh, Việt Nam",NO_RESULT,,,,UNKNOWN,UNKNOWN,False,TIER_E_NO_RESULT,0,,
168980,https://batdongsan.vn/ban-nha-hem-xe-hoi-thong-nhinh-4-ty-phuong-12-quan-binh-thanh-r168980,Hồ Chí Minh,Bình Thạnh,full_address,dedicated_address,"Hẻm 304  Bùi Đình Túy, Phường 12 ,Bình Thạnh",Hẻm 304 Bùi Đình Túy Phường 12 Bình Thạnh,Nominatim,"Hẻm 304 Bùi Đình Túy Phường 12 Bình Thạnh, Thành phố Hồ Chí Minh, Việt Nam",SUCCESS,10.8087887,106.6990049,"Hẻm 304 Bùi Đình Túy, Khu phố 16, Phường Bình Thạnh, Thành phố Hồ Chí Minh, 72317, Việt Nam",ADMIN_MATCH,STREET,True,TIER_B_SPATIALLY_USEFUL,1,,
173398,https://batdongsan.vn/nha-pho-tan-co-dien-duc-4-tam-42x125-kpl-dong-bo-nha-cao-tang-dan-tri-cao-r173398,Hồ Chí Minh,Gò Vấp,street_only,title,PHỐ TÂN CỔ ĐIỂN ĐÚC 4 TẤM - 4,PHỐ TÂN CỔ ĐIỂN ĐÚC 4 TẤM 4,Nominatim,"PHỐ TÂN CỔ ĐIỂN ĐÚC 4 TẤM 4, Gò Vấp, Thành phố Hồ Chí Minh, Việt Nam",NO_RESULT,,,,UNKNOWN,UNKNOWN,False,TIER_E_NO_RESULT,0,,
105243,https://batdongsan.vn/nha-1-tret-2-lau-gara-oto-5-phong-ngu-6-wc-1-phong-karaoke-r275437,Hồ Chí Minh,Quận 9,unclear,title,"Nhà 1 trệt, 2 lầu, gara oto, 5 phòng ngủ + 6 WC ,1 phòng karaoke",Nhà 1 trệt gara oto 5 phòng ngủ + 1 phòng karaoke,Nominatim,"Nhà 1 trệt gara oto 5 phòng ngủ + 1 phòng karaoke, Quận 9, Thành phố Hồ Chí Minh, Việt Nam",NO_RESULT,,,,UNKNOWN,UNKNOWN,False,TIER_E_NO_RESULT,0,,
192177,https://batdongsan.vn/mat-tien-hiem-tan-phu-4x15-60m2-3-tang-kien-co-gia-nhinh-7ty-r192177,Hồ Chí Minh,Tân Phú,project_or_residential_area,dedicated_address,"Nằm sát trục đường Nguyễn Sơn, Phường Phú Thạnh, Quận Tân Phú – tuyến đường kinh doanh sầm uất, khu dân cư đông đúc, phù hợp vừa ở",Nằm sát trục đường Nguyễn Sơn Phường Phú Thạnh Quận Tân Phú tuyến đường sầm uất khu dân cư đông đúc phù hợp vừa ở,Nominatim,"Nằm sát trục đường Nguyễn Sơn Phường Phú Thạnh Quận Tân Phú tuyến đường sầm uất khu dân cư đông đúc phù hợp vừa ở, Thành phố Hồ Chí Minh, Việt Nam",NO_RESULT,,,,UNKNOWN,UNKNOWN,False,TIER_E_NO_RESULT,0,,
139540,https://batdongsan.vn/mat-tien-4-tang-btct-dt-100m2-4x25-9pn-duong-10m-quan-8-chi-65-ty-r139540,Hồ Chí Minh,Quận 8,street_only,title,MẶT TIỀN 4 TẦNG BTCT DT 100M2 (4X25) 9PN ĐƯỜNG 10M QUẬN 8 CHỈ 6,BTCT ĐƯỜNG QUẬN 8 CHỈ 6,Nominatim,"BTCT ĐƯỜNG QUẬN 8 CHỈ 6, Thành phố Hồ Chí Minh, Việt Nam",NO_RESULT,,,,UNKNOWN,UNKNOWN,False,TIER_E_NO_RESULT,0,,
125574,https://batdongsan.vn/ban-nha-cap-4-mat-tien-55m-duong-tl743-phuong-binh-chieu-thu-duc-12-ty-r125574,Hồ Chí Minh,Thủ Đức,street_and_ward,dedicated_address,Nhà mặt đường,Nhà mặt đường,Nominatim,"Nhà mặt đường, Thủ Đức, Thành phố Hồ Chí Minh, Việt Nam",NO_RESULT,,,,UNKNOWN,UNKNOWN,False,TIER_E_NO_RESULT,0,,
155046,https://batdongsan.vn/ban-nha-cach-mat-tien-50m2-thanh-xuan-25-phuong-thanh-xuan-q12-duong-nhua-10m2-sach-se-so-r155046,Hồ Chí Minh,Quận 12,street_and_ward,title,mặt tiền 50m2,,Nominatim,"Quận 12, Thành phố Hồ Chí Minh, Việt Nam",SUCCESS,10.8612652,106.6642083,"Quận 12, Thành phố Hồ Chí Minh, Việt Nam",ADMIN_MATCH,UNKNOWN,False,TIER_D_ADMIN_ONLY,1,,
184582,https://batdongsan.vn/ban-nha-can-goc-dt-dat-1231m2-5x25m-4-tang-nguyen-thi-tan-quan-8-gia-chi-12-ty-r184582,Hồ Chí Minh,Quận 8,unclear,description,"Bán nhà căn góc - DT đất 123,1m2 (5x25m) - 4 tầng - Nguyễn Thị Tần, quận 8 giá chỉ 12 tỷ",căn góc DT đất 123 Nguyễn Thị Tần quận 8,Nominatim,"căn góc DT đất 123 Nguyễn Thị Tần quận 8, Thành phố Hồ Chí Minh, Việt Nam",NO_RESULT,,,,UNKNOWN,UNKNOWN,False,TIER_E_NO_RESULT,0,,
185511,https://batdongsan.vn/gan-nha-ga-t3-nha-dep-72m2-4-tang-o-to-ngu-trong-nha-6x-ty-tl-r185511,Hồ Chí Minh,Gò Vấp,street_only,title,Gần nhà ga T3! Nhà Đẹp 72M² 4 Tầng Ô TÔ NGỦ TRONG NHÀ – 6.x Tỷ TL!,Gần nhà ga T3 72M²,Nominatim,"Gần nhà ga T3 72M², Gò Vấp, Thành phố Hồ Chí Minh, Việt Nam",NO_RESULT,,,,UNKNOWN,UNKNOWN,False,TIER_E_NO_RESULT,0,,
151085,https://batdongsan.vn/ban-nha-109-hxh-gan-lac-long-quan-tan-binh-2-lau-nhinh-5-ty-r151085,Hồ Chí Minh,Tân Bình,alley_or_lane,title,"Bán nhà 10*9, HXH, gần Lạc Long Quân, Tân Bình, 2 lầu, nhỉnh 5 tỷ",Hẻm gần Lạc Long Quân Tân Bình,Nominatim,"Hẻm gần Lạc Long Quân Tân Bình, Thành phố Hồ Chí Minh, Việt Nam",NO_RESULT,,,,UNKNOWN,UNKNOWN,False,TIER_E_NO_RESULT,0,,
100460,https://batdongsan.vn/nha-4-tang-duong-xe-hoi-tranh-canh-cho-tran-van-quang-495-ty-r270643,Hồ Chí Minh,Tân Bình,street_only,title,đường xe hơi tránh,đường xe hơi tránh,Nominatim,"đường xe hơi tránh, Tân Bình, Thành phố Hồ Chí Minh, Việt Nam",NO_RESULT,,,,UNKNOWN,UNKNOWN,False,TIER_E_NO_RESULT,0,,
194983,https://batdongsan.vn/gap-ban-nhanh-nha-3-tang-79m-mat-tien-duong-sogan-nga-3-le-van-thinh-r194983,Hồ Chí Minh,Quận 2,street_only,title,mặt tiền đường số,đường số,Nominatim,"đường số, Quận 2, Thành phố Hồ Chí Minh, Việt Nam",SUCCESS,10.7879587,106.7269814,"Đường số 39, Khu phố 21, Phường An Khánh, Thành phố Hồ Chí Minh, 71108, Việt Nam",ADMIN_MATCH,STREET,True,TIER_B_SPATIALLY_USEFUL,5,,
183152,https://batdongsan.vn/nha-ngon-tam-chau-tam-phu-68m2-3pn-oto-gia-rieu-tot-nhinh-5-ty-r183152,Hồ Chí Minh,Thủ Đức,street_only,dedicated_address,"Ngay đường Tam Châu cách bệnh viện tp Thủ Đức 300m, 500m ra quốc lộ 1A, 1,5km ra Phạm Văn Đồng",Ngay đường Tam Châu cách bệnh viện tp Thủ Đức ra quốc lộ 1A 1 5km ra Phạm Văn Đồng,Nominatim,"Ngay đường Tam Châu cách bệnh viện tp Thủ Đức ra quốc lộ 1A 1 5km ra Phạm Văn Đồng, Thành phố Hồ Chí Minh, Việt Nam",NO_RESULT,,,,UNKNOWN,UNKNOWN,False,TIER_E_NO_RESULT,0,,
136406,https://batdongsan.vn/ban-nha-hxh-phan-van-tri-4x10-2-mat-hem-gan-ba-chieu-hon-6-ti-r136406,Hồ Chí Minh,Bình Thạnh,alley_or_lane,title,Hẻm Gần Bà Chiểu Hơn 6 Tỉ,Hẻm Gần Bà Chiểu Hơn,Nominatim,"Hẻm Gần Bà Chiểu Hơn, Bình Thạnh, Thành phố Hồ Chí Minh, Việt Nam",NO_RESULT,,,,UNKNOWN,UNKNOWN,False,TIER_E_NO_RESULT,0,,
189359,https://batdongsan.vn/vip-ngang-11m-la-xuan-oai-p-tang-nhon-phu-dt-220m2-kinh-doanh-da-nganh-nghe-r189359,Hồ Chí Minh,Quận 9,full_address,dedicated_address,"Nhà hẻm xe hơi Lã Xuân Oai, phường Tăng Nhơn Phú A, Quận 9(cũ)",Nhà Hẻm Lã Xuân Oai phường Tăng Nhơn Phú A Quận 9 cũ,Nominatim,"Nhà Hẻm Lã Xuân Oai phường Tăng Nhơn Phú A Quận 9 cũ, Thành phố Hồ Chí Minh, Việt Nam",NO_RESULT,,,,UNKNOWN,UNKNOWN,False,TIER_E_NO_RESULT,0,,
96443,https://batdongsan.vn/bau-cat-nguyen-hong-dao-mat-tien-40m2-3-tang-gia-nhinh-8-ty-r266621,Hồ Chí Minh,Tân Bình,street_only,title,Mặt tiền 40m2,,Nominatim,"Tân Bình, Thành phố Hồ Chí Minh, Việt Nam",SUCCESS,10.7995218,106.6412817,"Phường Tân Bình, Thành phố Hồ Chí Minh, 72123, Việt Nam",ADMIN_MATCH,WARD,True,TIER_B_SPATIALLY_USEFUL,4,,
95624,https://batdongsan.vn/ban-nha-4-tang-lo-goc-hem-xe-hoi-dang-cho-thue-35trieuthang-cao-thang-quan-10-0902934079-r265799,Hồ Chí Minh,Quận 10,alley_or_lane,title,Hẻm Xe Hơi - Đang Cho Thuê 35Triệu/Tháng - Cao Thắng - Quận 10 - 0902934079,Hẻm Đang Cho Thuê,Nominatim,"Hẻm Đang Cho Thuê, Quận 10, Thành phố Hồ Chí Minh, Việt Nam",NO_RESULT,,,,UNKNOWN,UNKNOWN,False,TIER_E_NO_RESULT,0,,
160126,https://batdongsan.vn/mat-tien-kinh-doanh-5-tang-khu-cytyland-trung-tam-go-vap-gia-tot-nhat-khu-90m25x18-nhinh-r160126,Hồ Chí Minh,Gò Vấp,unclear,title,Mặt Tiền Kinh Doanh 5 Tầng Khu CYTYLAND Trung Tâm Gò Vấp- Giá Tốt Nhất Khu 90m2(5x18)- nhỉnh,Khu CYTYLAND Trung Tâm Gò Vấp Giá Tốt Nhất Khu nhỉnh,Nominatim,"Khu CYTYLAND Trung Tâm Gò Vấp Giá Tốt Nhất Khu nhỉnh, Thành phố Hồ Chí Minh, Việt Nam",NO_RESULT,,,,UNKNOWN,UNKNOWN,False,TIER_E_NO_RESULT,0,,
161442,https://batdongsan.vn/nha-dep-hoang-van-thu-le-van-sy-p2-tret-2-lau-st-4x8m-59-ty-tl-r161442,Hồ Chí Minh,Tân Bình,unclear,title,"Nhà đẹp Hoàng Văn Thụ, Lê Văn Sỹ, P2, trệt 2 lầu ST, 4x8m, 5.9 tỷ TL",Hoàng Văn Thụ Lê Văn Sỹ P2 trệt ST,Nominatim,"Hoàng Văn Thụ Lê Văn Sỹ P2 trệt ST, Tân Bình, Thành phố Hồ Chí Minh, Việt Nam",NO_RESULT,,,,UNKNOWN,UNKNOWN,False,TIER_E_NO_RESULT,0,,
143333,https://batdongsan.vn/nha-chi-328-ty-duong-tran-van-on-quan-tan-phu-r143333,Hồ Chí Minh,Tân Phú,street_only,title,"Đường Trần Văn Ơn, Quận Tân Phú",Đường Trần Văn Ơn Quận Tân Phú,Nominatim,"Đường Trần Văn Ơn Quận Tân Phú, Thành phố Hồ Chí Minh, Việt Nam",NO_RESULT,,,,UNKNOWN,UNKNOWN,False,TIER_E_NO_RESULT,0,,
182304,https://batdongsan.vn/ban-nha-pho-183-ha-huy-giap-quan-12-r182304,Hồ Chí Minh,Quận 12 Quận 12,street_only,dedicated_address,"Ngay trục đường Hà Huy Giáp, giao thông thuận tiện, dân cư đông đúc, thích hợp kinh doanh đa ngành",Ngay trục đường Hà Huy Giáp giao thông thuận tiện dân cư đông đúc thích hợp đa ngành,Nominatim,"Ngay trục đường Hà Huy Giáp giao thông thuận tiện dân cư đông đúc thích hợp đa ngành, Quận 12 Quận 12, Thành phố Hồ Chí Minh, Việt Nam",NO_RESULT,,,,UNKNOWN,UNKNOWN,False,TIER_E_NO_RESULT,0,,
97190,https://batdongsan.vn/kha-tri-tan-binh-sat-quan-10-61m2-ngang-5m-3-tang-dep-o-lien-chi-58-ty-r267369,Hồ Chí Minh,Quận 10,street_only,description,"KHA TRÍ TÂN BÌNH SÁT QUẬN 10, 61M2, NGANG 5M, 3 TẦNG ĐẸP Ở LIỀN CHỈ 5.8 TỶ",KHA TRÍ TÂN BÌNH SÁT QUẬN 10 ĐẸP Ở LIỀN,Nominatim,"KHA TRÍ TÂN BÌNH SÁT QUẬN 10 ĐẸP Ở LIỀN, Thành phố Hồ Chí Minh, Việt Nam",NO_RESULT,,,,UNKNOWN,UNKNOWN,False,TIER_E_NO_RESULT,0,,
151126,https://batdongsan.vn/58m-ban-nha-2-tang2pn1-le-van-thop11-go-vap-nhinh-3-ty-r151126,Hồ Chí Minh,Gò Vấp,house_number_and_street,title,"5❌8M, BÁN NHÀ 2 TẦNG✨2PN,1/ LÊ VĂN THỌ,P11 GÒ VẤP, NHỈNH 3 TỶ",5❌ 1/ LÊ VĂN THỌ P11 GÒ VẤP,Nominatim,"5❌ 1/ LÊ VĂN THỌ P11 GÒ VẤP, Thành phố Hồ Chí Minh, Việt Nam",SUCCESS,10.7737261,106.7166008,"Thành phố Hồ Chí Minh, Việt Nam",ADMIN_PARTIAL_MATCH,CITY_OR_PROVINCE,False,TIER_C_ACCEPTABLE_COARSE,1,,
116091,https://batdongsan.vn/biet-thu-mini-tan-binh-4-tang-4pn-ngang-be-the-6m1-nhinh-6-ty-r116091,Hồ Chí Minh,Tân Bình,street_only,title,BIỆT THỰ MINI TÂN BÌNH -4 TẦNG-4PN-NGANG BỀ THẾ 6M1-NHỈNH 6 TỶ,BIỆT THỰ MINI TÂN BÌNH NGANG BỀ THẾ 6M1,Nominatim,"BIỆT THỰ MINI TÂN BÌNH NGANG BỀ THẾ 6M1, Thành phố Hồ Chí Minh, Việt Nam",NO_RESULT,,,,UNKNOWN,UNKNOWN,False,TIER_E_NO_RESULT,0,,
172232,https://batdongsan.vn/ban-sieu-pham-7-tang-mat-tien-kinh-doanh-duong-nguyen-thai-hoc-quan-1-chu-nha-de-thuong-giam-r172232,Hồ Chí Minh,Quận 1,street_only,title,"MẶT TIỀN KINH DOANH ĐƯỜNG NGUYỄN THÁI HỌC, QUẬN 1 - CHỦ NHÀ DỄ THƯƠNG GIẢM",ĐƯỜNG NGUYỄN THÁI HỌC QUẬN 1 CHỦ NHÀ DỄ THƯƠNG GIẢM,Nominatim,"ĐƯỜNG NGUYỄN THÁI HỌC QUẬN 1 CHỦ NHÀ DỄ THƯƠNG GIẢM, Thành phố Hồ Chí Minh, Việt Nam",NO_RESULT,,,,UNKNOWN,UNKNOWN,False,TIER_E_NO_RESULT,0,,
177755,https://batdongsan.vn/ban-nha-toa-nha-7-tang-hem-6m-le-van-huan-8x28m-co-45-chdv-khoan-135tr-34-ty-r177755,Hồ Chí Minh,Tân Bình,street_only,dedicated_address,"Mặt tiền Lê Văn Huân, kết nối Cộng Hòa ra đường C12 vào Nhà ga T3 sân bay Tân Sơn Nhất",Lê Văn Huân kết nối Cộng Hòa ra đường C12 vào Nhà ga T3 sân bay Tân Sơn Nhất,Nominatim,"Lê Văn Huân kết nối Cộng Hòa ra đường C12 vào Nhà ga T3 sân bay Tân Sơn Nhất, Tân Bình, Thành phố Hồ Chí Minh, Việt Nam",NO_RESULT,,,,UNKNOWN,UNKNOWN,False,TIER_E_NO_RESULT,0,,
125721,https://batdongsan.vn/nha-sat-mat-tien-nguyen-thuong-hien-pn-5-tang-3-pn-hoan-cong-r125721,Hồ Chí Minh,Phú Nhuận,street_only,title,Mặt Tiền Nguyễn Thượng Hiền - PN -5 tầng - 3 PN -Hoàn công,Nguyễn Thượng Hiền PN Hoàn công,Nominatim,"Nguyễn Thượng Hiền PN Hoàn công, Phú Nhuận, Thành phố Hồ Chí Minh, Việt Nam",NO_RESULT,,,,UNKNOWN,UNKNOWN,False,TIER_E_NO_RESULT,0,,
104297,https://batdongsan.vn/qua-re-chi-duoi-3-ty-day-du-cong-nang-ngay-gan-cho-hiep-binh-hem-xe-hoi-r274491,Hồ Chí Minh,Thủ Đức,alley_or_lane,title,HẺM XE HƠI,Hẻm,Nominatim,"Hẻm, Thủ Đức, Thành phố Hồ Chí Minh, Việt Nam",SUCCESS,10.8353562,106.7514987,"Hẻm 210 Đường Số 11, Khu phố 36, Phường Thủ Đức, Thành phố Hồ Chí Minh, 71319, Việt Nam",ADMIN_MATCH,STREET,True,TIER_B_SPATIALLY_USEFUL,5,,
152305,https://batdongsan.vn/phu-nhuan-nhinh-4-ty-hem-3-gac-4-lau-moi-dep-ngang-hon-4m-3-pn-cuc-dep-r152305,Hồ Chí Minh,Phú Nhuận,alley_or_lane,title,HẺM 3 GÁC - 4 LẦU MỚI ĐẸP - NGANG HƠN 4M - 3 PN CỰC ĐẸP.,HẺM 3 GÁC MỚI ĐẸP NGANG HƠN CỰC ĐẸP,Nominatim,"HẺM 3 GÁC MỚI ĐẸP NGANG HƠN CỰC ĐẸP, Phú Nhuận, Thành phố Hồ Chí Minh, Việt Nam",NO_RESULT,,,,UNKNOWN,UNKNOWN,False,TIER_E_NO_RESULT,0,,
134211,https://batdongsan.vn/sieu-pham-4-tang-quang-trung-p11-go-vap-79m2-tang-full-noi-that-gia-668-ty-tl-r134211,Hồ Chí Minh,Gò Vấp,unclear,title,Siêu Phẩm 4 tầng Quang Trung P11 Gò Vấp 79m2 tặng full nội thất giá 6.68 tỷ TL,Quang Trung P11 Gò Vấp,Nominatim,"Quang Trung P11 Gò Vấp, Thành phố Hồ Chí Minh, Việt Nam",SUCCESS,10.8314142,106.6685215,"Quang Trung, Khu phố 5, Phường Gò Vấp, Thành phố Hồ Chí Minh, 72100, Việt Nam",ADMIN_MATCH,STREET,True,TIER_B_SPATIALLY_USEFUL,5,,
99686,https://batdongsan.vn/ban-nha-hem-413-le-van-quoi-binh-tan-40m2-3-tang-btct-3pn-chi-nhinh-4-ty-tl-r269869,Hồ Chí Minh,Bình Tân,alley_or_lane,title,hẻm 413 Lê Văn Quới Bình Tân,hẻm 413 Lê Văn Quới Bình Tân,Nominatim,"hẻm 413 Lê Văn Quới Bình Tân, Thành phố Hồ Chí Minh, Việt Nam",NO_RESULT,,,,UNKNOWN,UNKNOWN,False,TIER_E_NO_RESULT,0,,
177000,https://batdongsan.vn/tan-phu-nguyen-quy-anh-moi-tien-ich-xung-quanh-3-tang-4x16m-6x-ty-r177000,Hồ Chí Minh,Tân Phú,unclear,title,"Tân Phú - Nguyễn Quý Anh. Mọi tiện ích xung quanh, 3 tầng, 4x16m 6.x tỷ",Tân Phú Nguyễn Quý Anh Mọi tiện ích xung quanh,Nominatim,"Tân Phú Nguyễn Quý Anh Mọi tiện ích xung quanh, Thành phố Hồ Chí Minh, Việt Nam",NO_RESULT,,,,UNKNOWN,UNKNOWN,False,TIER_E_NO_RESULT,0,,
190887,https://batdongsan.vn/chinh-chu-ban-can-goc-3-mat-tien-kinh-doanh-duong-tran-quang-khai-ptan-dinh-quan-1-ngay-cho-r190887,Hồ Chí Minh,Quận 1,street_only,title,MẶT TIỀN KINH DOANH ĐƯỜNG TRẦN QUANG KHẢI,ĐƯỜNG TRẦN QUANG KHẢI,Nominatim,"ĐƯỜNG TRẦN QUANG KHẢI, Quận 1, Thành phố Hồ Chí Minh, Việt Nam",NO_RESULT,,,,UNKNOWN,UNKNOWN,False,TIER_E_NO_RESULT,0,,
116836,https://batdongsan.vn/ban-nha-binh-thanh-hiem-45m2-no-hau-hem-thong-chi-4-ty-le-r116836,Hồ Chí Minh,Bình Thạnh,alley_or_lane,title,HẺM THÔNG – CHỈ 4 TỶ LẺ,HẺM THÔNG LẺ,Nominatim,"HẺM THÔNG LẺ, Bình Thạnh, Thành phố Hồ Chí Minh, Việt Nam",NO_RESULT,,,,UNKNOWN,UNKNOWN,False,TIER_E_NO_RESULT,0,,
100821,https://batdongsan.vn/ban-nha-tinh-lo-10-binh-tan-hxh-84m2-2-tang-btct-kinh-doanh-nhinh-5-ty-tl-r271004,Hồ Chí Minh,Bình Tân,alley_or_lane,title,"Bán nhà Tỉnh Lộ 10 Bình Tân HXH 84m2, 2 tầng BTCT, KINH DOANH, nhỉnh 5 tỷ TL",Tỉnh Lộ 10 Bình Tân Hẻm BTCT,Nominatim,"Tỉnh Lộ 10 Bình Tân Hẻm BTCT, Thành phố Hồ Chí Minh, Việt Nam",NO_RESULT,,,,UNKNOWN,UNKNOWN,False,TIER_E_NO_RESULT,0,,
145369,https://batdongsan.vn/toa-nha-mat-tien-kinh-doanh-sam-uat-dong-den-tan-binh-co-ham-de-xe-5-tang-60m2-chi-165-ty-r145369,Hồ Chí Minh,Tân Bình,unclear,title,MẶT TIỀN KINH DOANH SẦM UẤT ĐỒNG ĐEN TÂN BÌNH,SẦM UẤT ĐỒNG ĐEN TÂN BÌNH,Nominatim,"SẦM UẤT ĐỒNG ĐEN TÂN BÌNH, Thành phố Hồ Chí Minh, Việt Nam",NO_RESULT,,,,UNKNOWN,UNKNOWN,False,TIER_E_NO_RESULT,0,,
147942,https://batdongsan.vn/mat-tien-duong-ba-trieu-duong-20m-vua-o-vua-kinh-doanh-buon-ban-sam-uat-nha-cap-4-tien-xay-moi-r147942,Hồ Chí Minh,Hóc Môn,street_only,title,MẶT TIỀN ĐƯỜNG BÀ TRIỆU ĐƯỜNG 20M VỪA Ở VỪA KINH DOANH BUÔN BÁN SẦM UẤT - NHÀ CẤP 4 TIỆN XÂY MỚI,ĐƯỜNG BÀ TRIỆU ĐƯỜNG VỪA Ở VỪA BUÔN BÁN SẦM UẤT NHÀ CẤP 4 TIỆN XÂY MỚI,Nominatim,"ĐƯỜNG BÀ TRIỆU ĐƯỜNG VỪA Ở VỪA BUÔN BÁN SẦM UẤT NHÀ CẤP 4 TIỆN XÂY MỚI, Hóc Môn, Thành phố Hồ Chí Minh, Việt Nam",NO_RESULT,,,,UNKNOWN,UNKNOWN,False,TIER_E_NO_RESULT,0,,
93698,https://batdongsan.vn/nha-tan-thoi-hiep-quan-12-6-ty100m2tang-noi-that-1-ty-r263873,Hồ Chí Minh,Quận 12,street_only,description,"NHÀ TÂN THỚI HIỆP, QUẬN 12, 6 tỷ,100m2,TẶNG NỘI THẤT 1 TỲ",NHÀ TÂN THỚI HIỆP QUẬN 12 TẶNG NỘI THẤT 1 TỲ,Nominatim,"NHÀ TÂN THỚI HIỆP QUẬN 12 TẶNG NỘI THẤT 1 TỲ, Thành phố Hồ Chí Minh, Việt Nam",NO_RESULT,,,,UNKNOWN,UNKNOWN,False,TIER_E_NO_RESULT,0,,
137969,https://batdongsan.vn/ban-nha-hem-duong-bui-dinh-tuy-p24-q-binh-thanh-6x24m-chi-248-ty-r137969,Hồ Chí Minh,Q. Bình Thạnh,alley_or_lane,title,Hẻm Đường Bùi Đình Túy,Hẻm Đường Bùi Đình Túy,Nominatim,"Hẻm Đường Bùi Đình Túy, Q. Bình Thạnh, Thành phố Hồ Chí Minh, Việt Nam",NO_RESULT,,,,UNKNOWN,UNKNOWN,False,TIER_E_NO_RESULT,0,,
147665,https://batdongsan.vn/ban-nha-mattien-duong-huynh-van-banh-p11-phu-nhuan-40-ty-46x23m-r147665,Hồ Chí Minh,Phú Nhuận,street_only,title,Đường Huỳnh Văn Bánh,Đường Huỳnh Văn Bánh,Nominatim,"Đường Huỳnh Văn Bánh, Phú Nhuận, Thành phố Hồ Chí Minh, Việt Nam",SUCCESS,10.791648,106.6697379,"Huỳnh Văn Bánh, Khu phố 19, Phường Phú Nhuận, Thành phố Hồ Chí Minh, 72221, Việt Nam",ADMIN_MATCH,STREET,True,TIER_B_SPATIALLY_USEFUL,5,,
107552,https://batdongsan.vn/ban-nha-hxh-duong-ma-lo-dt-485x13m-3-lau-gia-56-ty-tl-lien-he-ngay-r277746,Hồ Chí Minh,Bình Tân,project_or_residential_area,dedicated_address,"Khu dân cư an ninh, dân trí cao, văn minh, sạch sẽ",Khu dân cư an ninh dân trí cao văn minh sạch sẽ,Nominatim,"Khu dân cư an ninh dân trí cao văn minh sạch sẽ, Bình Tân, Thành phố Hồ Chí Minh, Việt Nam",NO_RESULT,,,,UNKNOWN,UNKNOWN,False,TIER_E_NO_RESULT,0,,
81449,https://batdongsan.vn/nha-dep-truong-cong-dinh-33-x-10m-1-lau-38-ty-tan-binh-r251600,Hồ Chí Minh,Tân Bình,unclear,title,"Nhà đẹp, Trương Công Định, 3.3 x 10m, 1 lầu, 3.8 tỷ, Tân Bình",Trương Công Định 3 3 x Tân Bình,Nominatim,"Trương Công Định 3 3 x Tân Bình, Thành phố Hồ Chí Minh, Việt Nam",SUCCESS,10.7962088,106.6410304,"Trương Công Định, Khu phố 26, Phường Tân Bình, Thành phố Hồ Chí Minh, 72110, Việt Nam",ADMIN_MATCH,STREET,True,TIER_B_SPATIALLY_USEFUL,2,,
178284,https://batdongsan.vn/ban-nha-goc-2mt-dang-kinh-doanh-cafe-12-chdv-thu-nhap-cao-so-hong-rieng-vi-tri-dep-r178284,Hồ Chí Minh,Tân Phú,unclear,title,"Bán Nhà Góc 2MT Đang Kinh Doanh Café & 12 CHDV Thu Nhập Cao, Sổ Hồng Riêng, Vị Trí Đẹp",Góc 2MT Đang Café & 12 CHDV Thu Nhập Cao Sổ Hồng Riêng Vị Trí Đẹp,Nominatim,"Góc 2MT Đang Café & 12 CHDV Thu Nhập Cao Sổ Hồng Riêng Vị Trí Đẹp, Tân Phú, Thành phố Hồ Chí Minh, Việt Nam",NO_RESULT,,,,UNKNOWN,UNKNOWN,False,TIER_E_NO_RESULT,0,,
98500,https://batdongsan.vn/nha-moi-cach-1-can-ra-mat-tien-canh-vua-bien-68-le-trong-tan-39-ty-r268680,Hồ Chí Minh,Tân Phú,landmark_only,title,"Nhà mới cách 1 căn ra mặt tiền, cạnh Vua Biển 68 Lê Trọng Tấn, 3.9 tỷ",cách 1 căn ra cạnh Vua Biển 68 Lê Trọng Tấn,Nominatim,"cách 1 căn ra cạnh Vua Biển 68 Lê Trọng Tấn, Tân Phú, Thành phố Hồ Chí Minh, Việt Nam",NO_RESULT,,,,UNKNOWN,UNKNOWN,False,TIER_E_NO_RESULT,0,,
155555,https://batdongsan.vn/ban-gap-nha-mat-pho-q11-14-ty-106m2-3-tang-nhinh-14-ty-r155555,Hồ Chí Minh,Quận 11,street_only,title,phố Q.11,phố Q 11,Nominatim,"phố Q 11, Quận 11, Thành phố Hồ Chí Minh, Việt Nam",NO_RESULT,,,,UNKNOWN,UNKNOWN,False,TIER_E_NO_RESULT,0,,
110666,https://batdongsan.vn/cuc-pham-trung-tam-thanh-xuan-lo-goc-kinh-doanh-nhinh-7-ty-r280860,Hà Nội,Thanh Xuân,street_only,title,CỰC PHẨM - TRUNG TÂM THANH XUÂN - LÔ GÓC- KINH DOANH - NHỈNH 7 TỶ,TRUNG TÂM THANH XUÂN LÔ GÓC,Nominatim,"TRUNG TÂM THANH XUÂN LÔ GÓC, Thành phố Hà Nội, Việt Nam",NO_RESULT,,,,UNKNOWN,UNKNOWN,False,TIER_E_NO_RESULT,0,,
146531,https://batdongsan.vn/ban-nha-dep-mat-ngo-thong-pho-cho-kham-thien-28m2-5tang-mat-tien-28m-48-ty-dong-da-r146531,Hà Nội,Đống Đa,alley_or_lane,title,ngõ thông phố Chợ Khâm Thiên 28m2 5tầng mặt tiền 2.8m 4.8 Tỷ Đống Đa,ngõ thông phố Chợ Khâm Thiên 2,Nominatim,"ngõ thông phố Chợ Khâm Thiên 2, Đống Đa, Thành phố Hà Nội, Việt Nam",NO_RESULT,,,,UNKNOWN,UNKNOWN,False,TIER_E_NO_RESULT,0,,
110452,https://batdongsan.vn/nha-pho-nguyen-chi-thanh50mngay-bai-gui-o-togan-chodan-tri-cao74-ty0348051001-r280646,Hà Nội,Đống Đa,street_only,title,phố Nguyễn Chí Thanh,phố Nguyễn Chí Thanh,Nominatim,"phố Nguyễn Chí Thanh, Đống Đa, Thành phố Hà Nội, Việt Nam",SUCCESS,21.0195344,105.8074078,"Học viện Phụ nữ Việt Nam, 68, Đường Nguyễn Chí Thanh, Láng Hạ, Kẻ Láng, Phường Láng, Thành phố Hà Nội, 11528, Việt Nam",ADMIN_PARTIAL_MATCH,UNKNOWN,False,TIER_F_INVALID_OR_INCONSISTENT,5,,
87529,https://batdongsan.vn/ban-nha-ha-dong-ha-noi-o-to-do-cua-dien-tich-rong-52m2-gia-35-ty-r257697,Hà Nội,Hà Đông,unclear,title,"Bán nhà Hà Đông – Hà Nội; Ô tô đỗ cửa, diện tích rộng; 52m2 Giá 3.5 tỷ.",Hà Đông Hà Nội diện tích rộng,Nominatim,"Hà Đông Hà Nội diện tích rộng, Việt Nam",NO_RESULT,,,,UNKNOWN,UNKNOWN,False,TIER_E_NO_RESULT,0,,
192031,https://batdongsan.vn/toa-nha-9-tang-2-mat-tien-dang-cap-sieu-pham-10m-ra-mat-pho-truong-chinh-gara-4-o-to-r192031,Hà Nội,Đống Đa,street_only,title,MẶT TIỀN  ĐẲNG CẤP- SIÊU PHẨM 10M RA MẶT PHỐ TRƯỜNG CHINH – GARA 4 Ô TÔ,ĐẲNG CẤP RA MẶT PHỐ TRƯỜNG CHINH,Nominatim,"ĐẲNG CẤP RA MẶT PHỐ TRƯỜNG CHINH, Đống Đa, Thành phố Hà Nội, Việt Nam",NO_RESULT,,,,UNKNOWN,UNKNOWN,False,TIER_E_NO_RESULT,0,,
173680,https://batdongsan.vn/can-nha-cuoi-cung-gia-tot-nhat-vo-chi-cong-ho-tay-giam-ngay-800-trieu-r173680,Hà Nội,Cầu Giấy,street_only,title,"CĂN NHÀ CUỐI CÙNG GIÁ TỐT NHẤT VÕ CHÍ CÔNG - HỒ TÂY, GIẢM NGAY 800 TRIỆU!",CĂN NHÀ CUỐI CÙNG GIÁ TỐT NHẤT VÕ CHÍ CÔNG HỒ TÂY GIẢM NGAY,Nominatim,"CĂN NHÀ CUỐI CÙNG GIÁ TỐT NHẤT VÕ CHÍ CÔNG HỒ TÂY GIẢM NGAY, Cầu Giấy, Thành phố Hà Nội, Việt Nam",NO_RESULT,,,,UNKNOWN,UNKNOWN,False,TIER_E_NO_RESULT,0,,
135179,https://batdongsan.vn/ban-nha-tan-mai-hoang-mai-50-m2-5-tang-tm-mat-tien-4-m-gia-1025-ty-r135179,Hà Nội,Hoàng Mai,street_only,title,MẶT TIỀN 4 M,4 M,Nominatim,"4 M, Hoàng Mai, Thành phố Hà Nội, Việt Nam",SUCCESS,20.9741008,105.8621072,"Phường Hoàng Mai, Văn Điển, Thành phố Hà Nội, 11720, Việt Nam",ADMIN_MATCH,WARD,True,TIER_B_SPATIALLY_USEFUL,1,,
171454,https://batdongsan.vn/ban-can-nha-dep-5-tang-47m2-ngoc-thuy-long-bien-r171454,Hà Nội,Long Biên,street_only,title,"BÁN CĂN NHÀ ĐẸP, 5 TẦNG 47M2 NGỌC THỤY LONG BIÊN",BÁN CĂN NGỌC THỤY LONG BIÊN,Nominatim,"BÁN CĂN NGỌC THỤY LONG BIÊN, Thành phố Hà Nội, Việt Nam",NO_RESULT,,,,UNKNOWN,UNKNOWN,False,TIER_E_NO_RESULT,0,,
193973,https://batdongsan.vn/ban-nha-thanh-am-long-bienoto-do-congmoi-tinh-gan-cho-truong-62m-r193973,Hà Nội,Long Biên,street_only,title,"BÁN NHÀ THANH AM LONG BIÊN,OTO ĐỖ CỔNG,MỚI TINH, GẦN CHỢ ,TRƯỜNG 62M",THANH AM LONG BIÊN OTO ĐỖ CỔNG MỚI TINH GẦN CHỢ TRƯỜNG,Nominatim,"THANH AM LONG BIÊN OTO ĐỖ CỔNG MỚI TINH GẦN CHỢ TRƯỜNG, Thành phố Hà Nội, Việt Nam",NO_RESULT,,,,UNKNOWN,UNKNOWN,False,TIER_E_NO_RESULT,0,,
188118,https://batdongsan.vn/ban-nha-co-linh-lo-goc-via-he-xe-container-quay-dau-r188118,Hà Nội,Long Biên,landmark_only,dedicated_address,"khu vực Cổ Linh, gần Aeonmall, cách cầu Trần Hưng Đạo 500m, trước nhà vỉa hè, xe container quay đầu, view vườn hoa",khu vực Cổ Linh gần Aeonmall cách cầu Trần Hưng Đạo trước nhà vỉa hè xe container quay đầu view vườn hoa,Nominatim,"khu vực Cổ Linh gần Aeonmall cách cầu Trần Hưng Đạo trước nhà vỉa hè xe container quay đầu view vườn hoa, Long Biên, Thành phố Hà Nội, Việt Nam",NO_RESULT,,,,UNKNOWN,UNKNOWN,False,TIER_E_NO_RESULT,0,,
105457,https://batdongsan.vn/ban-nha-lo-goc-ngoc-lam-nguyen-van-cu-65m2-x-5tang-gara-full-noi-that-r275651,Hà Nội,Long Biên,unclear,title,"bán nhà lô góc Ngọc Lâm-Nguyễn Văn Cừ, 65m² x 5tầng, gara, full nội thất",lô góc Ngọc Lâm Nguyễn Văn Cừ 65m² x gara,Nominatim,"lô góc Ngọc Lâm Nguyễn Văn Cừ 65m² x gara, Long Biên, Thành phố Hà Nội, Việt Nam",NO_RESULT,,,,UNKNOWN,UNKNOWN,False,TIER_E_NO_RESULT,0,,
167726,https://batdongsan.vn/nha-pho-viet-hung-56-ty-190m-via-he-rongkinh-doanh-dinhlong-bien-ha-noi-r167726,Hà Nội,Long Biên,street_only,title,PHỐ VIỆT HƯNG 56 tỷ 190m VỈA HÈ RỘNG,PHỐ VIỆT HƯNG,Nominatim,"PHỐ VIỆT HƯNG, Long Biên, Thành phố Hà Nội, Việt Nam",SUCCESS,21.0491358,105.892902,"Phố Việt Hưng, Phường Việt Hưng, Thành phố Hà Nội, 11806, Việt Nam",ADMIN_PARTIAL_MATCH,STREET,False,TIER_F_INVALID_OR_INCONSISTENT,1,,
152802,https://batdongsan.vn/nha-dep-o-ngay-tang-noi-that-gan-otochu-nha-lam-chuyen-noi-lam-an-nen-ban-lai-r152802,Hà Nội,Bắc Từ Liêm,street_only,title,NHÀ ĐẸP Ở NGAY - TẶNG NỘI THẤT - GẦN OTO.Chủ nhà làm chuyển nơi làm ăn nên bán lại.,TẶNG NỘI THẤT GẦN OTO Chủ nhà làm chuyển nơi làm ăn nên bán lại,Nominatim,"TẶNG NỘI THẤT GẦN OTO Chủ nhà làm chuyển nơi làm ăn nên bán lại, Bắc Từ Liêm, Thành phố Hà Nội, Việt Nam",NO_RESULT,,,,UNKNOWN,UNKNOWN,False,TIER_E_NO_RESULT,0,,
129372,https://batdongsan.vn/ban-nha-mat-pho-an-duong-vuong-110m2-x-3-tang-mat-tien-55m-o-to-tranh-r129372,Hà Nội,Tây Hồ,street_only,title,phố An Dương Vương 110m2 x 3 tầng mặt tiền 5.5m ô tô tránh,phố An Dương Vương x 5,Nominatim,"phố An Dương Vương x 5, Tây Hồ, Thành phố Hà Nội, Việt Nam",NO_RESULT,,,,UNKNOWN,UNKNOWN,False,TIER_E_NO_RESULT,0,,
182575,https://batdongsan.vn/nguyen-khang-51m-chi-79-ty-nha-depfull-noi-thatgan-bai-gui-xengo-thong-r182575,Hà Nội,Cầu Giấy,alley_or_lane,dedicated_address,"Nguyễn Khang, Yên Hòa, Cầu Giấy, Hà Nội (ngõ thông các hướng nha, đi lại tiện lợi lắm ạ!)",Nguyễn Khang Yên Hòa Cầu Giấy Hà Nội ngõ thông các hướng nha đi lại tiện lợi lắm ạ,Nominatim,"Nguyễn Khang Yên Hòa Cầu Giấy Hà Nội ngõ thông các hướng nha đi lại tiện lợi lắm ạ, Việt Nam",NO_RESULT,,,,UNKNOWN,UNKNOWN,False,TIER_E_NO_RESULT,0,,
139198,https://batdongsan.vn/ban-nha-pho-hoang-cau-khu-phan-lo-gan-ho-sinh-thai-42mx4t-gia-1295-ty-lh-0396935190-r139198,Hà Nội,Đống Đa,street_only,title,Phố Hoàng Cầu,Phố Hoàng Cầu,Nominatim,"Phố Hoàng Cầu, Đống Đa, Thành phố Hà Nội, Việt Nam",SUCCESS,21.0189698,105.8248282,"Phố Hoàng Cầu, Nam Đồng, Phường Đống Đa, Thành phố Hà Nội, 11527, Việt Nam",ADMIN_MATCH,STREET,True,TIER_B_SPATIALLY_USEFUL,5,,
136769,https://batdongsan.vn/ban-nha-dinh-cong-hoang-mai-lo-goc-o-to-qua-61m2-87-ty-r136769,Hà Nội,Hoàng Mai,street_only,title,"BÁN NHÀ ĐỊNH CÔNG, HOÀNG MAI, LÔ GÓC Ô TÔ QUA, 61M2, 8.7 TỶ",ĐỊNH CÔNG HOÀNG MAI LÔ GÓC Ô TÔ QUA,Nominatim,"ĐỊNH CÔNG HOÀNG MAI LÔ GÓC Ô TÔ QUA, Thành phố Hà Nội, Việt Nam",NO_RESULT,,,,UNKNOWN,UNKNOWN,False,TIER_E_NO_RESULT,0,,
186640,https://batdongsan.vn/sieu-pham-chinh-chu-ban-nha-lo-goc-3-thoang-mat-ho-7-tang-thang-may-pho-bo-de-long-bien-ha-noi-r186640,Hà Nội,Long Biên,street_only,title,phố Bồ Đề. Long Biên,phố Bồ Đề Long Biên,Nominatim,"phố Bồ Đề Long Biên, Thành phố Hà Nội, Việt Nam",SUCCESS,21.040102,105.86952,"BIDV, 108, Phố Bồ Đề, Ái Mộ, Phường Bồ Đề, Thành phố Hà Nội, 10245, Việt Nam",ADMIN_PARTIAL_MATCH,UNKNOWN,False,TIER_F_INVALID_OR_INCONSISTENT,1,,
181382,https://batdongsan.vn/ban-nha-2-mat-pho-quang-trung-ly-thuong-kiet-80m2-6-tang-thang-may-gia-23-ty-r181382,Hà Nội,Hà Đông,street_only,title,PHỐ – QUANG TRUNG & LÝ THƯỜNG KIỆT – 80M² – 6 TẦNG – THANG MÁY – GIÁ 23 TỶ,PHỐ QUANG TRUNG & LÝ THƯỜNG KIỆT 80M²,Nominatim,"PHỐ QUANG TRUNG & LÝ THƯỜNG KIỆT 80M², Hà Đông, Thành phố Hà Nội, Việt Nam",NO_RESULT,,,,UNKNOWN,UNKNOWN,False,TIER_E_NO_RESULT,0,,
175154,https://batdongsan.vn/ban-nha-bach-mai-hai-ba-trung-4-tang-thang-may-full-noi-that-dep-gan-pho-50m-105-ty-r175154,Hà Nội,Hai Bà Trưng,street_only,title,PHỐ 50M 10,PHỐ 10,Nominatim,"PHỐ 10, Hai Bà Trưng, Thành phố Hà Nội, Việt Nam",SUCCESS,21.0184608,105.8481409,"Tập đoàn VPS, 10, Phố Hồ Xuân Hương, Phường Hai Bà Trưng, Thành phố Hà Nội, 11626, Việt Nam",ADMIN_MATCH,UNKNOWN,False,TIER_D_ADMIN_ONLY,5,,
85293,https://batdongsan.vn/ban-nha-dat-dich-vu-kdt-van-khe-o-to-vao-nha-50m2-5-tang-thiet-ke-hop-ly-nhinh-8-ty-r255458,Hà Nội,Hà Đông,project_or_residential_area,title,"Bán nhà đất dịch vụ KĐT Văn Khê, ô tô vào nhà, 50m2, 5 tầng, thiết kế hợp lý, nhỉnh 8 tỷ",dịch vụ KĐT Văn Khê thiết kế hợp lý,Nominatim,"dịch vụ KĐT Văn Khê thiết kế hợp lý, Hà Đông, Thành phố Hà Nội, Việt Nam",NO_RESULT,,,,UNKNOWN,UNKNOWN,False,TIER_E_NO_RESULT,0,,
81751,https://batdongsan.vn/ban-nha-mat-pho-to-huu-le-trong-tan-60m2-4-tango-to-kinh-doanh-chi-12-ty-cuc-chat-r251902,Hà Nội,Hà Đông,street_only,title,PHỐ TỐ HỮU,PHỐ TỐ HỮU,Nominatim,"PHỐ TỐ HỮU, Hà Đông, Thành phố Hà Nội, Việt Nam",SUCCESS,20.9838752,105.772669,"Phố Tố Hữu, Vạn Phúc, Phường Hà Đông, Thành phố Hà Nội, 10070, Việt Nam",ADMIN_MATCH,STREET,True,TIER_B_SPATIALLY_USEFUL,3,,
110349,https://batdongsan.vn/ban-nha-dam-quang-trung-long-bien-40m2-6-tang-62-ty-thang-may-gara-oto-7-cho-r280543,Hà Nội,Long Biên,unclear,title,"Bán nhà Đàm Quang trung Long Biên 40m2 _ 6 tầng _ 6,2 tỷ thang máy GARa ôtô 7 chỗ",Đàm Quang trung Long Biên,Nominatim,"Đàm Quang trung Long Biên, Thành phố Hà Nội, Việt Nam",SUCCESS,21.023341,105.8955504,"Ngõ 48 Phố Đàm Quang Trung, Nha, Phường Long Biên, Thành phố Hà Nội, 11814, Việt Nam",ADMIN_MATCH,STREET,True,TIER_B_SPATIALLY_USEFUL,5,,
145802,https://batdongsan.vn/hiem-chinh-chu-gui-ban-nha-tai-pho-chua-quynh-155-ty-60m2-6-t-mt-5m-gan-bach-mai-minh-khaihbt-r145802,Hà Nội,Hai Bà Trưng,street_only,title,Phố Chùa Quỳnh 15,Phố Chùa Quỳnh 15,Nominatim,"Phố Chùa Quỳnh 15, Hai Bà Trưng, Thành phố Hà Nội, Việt Nam",NO_RESULT,,,,UNKNOWN,UNKNOWN,False,TIER_E_NO_RESULT,0,,
124430,https://batdongsan.vn/ban-toa-van-phong-9-tang-mat-pho-ton-duc-thangvi-tri-lo-gocdt-110m2-gia-70-ty-r124430,Hà Nội,Đống Đa,street_only,title,Phố Tôn Đức Thắng.Vị Trí Lô Góc.DT 110m2. Giá 70 TỶ,Phố Tôn Đức Thắng Vị Trí Lô Góc,Nominatim,"Phố Tôn Đức Thắng Vị Trí Lô Góc, Đống Đa, Thành phố Hà Nội, Việt Nam",NO_RESULT,,,,UNKNOWN,UNKNOWN,False,TIER_E_NO_RESULT,0,,
135873,https://batdongsan.vn/duong-hoang-mai-quan-hoang-mai-gia-binh-dan-cho-nguoi-thu-nhap-thap-r135873,Hà Nội,Quận Hoàng Mai,street_only,title,Đường Hoàng Mai- Quận Hoàng Mai- Giá bình dân cho người thu nhập thấp,Đường Hoàng Mai Quận Hoàng Mai Giá bình dân cho người thu nhập thấp,Nominatim,"Đường Hoàng Mai Quận Hoàng Mai Giá bình dân cho người thu nhập thấp, Thành phố Hà Nội, Việt Nam",NO_RESULT,,,,UNKNOWN,UNKNOWN,False,TIER_E_NO_RESULT,0,,
106387,https://batdongsan.vn/ban-nha-duong-quan-nhan-nhan-chinh-quan-thanh-xuan-4t-mt4m-kinh-doanh-dinh-o-to-qua-nhinh-4-ty-r276581,Hà Nội,Thanh Xuân,street_only,title,ĐƯỜNG QUAN NHÂN,ĐƯỜNG QUAN NHÂN,Nominatim,"ĐƯỜNG QUAN NHÂN, Thanh Xuân, Thành phố Hà Nội, Việt Nam",SUCCESS,21.0066239,105.8071455,"BIDV, Đường Lê Văn Lương, Quan Nhân, Kẻ Mọc (Nhân Mục), Phường Thanh Xuân, Thành phố Hà Nội, 11417, Việt Nam",ADMIN_MATCH,UNKNOWN,False,TIER_D_ADMIN_ONLY,1,,
157927,https://batdongsan.vn/nha-moi-dep-ve-o-luon-o-to-morning-do-cua-ngo-thong-so-vuong-dep-nhinh-3-ty-r157927,Hà Nội,Long Biên,alley_or_lane,title,NGÕ THÔNG – SỔ VUÔNG ĐẸP,NGÕ THÔNG SỔ VUÔNG ĐẸP,Nominatim,"NGÕ THÔNG SỔ VUÔNG ĐẸP, Long Biên, Thành phố Hà Nội, Việt Nam",NO_RESULT,,,,UNKNOWN,UNKNOWN,False,TIER_E_NO_RESULT,0,,
130114,https://batdongsan.vn/nha-tay-ho-50m2-x-mat-tien-35m-phan-lo-o-to-tranh-r130114,Hà Nội,Tây Hồ,street_only,title,mặt tiền 3.5M - Phân lô - Ô tô tránh.,3,Nominatim,"3, Tây Hồ, Thành phố Hà Nội, Việt Nam",SUCCESS,21.0700866,105.8229309,"SNOW BEACH CAFE, 3, Phố Quảng Bá, Quảng Bá, Phường Tây Hồ, Thành phố Hà Nội, 11214, Việt Nam",ADMIN_MATCH,UNKNOWN,False,TIER_D_ADMIN_ONLY,1,,
101340,https://batdongsan.vn/hoang-cau-dong-da-via-he-thang-may-oto-kinh-doanh-68m-6tang-mt-45m-26-ty-0974014486-r271523,Hà Nội,Đống Đa,unclear,title,"Hoàng Cầu, Đống Đa, Vỉa Hè, Thang Máy, ÔTô, Kinh Doanh, 68m, 6Tầng, MT 4.5m, 26 Tỷ, 0974014486",Hoàng Cầu Đống Đa Vỉa Hè ÔTô MT 4 0974014486,Nominatim,"Hoàng Cầu Đống Đa Vỉa Hè ÔTô MT 4 0974014486, Thành phố Hà Nội, Việt Nam",NO_RESULT,,,,UNKNOWN,UNKNOWN,False,TIER_E_NO_RESULT,0,,
161260,https://batdongsan.vn/nha-moi-dong-co-thuy-khue-thang-may-dt-38m2-6-tang-mat-tien-62m-gia-115-ty-r161260,Hà Nội,Tây Hồ,street_only,title,mặt tiền 6.2m Giá 11.5 tỷ,6,Nominatim,"6, Tây Hồ, Thành phố Hà Nội, Việt Nam",SUCCESS,21.0648328,105.8257779,"Trường Tiểu học Quảng An, 6, Ngõ 6 Đặng Thai Mai, Tây Hồ, Phường Tây Hồ, Thành phố Hà Nội, 11214, Việt Nam",ADMIN_MATCH,UNKNOWN,False,TIER_D_ADMIN_ONLY,3,,
149363,https://batdongsan.vn/cuc-pham-nha-moi-o-to-do-cua-khu-tong-cuc-lai-xa-dien-tich-30m2-tong-5-phong-ngu-gia-61-ty-r149363,Hà Nội,Hoài Đức,unclear,title,"Cực phẩm! Nhà mới ô tô đỗ cửa khu tổng cục Lai Xá, diện tích 30m2, tổng 5 phòng ngủ, giá 6.1 tỷ",khu tổng cục Lai Xá diện tích tổng 5 phòng ngủ,Nominatim,"khu tổng cục Lai Xá diện tích tổng 5 phòng ngủ, Hoài Đức, Thành phố Hà Nội, Việt Nam",NO_RESULT,,,,UNKNOWN,UNKNOWN,False,TIER_E_NO_RESULT,0,,
121153,https://batdongsan.vn/ban-nha-rieng-yen-be-kim-chung-120m-den-truong-thpt-hoai-duc-a-oto-do-cua-nha-o-ngay-r121153,Hà Nội,Hoài Đức,street_only,dedicated_address,"Nhà nằm ngay mặt đường trục chính Yên Bệ, Kim Chung",Nhà nằm ngay mặt đường trục chính Yên Bệ Kim Chung,Nominatim,"Nhà nằm ngay mặt đường trục chính Yên Bệ Kim Chung, Hoài Đức, Thành phố Hà Nội, Việt Nam",NO_RESULT,,,,UNKNOWN,UNKNOWN,False,TIER_E_NO_RESULT,0,,
135308,https://batdongsan.vn/ban-can-ho-tap-the-tang-1-nhan-hoa-vu-trong-phung-o-to-kd-72m-3pn-4-ty-hon-r135308,Hà Nội,Thanh Xuân,project_or_residential_area,title,"Bán Căn Hộ Tập Thể Tầng 1 Nhân Hoà, Vũ Trọng Phụng, Ô Tô, KD 72m 3PN 4 Tỷ Hơn.",Tập Thể Tầng 1 Nhân Hoà Vũ Trọng Phụng Ô Tô KD,Nominatim,"Tập Thể Tầng 1 Nhân Hoà Vũ Trọng Phụng Ô Tô KD, Thanh Xuân, Thành phố Hà Nội, Việt Nam",NO_RESULT,,,,UNKNOWN,UNKNOWN,False,TIER_E_NO_RESULT,0,,
86397,https://batdongsan.vn/sieu-pham-van-quan-32m5t-nhinh-4-ty-nha-da-di-nang-r256565,Hà Nội,Hà Đông,unclear,title,"SIÊU PHẨM Văn Quán 32m*5t nhỉnh 4 tỷ, nhà đa di năng",Văn Quán *5t nhà đa di năng,Nominatim,"Văn Quán *5t nhà đa di năng, Hà Đông, Thành phố Hà Nội, Việt Nam",NO_RESULT,,,,UNKNOWN,UNKNOWN,False,TIER_E_NO_RESULT,0,,
117411,https://batdongsan.vn/building-co-nho-doc-ngu-120m2-7-tang-59-ty-r117411,Hà Nội,Ba Đình,unclear,title,Building cỡ nhỏ – Đốc Ngữ - 120m2 – 7 tầng – 59 tỷ,Building cỡ nhỏ Đốc Ngữ,Nominatim,"Building cỡ nhỏ Đốc Ngữ, Ba Đình, Thành phố Hà Nội, Việt Nam",NO_RESULT,,,,UNKNOWN,UNKNOWN,False,TIER_E_NO_RESULT,0,,
196298,https://batdongsan.vn/nha-ho-tung-mauhang-xom-vinhomescach-oto-chi-30mdt38m2x5mt45m8ty-r196298,Hà Nội,Nam Từ Liêm,street_only,title,"NHÀ HỒ TÙNG MẬU,HÀNG XÓM VINHOMES,CÁCH OTO CHỈ 30M,DT:38M2x5,MT:4.5M,8TY",NHÀ HỒ TÙNG MẬU HÀNG XÓM VINHOMES CÁCH OTO CHỈ DT 38M2x5 MT 4 8TY,Nominatim,"NHÀ HỒ TÙNG MẬU HÀNG XÓM VINHOMES CÁCH OTO CHỈ DT 38M2x5 MT 4 8TY, Nam Từ Liêm, Thành phố Hà Nội, Việt Nam",NO_RESULT,,,,UNKNOWN,UNKNOWN,False,TIER_E_NO_RESULT,0,,
182640,https://batdongsan.vn/ban-nha-6-tang-thang-may-truc-chinh-kinh-doanh-lo-goc-oto-kinh-doanh-gia-hon-8-ty-r182640,Hà Nội,Hoài Đức,unclear,title,"Bán nhà 6 tầng thang máy, trục chính kinh doanh, lô góc oto kinh doanh, giá hơn 8 tỷ.",trục chính lô góc oto giá hơn,Nominatim,"trục chính lô góc oto giá hơn, Hoài Đức, Thành phố Hà Nội, Việt Nam",NO_RESULT,,,,UNKNOWN,UNKNOWN,False,TIER_E_NO_RESULT,0,,
163341,https://batdongsan.vn/ban-nha-phan-lo-63m2-hai-mat-tien-hon-6m-cau-giay-5-tang-gia-chi-18-ty-r163341,Hà Nội,Cầu Giấy,street_only,title,MẶT TIỀN hơn 6m CẦU GIẤY  5 TẦNG  GIÁ CHỈ 18 TỶ,hơn CẦU GIẤY,Nominatim,"hơn CẦU GIẤY, Thành phố Hà Nội, Việt Nam",NO_RESULT,,,,UNKNOWN,UNKNOWN,False,TIER_E_NO_RESULT,0,,
109964,https://batdongsan.vn/ban-nha-dai-mo-nam-tu-liem-mat-tien-4m-duong-nhua-oto-do-cua-5-tang-full-noi-thatdien-tich-35m-chi-hon-4-ty-r280158,Hà Nội,Nam Từ Liêm,house_number_and_street,title,MẶT TIỀN 4m ĐƯỜNG NHỰA,ĐƯỜNG NHỰA,Nominatim,"ĐƯỜNG NHỰA, Nam Từ Liêm, Thành phố Hà Nội, Việt Nam",NO_RESULT,,,,UNKNOWN,UNKNOWN,False,TIER_E_NO_RESULT,0,,
123442,https://batdongsan.vn/can-ban-gap-nha-mat-pho-hue-hoan-kiem-hn-sdcc-dt-40m2-gia-38-ty-r123442,Hà Nội,Hai Bà Trưng,street_only,title,phố Huế,phố Huế,Nominatim,"phố Huế, Hai Bà Trưng, Thành phố Hà Nội, Việt Nam",SUCCESS,21.0111426,105.851594,"Phố Huế, Thịnh Yên, Phường Hai Bà Trưng, Thành phố Hà Nội, 11626, Việt Nam",ADMIN_MATCH,STREET,True,TIER_B_SPATIALLY_USEFUL,3,,
183577,https://batdongsan.vn/ban-nha-gia-quat-long-bien-moi-tinh-oto-do-30m-nhinh5-tytl-r183577,Hà Nội,Long Biên,street_only,title,"BÁN NHÀ GIA QUẤT LONG BIÊN, MỚI TINH-OTO ĐỖ-30M-NHỈNH5 TỶ(TL)",GIA QUẤT LONG BIÊN MỚI TINH OTO ĐỖ,Nominatim,"GIA QUẤT LONG BIÊN MỚI TINH OTO ĐỖ, Thành phố Hà Nội, Việt Nam",NO_RESULT,,,,UNKNOWN,UNKNOWN,False,TIER_E_NO_RESULT,0,,
92670,https://batdongsan.vn/chuyen-la-khuat-duy-tien-o-to-tranh-tang-noi-that-gia-35ty-r262845,Hà Nội,Thanh Xuân,street_only,description,CHUYỆN LẠ! Khuất Duy Tiến _ Ô tô Tránh_ tặng Nội thất_ giá 3.5tỷ.,CHUYỆN LẠ Khuất Duy Tiến tặng Nội thất,Nominatim,"CHUYỆN LẠ Khuất Duy Tiến tặng Nội thất, Thanh Xuân, Thành phố Hà Nội, Việt Nam",NO_RESULT,,,,UNKNOWN,UNKNOWN,False,TIER_E_NO_RESULT,0,,
142119,https://batdongsan.vn/ban-nha-ha-dinh-gia-72-ty-dien-tich-35m2-5-tang-mat-tien-5m-r142119,Hà Nội,Thanh Xuân,street_only,title,mặt tiền 5m,,Nominatim,"Thanh Xuân, Thành phố Hà Nội, Việt Nam",SUCCESS,20.9983575,105.8042396,"Phường Thanh Xuân, Thành phố Hà Nội, 11417, Việt Nam",ADMIN_MATCH,WARD,True,TIER_B_SPATIALLY_USEFUL,2,,
124771,https://batdongsan.vn/can-ban-nhanh-nha-ngoc-thuy-long-bien-40m2-6-tang-thang-may-3pn-full-noi-that-gia-tot-r124771,Hà Nội,Long Biên,unclear,title,"Cần Bán Nhanh! Nhà Ngọc Thụy Long Biên, 40m², 6 Tầng, Thang máy, 3PN, Full nội thất, giá tốt!",Cần Bán Nhanh Nhà Ngọc Thụy Long Biên 40m² giá tốt,Nominatim,"Cần Bán Nhanh Nhà Ngọc Thụy Long Biên 40m² giá tốt, Thành phố Hà Nội, Việt Nam",NO_RESULT,,,,UNKNOWN,UNKNOWN,False,TIER_E_NO_RESULT,0,,
152507,https://batdongsan.vn/toa-nha-mat-pho-nguyen-hong-lo-goc-110m2-mt-9m-thang-may-dong-tien-3-tynam-105-ty-r152507,Hà Nội,Đống Đa,street_only,title,PHỐ NGUYÊN HỒNG – LÔ GÓC 110M² – MT 9M – THANG MÁY – DÒNG TIỀN 3 TỶ/NĂM – 105 TỶ,PHỐ NGUYÊN HỒNG LÔ GÓC 110M² MT DÒNG TIỀN,Nominatim,"PHỐ NGUYÊN HỒNG LÔ GÓC 110M² MT DÒNG TIỀN, Đống Đa, Thành phố Hà Nội, Việt Nam",NO_RESULT,,,,UNKNOWN,UNKNOWN,False,TIER_E_NO_RESULT,0,,
135116,https://batdongsan.vn/ban-nha-duong-trieu-khuc-63m2-6-tang-4mt-7-ty-6-o-to-do-cua-r135116,Hà Nội,Thanh Trì,street_only,title,ĐƯỜNG TRIỀU KHÚC,ĐƯỜNG TRIỀU KHÚC,Nominatim,"ĐƯỜNG TRIỀU KHÚC, Thanh Trì, Thành phố Hà Nội, Việt Nam",NO_RESULT,,,,UNKNOWN,UNKNOWN,False,TIER_E_NO_RESULT,0,,
127424,https://batdongsan.vn/ban-nha-bui-ngoc-duong-hai-ba-trung-lo-goc-kinh-doanh-2-thoang-o-to-tai-do-cua-gia-47-ty-r127424,Hà Nội,Hai Bà Trưng,street_only,title,"BÁN NHÀ BÙI NGỌC DƯƠNG HAI BÀ TRƯNG LÔ GÓC KINH DOANH 2 THOÁNG  Ô TÔ TẢI ĐỖ CỬA GIÁ 4,7 TỶ",BÙI NGỌC DƯƠNG HAI BÀ TRƯNG LÔ GÓC 2 THOÁNG Ô TÔ TẢI ĐỖ CỬA,Nominatim,"BÙI NGỌC DƯƠNG HAI BÀ TRƯNG LÔ GÓC 2 THOÁNG Ô TÔ TẢI ĐỖ CỬA, Thành phố Hà Nội, Việt Nam",NO_RESULT,,,,UNKNOWN,UNKNOWN,False,TIER_E_NO_RESULT,0,,
179082,https://batdongsan.vn/nha-moi-kinh-kong-oto-do-cua-san-choi-rong-thoang-r179082,Hà Nội,Bắc Từ Liêm,street_only,title,NHÀ MỚI KÍNH KONG - OTO ĐỖ CỬA - SÂN CHƠI RỘNG THOÁNG,KÍNH KONG OTO ĐỖ CỬA SÂN CHƠI RỘNG THOÁNG,Nominatim,"KÍNH KONG OTO ĐỖ CỬA SÂN CHƠI RỘNG THOÁNG, Bắc Từ Liêm, Thành phố Hà Nội, Việt Nam",NO_RESULT,,,,UNKNOWN,UNKNOWN,False,TIER_E_NO_RESULT,0,,
189975,https://batdongsan.vn/mat-tien-sang-3-o-to-tranh-lacasta-van-phu-kinh-doanh-sieu-loi-nhuan-r189975,Hà Nội,Hà Đông,street_only,title,MẶT TIỀN SÁNG – 3 Ô TÔ TRÁNH – LACASTA VĂN PHÚ – KINH DOANH SIÊU LỢI NHUẬN,SÁNG 3 LACASTA VĂN PHÚ SIÊU LỢI NHUẬN,Nominatim,"SÁNG 3 LACASTA VĂN PHÚ SIÊU LỢI NHUẬN, Hà Đông, Thành phố Hà Nội, Việt Nam",NO_RESULT,,,,UNKNOWN,UNKNOWN,False,TIER_E_NO_RESULT,0,,
123897,https://batdongsan.vn/ban-nha-tap-the-trung-tam-dong-da-ngo-1194-duong-lang-r123897,Hà Nội,Đống Đa,street_only,dedicated_address,"Nhà ở vị trí cực đẹp, ô tô đỗ ngay chân tòa nhà, giao thông thuận tiện, gần nhiều trường đại học danh tiếng, tiện ích đầy đủ, an ninh đảm bảo",Nhà ở vị trí cực đẹp ô tô đỗ ngay chân tòa nhà giao thông thuận tiện gần nhiều trường đại học danh tiếng tiện ích đầy đủ an ninh đảm bảo,Nominatim,"Nhà ở vị trí cực đẹp ô tô đỗ ngay chân tòa nhà giao thông thuận tiện gần nhiều trường đại học danh tiếng tiện ích đầy đủ an ninh đảm bảo, Đống Đa, Thành phố Hà Nội, Việt Nam",NO_RESULT,,,,UNKNOWN,UNKNOWN,False,TIER_E_NO_RESULT,0,,
131936,https://batdongsan.vn/lo-goc-duong-quang-ham-cau-giay-52m2-x-5t-mt-4m-16-ty-o-to-vao-nha-r131936,Hà Nội,Cầu Giấy,street_only,title,LÔ GÓC DƯƠNG QUẢNG HÀM - CẦU GIẤY - 52M2 x 5T - MT 4M - 16 TỶ - Ô TÔ VÀO NHÀ,LÔ GÓC DƯƠNG QUẢNG HÀM CẦU GIẤY x 5T MT,Nominatim,"LÔ GÓC DƯƠNG QUẢNG HÀM CẦU GIẤY x 5T MT, Thành phố Hà Nội, Việt Nam",NO_RESULT,,,,UNKNOWN,UNKNOWN,False,TIER_E_NO_RESULT,0,,
167782,https://batdongsan.vn/ban-nha-xuan-thuy-cau-giay-ngo-thong-o-to-57m2-5-tang-mt-4m-chi-156-ty-r167782,Hà Nội,Cầu Giấy,alley_or_lane,dedicated_address,"Ngõ đẹp, phố Xuân Thủy, Cầu Giấy, Hà Nội",Ngõ đẹp phố Xuân Thủy Cầu Giấy Hà Nội,Nominatim,"Ngõ đẹp phố Xuân Thủy Cầu Giấy Hà Nội, Việt Nam",NO_RESULT,,,,UNKNOWN,UNKNOWN,False,TIER_E_NO_RESULT,0,,
143240,https://batdongsan.vn/ban-nha-phuong-mai-36m2-5-tang-nha-dep-vuong-khi-phong-thoang-sang-nhinh-6-ty-r143240,Hà Nội,Đống Đa,street_only,title,"Bán Nhà PHƯƠNG MAI, 36m², 5 Tầng, Nhà Đẹp, Vượng Khí, Phòng Thoáng Sáng, Nhỉnh 6 Tỷ",PHƯƠNG MAI 36m² Vượng Khí Phòng Thoáng Sáng,Nominatim,"PHƯƠNG MAI 36m² Vượng Khí Phòng Thoáng Sáng, Đống Đa, Thành phố Hà Nội, Việt Nam",NO_RESULT,,,,UNKNOWN,UNKNOWN,False,TIER_E_NO_RESULT,0,,
175583,https://batdongsan.vn/ban-nha-5-tang-40m2-bui-xuong-trach-thanh-xuan-8-ty-so-do-hoac-nha-5-tang-40m2-vi-tri-r175583,Hà Nội,Thanh Xuân,alley_or_lane,dedicated_address,"Mặt tiền Hẻm Định Công Thượng, Định Công, Hoàng Mai, Hà Nội",Hẻm Định Công Thượng Định Công Hoàng Mai Hà Nội,Nominatim,"Hẻm Định Công Thượng Định Công Hoàng Mai Hà Nội, Thanh Xuân, Việt Nam",NO_RESULT,,,,UNKNOWN,UNKNOWN,False,TIER_E_NO_RESULT,0,,
184549,https://batdongsan.vn/ban-nha-mat-pho-dai-linh-hiem-trong-phan-khuc-248-ty-oto-kinh-doanh-via-he-r184549,Hà Nội,Nam Từ Liêm,street_only,title,PHỐ ĐẠI LINH - HIẾM TRONG PHÂN KHÚC - 24.8 Tỷ - OTO - KINH DOANH - VỈA HÈ,PHỐ ĐẠI LINH TRONG PHÂN KHÚC,Nominatim,"PHỐ ĐẠI LINH TRONG PHÂN KHÚC, Nam Từ Liêm, Thành phố Hà Nội, Việt Nam",NO_RESULT,,,,UNKNOWN,UNKNOWN,False,TIER_E_NO_RESULT,0,,
130980,https://batdongsan.vn/ban-nha-mat-ngo-663-truong-dinh-ngo-thong-o-to-kinh-doanh-r130980,Hà Nội,Hoàng Mai,alley_or_lane,title,NGÕ 663 TRƯƠNG ĐỊNH - NGÕ THÔNG  Ô TÔ KINH DOANH,NGÕ 663 TRƯƠNG ĐỊNH NGÕ THÔNG Ô TÔ,Nominatim,"NGÕ 663 TRƯƠNG ĐỊNH NGÕ THÔNG Ô TÔ, Hoàng Mai, Thành phố Hà Nội, Việt Nam",NO_RESULT,,,,UNKNOWN,UNKNOWN,False,TIER_E_NO_RESULT,0,,
88597,https://batdongsan.vn/ban-nha-nguyen-van-tuyeto-to-kinh-doanh-ngo-thong-ra-pho-10m-mat-tien-cuc-rong-17ty130m2-r258767,Hà Nội,Đống Đa,alley_or_lane,title,NGÕ THÔNG-RA PHỐ 10M-MẶT TIỀN CỰC RỘNG-17TỶ/130M2,NGÕ THÔNG RA PHỐ CỰC RỘNG,Nominatim,"NGÕ THÔNG RA PHỐ CỰC RỘNG, Đống Đa, Thành phố Hà Nội, Việt Nam",NO_RESULT,,,,UNKNOWN,UNKNOWN,False,TIER_E_NO_RESULT,0,,
188501,https://batdongsan.vn/phan-lo-can-bo-be-van-dan-ha-dong-ngo-to-nhu-pho-o-to-do-cua-45m2-hon-13-ty-r188501,Hà Nội,Hà Đông,alley_or_lane,title,ngõ to như phố,ngõ to như phố,Nominatim,"ngõ to như phố, Hà Đông, Thành phố Hà Nội, Việt Nam",NO_RESULT,,,,UNKNOWN,UNKNOWN,False,TIER_E_NO_RESULT,0,,
161328,https://batdongsan.vn/ban-nha-thuong-thanh-45m-chi-59-ti-r161328,Hà Nội,Long Biên,street_only,title,"BÁN NHÀ THƯỢNG THANH 45M CHỈ 5,9 TỈ",THƯỢNG THANH,Nominatim,"THƯỢNG THANH, Long Biên, Thành phố Hà Nội, Việt Nam",SUCCESS,21.0591071,105.8896374,"Trường Tiểu học Thuợng Thanh, Ngõ 27 Phố Đức Giang, Phường Việt Hưng, Thành phố Hà Nội, 91109, Việt Nam",ADMIN_PARTIAL_MATCH,UNKNOWN,False,TIER_F_INVALID_OR_INCONSISTENT,1,,
80511,https://batdongsan.vn/ban-nha-mat-pho-tan-mai-truong-dinh-kd-ac-liet-o-to-tranh-64m-mt-5m-735-ty-0976600386-r250659,Hà Nội,Hoàng Mai,street_only,title,PHỐ TÂN MAI,PHỐ TÂN MAI,Nominatim,"PHỐ TÂN MAI, Hoàng Mai, Thành phố Hà Nội, Việt Nam",SUCCESS,20.981907,105.8498755,"Phố Tân Mai, Giáp Lục, Kẻ Sét, Phường Hoàng Mai, Thành phố Hà Nội, 11720, Việt Nam",ADMIN_MATCH,STREET,True,TIER_B_SPATIALLY_USEFUL,4,,
185318,https://batdongsan.vn/hot-ngo-quyen-ha-dong-75m-nhinh-15-ty-lo-goc-oto-do-cua-nha-dan-xay-biet-thu-an-sinh-dinh-r185318,Hà Nội,Hà Đông,project_or_residential_area,dedicated_address,"cạnh học viện trính trị ,kđt văn khê ,bạt ngàn",cạnh học viện trính trị kđt văn khê bạt ngàn,Nominatim,"cạnh học viện trính trị kđt văn khê bạt ngàn, Hà Đông, Thành phố Hà Nội, Việt Nam",NO_RESULT,,,,UNKNOWN,UNKNOWN,False,TIER_E_NO_RESULT,0,,
153088,https://batdongsan.vn/mat-pho-sieu-chathiemvi-tri-doc-tonba-mat-thoang120m29t137-ty-r153088,Hà Nội,Tây Hồ,street_only,title,PHỐ SIÊU CHẤT,PHỐ SIÊU CHẤT,Nominatim,"PHỐ SIÊU CHẤT, Tây Hồ, Thành phố Hà Nội, Việt Nam",NO_RESULT,,,,UNKNOWN,UNKNOWN,False,TIER_E_NO_RESULT,0,,
184850,https://batdongsan.vn/trung-tam-cau-giay-5-tang-dan-xay-ngo-thong-tu-tung-o-to-tranh-5-tang-30m2-72-ty-r184850,Hà Nội,Cầu Giấy,alley_or_lane,title,NGÕ THÔNG TỨ TUNG- Ô TÔ TRÁNH _ 5 TẦNG – 30M2 – 7,7,Nominatim,"7, Cầu Giấy, Thành phố Hà Nội, Việt Nam",SUCCESS,21.0273542,105.7847284,"Tòa nhà Hội Liên hiệp Phụ nữ thành phố Hà Nội, 7, Phố Tôn Thất Thuyết, Kẻ Vòng (Dịch Vọng), Phường Cầu Giấy, Thành phố Hà Nội, 10192, Việt Nam",ADMIN_MATCH,LANDMARK,True,TIER_B_SPATIALLY_USEFUL,3,,
177201,https://batdongsan.vn/nha-7-tang-thang-may-xuan-la-chdv-mini-242-ty-r177201,Hà Nội,Tây Hồ,street_only,title,NHÀ 7 TẦNG THANG MÁY – XUÂN LA – CHDV MINI – 24.2 TỶ,NHÀ XUÂN LA CHDV MINI,Nominatim,"NHÀ XUÂN LA CHDV MINI, Tây Hồ, Thành phố Hà Nội, Việt Nam",NO_RESULT,,,,UNKNOWN,UNKNOWN,False,TIER_E_NO_RESULT,0,,
163157,https://batdongsan.vn/ban-toa-can-ho-vip-nhat-quan-tay-ho-thang-may-22-phong-khep-kin-sat-pho-dong-tien-15-tynam-r163157,Hà Nội,Quận Tây Hồ,project_or_residential_area,description,"BÁN TÒA CĂN HỘ VIP NHẤT QUẬN TÂY HỒ, THANG MÁY, 22 PHÒNG KHÉP KÍN, SÁT PHỐ, DÒNG TIỀN 1,5 TỶ/NĂM,",BÁN TÒA CĂN HỘ VIP NHẤT QUẬN TÂY HỒ 22 PHÒNG KHÉP KÍN SÁT PHỐ DÒNG TIỀN,Nominatim,"BÁN TÒA CĂN HỘ VIP NHẤT QUẬN TÂY HỒ 22 PHÒNG KHÉP KÍN SÁT PHỐ DÒNG TIỀN, Thành phố Hà Nội, Việt Nam",NO_RESULT,,,,UNKNOWN,UNKNOWN,False,TIER_E_NO_RESULT,0,,
90201,https://batdongsan.vn/ban-nha-vi-tri-dep-r260373,Hà Nội,Đống Đa,unclear,title,bán nhà vị trí đẹp,vị trí đẹp,Nominatim,"vị trí đẹp, Đống Đa, Thành phố Hà Nội, Việt Nam",NO_RESULT,,,,UNKNOWN,UNKNOWN,False,TIER_E_NO_RESULT,0,,
116538,https://batdongsan.vn/duong-lang-dong-da55m2-5-tang-long-lay-o-to-tranh-kinh-doanh-dinh-cao-gia-16-ty-r116538,Hà Nội,Đống Đa,street_only,title,ĐƯỜNG LÁNG,ĐƯỜNG LÁNG,Nominatim,"ĐƯỜNG LÁNG, Đống Đa, Thành phố Hà Nội, Việt Nam",SUCCESS,21.0064769,105.8162687,"Đường Láng, Thịnh Quang, Phường Đống Đa, Thành phố Hà Nội, 11527, Việt Nam",ADMIN_MATCH,STREET,True,TIER_B_SPATIALLY_USEFUL,1,,
166886,https://batdongsan.vn/ban-nha-mat-pho-phuong-mai-dong-da-65m2-5-tang-so-do-r166886,Hà Nội,Đống Đa,street_only,title,phố Phương Mai,phố Phương Mai,Nominatim,"phố Phương Mai, Đống Đa, Thành phố Hà Nội, Việt Nam",SUCCESS,21.0040035,105.8386709,"BIDV, 15A, Phố Phương Mai, Phường Kim Liên, Thành phố Hà Nội, 11520, Việt Nam",ADMIN_PARTIAL_MATCH,UNKNOWN,False,TIER_F_INVALID_OR_INCONSISTENT,1,,
187443,https://batdongsan.vn/ban-nha-mat-duong-tran-vy-cau-giay-vi-tri-dat-gia-kinh-doanh-dinh-dt-172m2-895-ty-r187443,Hà Nội,Cầu Giấy,street_only,title,ĐƯỜNG TRẦN VỸ CẦU GIẤY - VỊ TRÍ ĐẮT GIÁ KINH DOANH ĐỈNH,ĐƯỜNG TRẦN VỸ CẦU GIẤY VỊ TRÍ ĐẮT GIÁ ĐỈNH,Nominatim,"ĐƯỜNG TRẦN VỸ CẦU GIẤY VỊ TRÍ ĐẮT GIÁ ĐỈNH, Thành phố Hà Nội, Việt Nam",NO_RESULT,,,,UNKNOWN,UNKNOWN,False,TIER_E_NO_RESULT,0,,
131353,https://batdongsan.vn/ban-nha-dai-tu-hoang-mai-gan-o-to-tranh-ngach-ba-gac-dtsd-40m2-715-ty-khu-hiem-it-nha-ban-r131353,Hà Nội,Hoàng Mai,alley_or_lane,title,"Bán nhà Đại Từ, Hoàng Mai, gần ô tô tránh, ngách ba gác, DTSD 40m2, 7.15 tỷ. Khu hiếm ít nhà bán",Đại Từ Hoàng Mai gần ngách ba gác DTSD,Nominatim,"Đại Từ Hoàng Mai gần ngách ba gác DTSD, Thành phố Hà Nội, Việt Nam",NO_RESULT,,,,UNKNOWN,UNKNOWN,False,TIER_E_NO_RESULT,0,,
153425,https://batdongsan.vn/ban-nha-hoang-van-thai-thanh-xuan-duy-nhat-1-can-6-tang-thang-may-7-ty800tr-4pn-ngo-thong-gan-o-to-r153425,Hà Nội,Thanh Xuân,alley_or_lane,title,NGÕ THÔNG,NGÕ THÔNG,Nominatim,"NGÕ THÔNG, Thanh Xuân, Thành phố Hà Nội, Việt Nam",SUCCESS,21.0149423,105.8966579,"Ngách 120 Ngõ Thống Nhất, Trung Thôn, Thống Nhất, Phường Long Biên, Thành phố Hà Nội, 08443, Việt Nam",ADMIN_PARTIAL_MATCH,STREET,False,TIER_F_INVALID_OR_INCONSISTENT,5,,
186541,https://batdongsan.vn/ban-nha-dep-thuong-thanh-long-bienmoi-tinh-full-noi-that-35m-nhinh-6-tytl-r186541,Hà Nội,Long Biên,street_only,title,"BÁN NHÀ ĐẸP THƯỢNG THANH LONG BIÊN,MỚI TINH-FULL NỘI THẤT-35M NHỈNH 6 TỶ(TL)",ĐẸP THƯỢNG THANH LONG BIÊN MỚI TINH,Nominatim,"ĐẸP THƯỢNG THANH LONG BIÊN MỚI TINH, Thành phố Hà Nội, Việt Nam",NO_RESULT,,,,UNKNOWN,UNKNOWN,False,TIER_E_NO_RESULT,0,,
155793,https://batdongsan.vn/chinh-chu-can-ban-gap-nha-dep-tai-hoang-mai-minh-khai-hai-ba-trung-ha-noi-8-x-ty-50-m2-r155793,Hà Nội,Hai Bà Trưng,unclear,title,"Chính chủ cần bán gấp nhà đẹp tại Hoàng Mai, Minh Khai, Hai Bà Trưng, Hà Nội, 8, x tỷ, 50 m2",cần bán gấp tại Hoàng Mai Minh Khai Hai Bà Trưng Hà Nội 8 x tỷ 50 m2,Nominatim,"cần bán gấp tại Hoàng Mai Minh Khai Hai Bà Trưng Hà Nội 8 x tỷ 50 m2, Việt Nam",NO_RESULT,,,,UNKNOWN,UNKNOWN,False,TIER_E_NO_RESULT,0,,
139036,https://batdongsan.vn/ban-nha-cau-giay37m25t-phan-lo-ngo-thong-kd-oto-10m-chi-8899ty-r139036,Hà Nội,Cầu Giấy,alley_or_lane,title,ngõ thông,ngõ thông,Nominatim,"ngõ thông, Cầu Giấy, Thành phố Hà Nội, Việt Nam",NO_RESULT,,,,UNKNOWN,UNKNOWN,False,TIER_E_NO_RESULT,0,,
139800,https://batdongsan.vn/chinh-chu-ban-nha-rieng-tai-ngo-157-pho-phao-dai-lang-dong-da-ha-noi-25-ty-48m2-vua-o-vua-kinh-r139800,Hà Nội,Đống Đa,alley_or_lane,title,Ngõ 157 Phố Pháo Đài Láng,Ngõ 157 Phố Pháo Đài Láng,Nominatim,"Ngõ 157 Phố Pháo Đài Láng, Đống Đa, Thành phố Hà Nội, Việt Nam",NO_RESULT,,,,UNKNOWN,UNKNOWN,False,TIER_E_NO_RESULT,0,,
190097,https://batdongsan.vn/ban-nha-ngo-8-vong-thi-tay-ho-vi-tri-dep-o-to-tranh-kinh-doanh-6-tang-dt-50m2-236-ty-r190097,Hà Nội,Tây Hồ,alley_or_lane,title,NGÕ 8 VÕNG THỊ TÂY HỒ - VỊ TRÍ DẸP Ô TÔ TRÁNH KINH DOANH 6 TẦNG,NGÕ 8 VÕNG THỊ TÂY HỒ VỊ TRÍ DẸP,Nominatim,"NGÕ 8 VÕNG THỊ TÂY HỒ VỊ TRÍ DẸP, Thành phố Hà Nội, Việt Nam",NO_RESULT,,,,UNKNOWN,UNKNOWN,False,TIER_E_NO_RESULT,0,,
146425,https://batdongsan.vn/ban-gap-mat-pho-ton-duc-thang-45m2-x-4-tang-gia-chi-17-ty-r146425,Hà Nội,Đống Đa,street_only,title,phố Tôn Đức Thắng 45m2 x 4 tầng giá chỉ 17 tỷ,phố Tôn Đức Thắng x,Nominatim,"phố Tôn Đức Thắng x, Đống Đa, Thành phố Hà Nội, Việt Nam",SUCCESS,21.0181751,105.8297851,"Phố Tôn Đức Thắng, Quan Thổ, Phường Văn Miếu - Quốc Tử Giám, Thành phố Hà Nội, 11508, Việt Nam",ADMIN_PARTIAL_MATCH,STREET,False,TIER_F_INVALID_OR_INCONSISTENT,2,,
192527,https://batdongsan.vn/ban-nha-trung-tam-ngoc-thuy-30m2-3-tang-full-noi-that-gia-chi-6-ty-xiu-r192527,Hà Nội,Long Biên,street_only,title,BÁN NHÀ TRUNG TÂM NGỌC THỤY – 30M² – 3 TẦNG – FULL NỘI THẤT – GIÁ CHỈ 6 TỶ XÍU,TRUNG TÂM NGỌC THỤY 30M² XÍU,Nominatim,"TRUNG TÂM NGỌC THỤY 30M² XÍU, Long Biên, Thành phố Hà Nội, Việt Nam",NO_RESULT,,,,UNKNOWN,UNKNOWN,False,TIER_E_NO_RESULT,0,,
127920,https://batdongsan.vn/toa-can-ho-dich-my-dinh-9-phong-khep-kin-dong-tien-dinh-so-hoa-hau-58m2-nhinh-10-ty-r127920,Hà Nội,Nam Từ Liêm,project_or_residential_area,title,TOÀ CĂN HỘ DỊCH MỸ ĐÌNH  - 9 PHÒNG KHÉP KÍN - DÒNG TIỀN ĐỈNH - SỔ HOA HẬU 58m2 - nhỉnh 10 tỷ,TOÀ CĂN HỘ DỊCH MỸ ĐÌNH 9 PHÒNG KHÉP KÍN DÒNG TIỀN ĐỈNH SỔ HOA HẬU,Nominatim,"TOÀ CĂN HỘ DỊCH MỸ ĐÌNH 9 PHÒNG KHÉP KÍN DÒNG TIỀN ĐỈNH SỔ HOA HẬU, Nam Từ Liêm, Thành phố Hà Nội, Việt Nam",NO_RESULT,,,,UNKNOWN,UNKNOWN,False,TIER_E_NO_RESULT,0,,
164265,https://batdongsan.vn/ban-nha-hoang-liet-hoang-mai-gan-o-to-vai-buoc-ra-vanh-dai-3-36m2-62-ty-r164265,Hà Nội,Hoàng Mai,landmark_only,title,"Bán nhà Hoàng Liệt, Hoàng Mai, gần ô tô, vài bước ra Vành Đai 3, 36m2, 6.2 tỷ",Hoàng Liệt Hoàng Mai vài bước ra Vành Đai 3,Nominatim,"Hoàng Liệt Hoàng Mai vài bước ra Vành Đai 3, Thành phố Hà Nội, Việt Nam",NO_RESULT,,,,UNKNOWN,UNKNOWN,False,TIER_E_NO_RESULT,0,,
108300,https://batdongsan.vn/ban-nha-mat-pho-hai-ba-trung-88m-x-4tang-mat-tien-6m-via-he-kinh-doanh-r278494,Hà Nội,Hai Bà Trưng,street_only,title,phố Hai Bà Trưng,phố Hai Bà Trưng,Nominatim,"phố Hai Bà Trưng, Thành phố Hà Nội, Việt Nam",SUCCESS,21.0255244,105.8485536,"Phố Hai Bà Trưng, Phường Cửa Nam, Thành phố Hà Nội, 11018, Việt Nam",ADMIN_MATCH,STREET,True,TIER_B_SPATIALLY_USEFUL,1,,
186965,https://batdongsan.vn/lac-long-quan-40m-165-tyo-to-tranhvao-nhakinh-doanhtruoc-nha-view-ho-thoang-vinh-vien-r186965,Hà Nội,Cầu Giấy,alley_or_lane,dedicated_address,"Ngõ Lạc Long Quân, đi đâu cũng tiện, gần chợ, trường học, siêu thị",Ngõ Lạc Long Quân đi đâu cũng tiện gần chợ trường học siêu thị,Nominatim,"Ngõ Lạc Long Quân đi đâu cũng tiện gần chợ trường học siêu thị, Cầu Giấy, Thành phố Hà Nội, Việt Nam",NO_RESULT,,,,UNKNOWN,UNKNOWN,False,TIER_E_NO_RESULT,0,,
125540,https://batdongsan.vn/ban-nha-pho-tuong-mai-hoang-mai-44m-5-tang-gia-925-ty-r125540,Hà Nội,Hoàng Mai,street_only,title,phố Tương Mai,phố Tương Mai,Nominatim,"phố Tương Mai, Hoàng Mai, Thành phố Hà Nội, Việt Nam",SUCCESS,20.9939936,105.8500159,"Công Ty Cổ Phần Công Nghệ Heyu Việt Nam, 67A, Đường Trương Định, Hoàng Mai, Kẻ Mơ, Phường Tương Mai, Thành phố Hà Nội, 11715, Việt Nam",ADMIN_MATCH,UNKNOWN,False,TIER_D_ADMIN_ONLY,5,,
156775,https://batdongsan.vn/khuat-duy-tien-thang-may-kinh-doanh-oto-do-cua-dt-50m-x-8-tang-gia-259-ty-r156775,Hà Nội,Thanh Xuân,unclear,title,Khuât Duy Tiến Thang Máy - Kinh Doanh Oto Đỗ Cửa DT 50m x 8 tầng Giá 25.9 tỷ,Khuât Duy Tiến Oto Đỗ Cửa x,Nominatim,"Khuât Duy Tiến Oto Đỗ Cửa x, Thanh Xuân, Thành phố Hà Nội, Việt Nam",NO_RESULT,,,,UNKNOWN,UNKNOWN,False,TIER_E_NO_RESULT,0,,
148751,https://batdongsan.vn/ban-nhanh-nha-5-tang-pho-quan-nhan-thanh-xuan-30m2-nha-dep-o-luon-gia-chi-co-79-ty-r148751,Hà Nội,Thanh Xuân,street_only,title,phố Quan Nhân - Thanh Xuân,phố Quan Nhân Thanh Xuân,Nominatim,"phố Quan Nhân Thanh Xuân, Thành phố Hà Nội, Việt Nam",SUCCESS,21.0001961,105.802516,"Agribank, 90, Phố Ngụy Như Kon Tum, Quan Nhân, Kẻ Mọc (Nhân Mục), Phường Thanh Xuân, Thành phố Hà Nội, 11417, Việt Nam",ADMIN_MATCH,UNKNOWN,False,TIER_D_ADMIN_ONLY,3,,
85599,https://batdongsan.vn/dam-nha-ra-oto-qua-tien-50m23t-tran-khat-chan-25-ty-r255767,Hà Nội,Hai Bà Trưng,unclear,title,Dăm nhà ra oto qua tiện 50m2*3T Trần Khát Chân 2.5 tỷ,Dăm nhà ra oto qua tiện *3T Trần Khát Chân,Nominatim,"Dăm nhà ra oto qua tiện *3T Trần Khát Chân, Hai Bà Trưng, Thành phố Hà Nội, Việt Nam",NO_RESULT,,,,UNKNOWN,UNKNOWN,False,TIER_E_NO_RESULT,0,,
122320,https://batdongsan.vn/toa-can-ho-dich-vu-do-duc-duc-nam-tu-liem-120m-10-tang-thang-may-mt-5m-gia-35-ty-r122320,Hà Nội,Nam Từ Liêm,project_or_residential_area,title,"TOÀ CĂN HỘ DỊCH VỤ ĐỖ ĐỨC DỤC, NAM TỪ LIÊM. 120M 10 TẦNG THANG MÁY MT 5M GIÁ 35 TỶ",TOÀ CĂN HỘ DỊCH VỤ ĐỖ ĐỨC DỤC NAM TỪ LIÊM MT,Nominatim,"TOÀ CĂN HỘ DỊCH VỤ ĐỖ ĐỨC DỤC NAM TỪ LIÊM MT, Thành phố Hà Nội, Việt Nam",NO_RESULT,,,,UNKNOWN,UNKNOWN,False,TIER_E_NO_RESULT,0,,
119434,https://batdongsan.vn/ban-nha-o-nghia-do-o-to-do-cua-ngo-thong-tu-tung-gia-chi-nho-11-ty-r119434,Hà Nội,Cầu Giấy,alley_or_lane,title,NGÕ THÔNG TỨ TUNG - GIÁ CHỈ NHÔ 11 TỶ,GIÁ CHỈ NHÔ,Nominatim,"GIÁ CHỈ NHÔ, Cầu Giấy, Thành phố Hà Nội, Việt Nam",NO_RESULT,,,,UNKNOWN,UNKNOWN,False,TIER_E_NO_RESULT,0,,
137861,https://batdongsan.vn/nha-dan-xay-thanh-cong-ba-dinh-38m-mt-43m-2-thoang-ngo-thong-rong-779-ty-r137861,Hà Nội,Ba Đình,alley_or_lane,title,NGÕ THÔNG RỘNG,NGÕ THÔNG RỘNG,Nominatim,"NGÕ THÔNG RỘNG, Ba Đình, Thành phố Hà Nội, Việt Nam",NO_RESULT,,,,UNKNOWN,UNKNOWN,False,TIER_E_NO_RESULT,0,,
163640,https://batdongsan.vn/ban-nha-4-tang-tai-553-giai-phong-phuong-giap-bat-quan-hoang-mai-hn-r163640,Hà Nội,Quận Hoàng Mai,street_and_ward,description,"BÁN NHÀ 4 TẦNG TẠI 553 GIẢI PHÓNG, PHƯỜNG GIÁP BÁT, QUẬN HOÀNG MAI, HN",TẠI 553 GIẢI PHÓNG PHƯỜNG GIÁP BÁT QUẬN HOÀNG MAI HN,Nominatim,"TẠI 553 GIẢI PHÓNG PHƯỜNG GIÁP BÁT QUẬN HOÀNG MAI HN, Thành phố Hà Nội, Việt Nam",NO_RESULT,,,,UNKNOWN,UNKNOWN,False,TIER_E_NO_RESULT,0,,
163354,https://batdongsan.vn/so-phan-lo-via-he-menh-mong-tai-kham-thienkinh-doanh-sam-uat-52-m216-ty-2dong-tien-23trthang-r163354,Hà Nội,Đống Đa,unclear,title,"Sổ phân lô vỉa hè mênh mông tại Khâm Thiên,kinh doanh sầm uất 52 m2,16  tỷ 2,dòng tiên 23tr/tháng",Sổ vỉa hè mênh mông tại Khâm Thiên sầm uất 52 m2 dòng tiên,Nominatim,"Sổ vỉa hè mênh mông tại Khâm Thiên sầm uất 52 m2 dòng tiên, Đống Đa, Thành phố Hà Nội, Việt Nam",NO_RESULT,,,,UNKNOWN,UNKNOWN,False,TIER_E_NO_RESULT,0,,
147349,https://batdongsan.vn/gia-tot-chinh-chu-sang-nhanh-cua-hang-ban-do-an-trung-quoc-tai-mat-duong-nguyen-chanh-trung-r147349,Hà Nội,Cầu Giấy,street_only,dedicated_address,"phố Nguyễn Chánh, Trung Hòa, Cầu Giấy, Hà Nội",phố Nguyễn Chánh Trung Hòa Cầu Giấy Hà Nội,Nominatim,"phố Nguyễn Chánh Trung Hòa Cầu Giấy Hà Nội, Việt Nam",NO_RESULT,,,,UNKNOWN,UNKNOWN,False,TIER_E_NO_RESULT,0,,
176596,https://batdongsan.vn/can-ban-nha-bo-song-set-lo-goc-2-thoang-o-to-vao-nha-kinh-doanh-dt-72m2-mt-55m-r176596,Hà Nội,Hoàng Mai,street_only,title,"Cần Bá.n Nhà Bờ Sông Sét : LÔ GÓC 2 THOÁNG – Ô TÔ VÀO NHÀ - KINH DOANH, dt: 72m2, mt: 5,5m",Cần Bá n Nhà Bờ Sông Sét LÔ GÓC 2 THOÁNG dt mt 5,Nominatim,"Cần Bá n Nhà Bờ Sông Sét LÔ GÓC 2 THOÁNG dt mt 5, Hoàng Mai, Thành phố Hà Nội, Việt Nam",NO_RESULT,,,,UNKNOWN,UNKNOWN,False,TIER_E_NO_RESULT,0,,
146699,https://batdongsan.vn/ban-can-vip-kim-giang-5-tang-35m2-mt-45m-gia-nhinh-8-ty-r146699,Hà Nội,Thanh Xuân,street_only,dedicated_address,"Kim Giang, Thanh Xuân, Hà Nội",Kim Giang Thanh Xuân Hà Nội,Nominatim,"Kim Giang Thanh Xuân Hà Nội, Việt Nam",SUCCESS,20.984939,105.8117827,"Chung Cư A1 Kim Giang Tái Định Cư, Ngõ 80 Phố Hoàng Đạo Thành, Phường Khương Đình, Thành phố Hà Nội, 11410, Việt Nam",ADMIN_PARTIAL_MATCH,UNKNOWN,False,TIER_F_INVALID_OR_INCONSISTENT,2,,
142882,https://batdongsan.vn/ban-nha-pho-phuong-mai-vi-tri-trung-tam-lo-goc-thoang-sang-31mx6t-gia-68-ty-lh-0396935190-r142882,Hà Nội,Đống Đa,street_only,title,Phố Phương Mai_Vị Trí Trung Tâm_Lô Góc Thoáng Sáng_31mx6T_Giá,Phố Phương Mai Vị Trí Trung Tâm Lô Góc Thoáng Sáng 31mx6T Giá,Nominatim,"Phố Phương Mai Vị Trí Trung Tâm Lô Góc Thoáng Sáng 31mx6T Giá, Đống Đa, Thành phố Hà Nội, Việt Nam",NO_RESULT,,,,UNKNOWN,UNKNOWN,False,TIER_E_NO_RESULT,0,,
113321,https://batdongsan.vn/ban-nha-lien-ke-pho-khuat-duy-tien-thong-sang-duong-nguyen-trai-o-to-do-cua-73m2-nha-dep-5-tang-gia-92-ty-r283515,Hà Nội,Thanh Xuân,street_only,title,phố Khuất Duy Tiến thông sang đường Nguyễn Trãi,phố Khuất Duy Tiến thông sang đường Nguyễn Trãi,Nominatim,"phố Khuất Duy Tiến thông sang đường Nguyễn Trãi, Thanh Xuân, Thành phố Hà Nội, Việt Nam",NO_RESULT,,,,UNKNOWN,UNKNOWN,False,TIER_E_NO_RESULT,0,,
171786,https://batdongsan.vn/ban-nha-trung-tam-quan-dong-da-nha-moi-7-tang-thang-may-kinh-doanh-o-to-vao-nha-40m-13-ty-r171786,Hà Nội,Đống Đa,street_only,description,BÁN NHÀ TRUNG TÂM QUẬN ĐỐNG ĐA NHÀ MỚI 7 TẦNG THANG MÁY KINH DOANH Ô TÔ VÀO NHÀ 40M 13 TỶ,TRUNG TÂM QUẬN ĐỐNG ĐA,Nominatim,"TRUNG TÂM QUẬN ĐỐNG ĐA, Thành phố Hà Nội, Việt Nam",SUCCESS,21.0207825,105.824034,"Trung tâm Tuệ Quang, 55, Ngõ 16 Phố Hoàng Cầu, Hoàng Cầu, Phường Ô Chợ Dừa, Thành phố Hà Nội, 11511, Việt Nam",ADMIN_PARTIAL_MATCH,UNKNOWN,False,TIER_F_INVALID_OR_INCONSISTENT,2,,
180249,https://batdongsan.vn/sieu-pham-117m2-mat-pho-xuan-phuong-kinh-doanh-ngay-dem-o-to-tranh-2-mat-thoang-r180249,Hà Nội,Nam Từ Liêm,street_only,title,PHỐ XUÂN PHƯƠNG - KINH DOANH NGÀY ĐÊM - Ô TÔ TRÁNH - 2 MẶT THOÁNG,PHỐ XUÂN PHƯƠNG NGÀY ĐÊM 2 MẶT THOÁNG,Nominatim,"PHỐ XUÂN PHƯƠNG NGÀY ĐÊM 2 MẶT THOÁNG, Nam Từ Liêm, Thành phố Hà Nội, Việt Nam",NO_RESULT,,,,UNKNOWN,UNKNOWN,False,TIER_E_NO_RESULT,0,,
184940,https://batdongsan.vn/ban-nha-sieu-xinh-tdc-thuong-thanh-long-bien-40m-7-tang-gara-thang-may-nhinh-9-ty-tl-r184940,Hà Nội,Long Biên,unclear,title,Bán nhà siêu xinh TĐC thượng thanh Long Biên 40m 7 tầng Gara Thang máy nhỉnh 9 tỷ (TL),siêu xinh TĐC thượng thanh Long Biên Gara,Nominatim,"siêu xinh TĐC thượng thanh Long Biên Gara, Thành phố Hà Nội, Việt Nam",NO_RESULT,,,,UNKNOWN,UNKNOWN,False,TIER_E_NO_RESULT,0,,
195060,https://batdongsan.vn/ban-nha-dong-tien-yen-duyen-7-tang-thang-may-long-lanh-vf3-thong-50m-ra-pho-hoang-mai-r195060,Hà Nội,Hoàng Mai,street_only,title,phố hoàng mai,phố hoàng mai,Nominatim,"phố hoàng mai, Thành phố Hà Nội, Việt Nam",SUCCESS,20.9939936,105.8500159,"Công Ty Cổ Phần Công Nghệ Heyu Việt Nam, 67A, Đường Trương Định, Hoàng Mai, Kẻ Mơ, Phường Tương Mai, Thành phố Hà Nội, 11715, Việt Nam",ADMIN_MATCH,UNKNOWN,False,TIER_D_ADMIN_ONLY,5,,
175839,https://batdongsan.vn/nhinh-11-ty-nha-phan-lo-qd-lo-goc-khu-vu-tong-phan-nga-tu-so-oto-4-cho-do-cua-15m-ra-oto-tai-r175839,Hà Nội,Thanh Xuân,unclear,title,"Nhỉnh 11 tỷ! Nhà phân lô QĐ, lô góc khu Vũ Tông Phan, Ngã Tư Sở, ôtô 4 chỗ đỗ cửa. 15m ra ôtô tải",Nhà QĐ lô góc khu Vũ Tông Phan Ngã Tư Sở ôtô 4 chỗ đỗ cửa ra ôtô tải,Nominatim,"Nhà QĐ lô góc khu Vũ Tông Phan Ngã Tư Sở ôtô 4 chỗ đỗ cửa ra ôtô tải, Thanh Xuân, Thành phố Hà Nội, Việt Nam",NO_RESULT,,,,UNKNOWN,UNKNOWN,False,TIER_E_NO_RESULT,0,,
190554,https://batdongsan.vn/sieu-pham-gan-ho-tay-vai-buoc-chan-ra-pho-khu-vip-hiem-nha-ban-30m2-5-tang-r190554,Hà Nội,Tây Hồ,street_only,title,PHỐ - KHU VIP  HIẾM NHÀ BÁN _ 30M2 – 5 TẦNG.,PHỐ KHU VIP NHÀ BÁN,Nominatim,"PHỐ KHU VIP NHÀ BÁN, Tây Hồ, Thành phố Hà Nội, Việt Nam",SUCCESS,21.0627805,105.8184637,"Phường Tây Hồ, Thành phố Hà Nội, 11214, Việt Nam",ADMIN_MATCH,WARD,True,TIER_B_SPATIALLY_USEFUL,1,,
119594,https://batdongsan.vn/ban-nha-dong-quan-35m2-gia-nhinh-6-ty-trung-tam-4-quan-5-tang-moi-dep-long-lanh-ngo-nong-r119594,Hà Nội,Cầu Giấy,alley_or_lane,dedicated_address,"ngõ nông rộng, đầu phố Đông Quan, gần trường FPT, phố Đông",ngõ nông rộng đầu phố Đông Quan gần trường FPT phố Đông,Nominatim,"ngõ nông rộng đầu phố Đông Quan gần trường FPT phố Đông, Cầu Giấy, Thành phố Hà Nội, Việt Nam",NO_RESULT,,,,UNKNOWN,UNKNOWN,False,TIER_E_NO_RESULT,0,,
177889,https://batdongsan.vn/ban-gap-nha-5-tang-gan-nga-tu-troi-an-cu-chuan-tien-ich-chi-hon-3-ty-r177889,Hà Nội,Hoài Đức,street_only,title,"🔥 BÁ.N GẤP! NHÀ 5 TẦNG GẦN NGÃ TƯ TRÔI – AN CƯ CHUẨN TIỆN ÍCH, CHỈ HƠN 3 TỶ!",BÁ N GẤP NHÀ GẦN NGÃ TƯ TRÔI AN CƯ CHUẨN TIỆN ÍCH,Nominatim,"BÁ N GẤP NHÀ GẦN NGÃ TƯ TRÔI AN CƯ CHUẨN TIỆN ÍCH, Hoài Đức, Thành phố Hà Nội, Việt Nam",NO_RESULT,,,,UNKNOWN,UNKNOWN,False,TIER_E_NO_RESULT,0,,
107690,https://batdongsan.vn/nha-dai-kim-sau-nha-do-thi-dai-kim-chu-de-i-toan-bo-noi-that-dt-34m-4tx4ty150-r277884,Hà Nội,Hoàng Mai,street_only,title,"NHÀ ĐẠI KIM, sau nhà Đô Thị Đại Kim, chủ để ị toàn bộ nội thất, DT: 34m 4Tx4tỷ150",NHÀ ĐẠI KIM sau nhà Đô Thị Đại Kim chủ để ị toàn bộ nội thất DT 4Tx4tỷ150,Nominatim,"NHÀ ĐẠI KIM sau nhà Đô Thị Đại Kim chủ để ị toàn bộ nội thất DT 4Tx4tỷ150, Hoàng Mai, Thành phố Hà Nội, Việt Nam",NO_RESULT,,,,UNKNOWN,UNKNOWN,False,TIER_E_NO_RESULT,0,,
165486,https://batdongsan.vn/ban-nha-hoang-hoa-tham-ba-dinh-ngo-thong-90m2-45-tang-thang-may-chi-179-ty-r165486,Hà Nội,Ba Đình,alley_or_lane,title,ngõ thông 90m2,ngõ thông,Nominatim,"ngõ thông, Ba Đình, Thành phố Hà Nội, Việt Nam",NO_RESULT,,,,UNKNOWN,UNKNOWN,False,TIER_E_NO_RESULT,0,,
142657,https://batdongsan.vn/ban-nha-khuong-hathanh-xuantruoc-nha-25mthang-maygan-o-to43m2115-tyctl-r142657,Hà Nội,Thanh Xuân,street_only,title,"BÁN NHÀ KHƯƠNG HẠ,THANH XUÂN,TRƯỚC NHÀ 2,5M,THANG MÁY,GẦN Ô TÔ,43M2,11.5 TỶ(CTL)",KHƯƠNG HẠ THANH XUÂN,Nominatim,"KHƯƠNG HẠ THANH XUÂN, Thành phố Hà Nội, Việt Nam",SUCCESS,20.9999984,105.8279102,"BIDV, 36, Phố Lê Trọng Tấn, Khương Trung, Phương Liệt, Phường Phương Liệt, Thành phố Hà Nội, 11412, Việt Nam",ADMIN_PARTIAL_MATCH,UNKNOWN,False,TIER_F_INVALID_OR_INCONSISTENT,2,,
126079,https://batdongsan.vn/qua-dep-ban-nha-pho-my-dinh-nam-tu-liem-vai-buoc-ra-pho-dien-tich-50m2-mat-tien-4m-r126079,Hà Nội,Nam Từ Liêm,street_only,title,phố Mỹ Đình,phố Mỹ Đình,Nominatim,"phố Mỹ Đình, Nam Từ Liêm, Thành phố Hà Nội, Việt Nam",SUCCESS,21.0298004,105.763536,"Agribank, 18, Phố Trần Hữu Dực, Khu đô thị Mỹ Đình 1, Phường Từ Liêm, Thành phố Hà Nội, 12600, Việt Nam",ADMIN_PARTIAL_MATCH,UNKNOWN,False,TIER_F_INVALID_OR_INCONSISTENT,1,,
164976,https://batdongsan.vn/ban-nha-phan-lo-khuong-trung-o-to-vong-quanh-view-vuon-hoa-r164976,Hà Nội,Thanh Xuân,street_only,title,BÁN NHÀ PHÂN LÔ KHƯƠNG TRUNG – Ô TÔ VÒNG QUANH – VIEW VƯỜN HOA,KHƯƠNG TRUNG Ô TÔ VÒNG QUANH VIEW VƯỜN HOA,Nominatim,"KHƯƠNG TRUNG Ô TÔ VÒNG QUANH VIEW VƯỜN HOA, Thanh Xuân, Thành phố Hà Nội, Việt Nam",NO_RESULT,,,,UNKNOWN,UNKNOWN,False,TIER_E_NO_RESULT,0,,
118849,https://batdongsan.vn/ban-nha-mat-ngo-khuong-trung-thanh-xuan-dt-40m-5-tang-xe-ba-gac-do-tan-cua-gia-nhinh-8-ty-nho-r118849,Hà Nội,Quận Thanh Xuân,alley_or_lane,dedicated_address,"Ngõ 97 Khương Trung quá hot quận Thanh Xuân, ngay cạnh khu phân lô quân đội an ninh, dân trí cao",Ngõ 97 Khương Trung quá hot quận Thanh Xuân ngay cạnh khu quân đội an ninh dân trí cao,Nominatim,"Ngõ 97 Khương Trung quá hot quận Thanh Xuân ngay cạnh khu quân đội an ninh dân trí cao, Thành phố Hà Nội, Việt Nam",NO_RESULT,,,,UNKNOWN,UNKNOWN,False,TIER_E_NO_RESULT,0,,
170424,https://batdongsan.vn/co-linh-doi-dien-aeon-mall-dan-xay-mat-tien-6m-kinh-doanh-79-ty-r170424,Hà Nội,Long Biên,street_only,title,Mặt tiền 6m - Kinh doanh - 7.9 tỷ,,Nominatim,"Long Biên, Thành phố Hà Nội, Việt Nam",SUCCESS,21.0232241,105.898496,"Phường Long Biên, Thành phố Hà Nội, 11814, Việt Nam",ADMIN_MATCH,WARD,True,TIER_B_SPATIALLY_USEFUL,2,,
176471,https://batdongsan.vn/ban-nha-mat-pho-kim-dong-50m2-6-tang-thang-may-o-to-do-trong-nha-21-ty-r176471,Hà Nội,Quận Hoàng Mai,street_only,dedicated_address,"Mặt phố Kim Đồng, quận Hoàng Mai, Hà Nội✨ Tuyến phố kinh doanh sầm uất, giao thông thuận lợi, thông Giải Phóng – Trương Định – Giáp",Mặt phố Kim Đồng quận Hoàng Mai Hà Nội Tuyến phố sầm uất giao thông thuận lợi thông Giải Phóng Trương Định Giáp,Nominatim,"Mặt phố Kim Đồng quận Hoàng Mai Hà Nội Tuyến phố sầm uất giao thông thuận lợi thông Giải Phóng Trương Định Giáp, Việt Nam",NO_RESULT,,,,UNKNOWN,UNKNOWN,False,TIER_E_NO_RESULT,0,,
117496,https://batdongsan.vn/ban-dat-tang-nha-cap-4-o-to-vao-nha-thoai-mai-ngo-thang-tap-r117496,Hà Nội,Hà Đông,alley_or_lane,title,NGÕ THẲNG TẮP,NGÕ THẲNG TẮP,Nominatim,"NGÕ THẲNG TẮP, Hà Đông, Thành phố Hà Nội, Việt Nam",SUCCESS,21.0103078,105.8276284,"Ngõ 119 Phố Hồ Đắc Di, Khu tập thể Nam Đồng, Phường Kim Liên, Thành phố Hà Nội, 11520, Việt Nam",ADMIN_PARTIAL_MATCH,STREET,False,TIER_F_INVALID_OR_INCONSISTENT,5,,
142500,https://batdongsan.vn/5-ty-x-tieu-hoc-nhan-nha-o-ngay-tai-trau-quy-gia-lam-so-51m2-full-tho-cu-r142500,Hà Nội,Gia Lâm,landmark_only,title,"5 tỷ x tiểu học nhận nhà ở ngay tại Trâu Quỳ, Gia Lâm. Sổ 51m2 full thổ cư.",Gia Lâm Sổ full thổ cư,Nominatim,"Gia Lâm Sổ full thổ cư, Thành phố Hà Nội, Việt Nam",NO_RESULT,,,,UNKNOWN,UNKNOWN,False,TIER_E_NO_RESULT,0,,
141288,https://batdongsan.vn/nha-pho-vinh-hung-hoang-mai-35-met-2-tang-chi-39-ty-r141288,Hà Nội,Hoàng Mai,street_only,title,phố Vĩnh Hưng Hoàng Mai 35 mét,phố Vĩnh Hưng Hoàng Mai 35 mét,Nominatim,"phố Vĩnh Hưng Hoàng Mai 35 mét, Thành phố Hà Nội, Việt Nam",NO_RESULT,,,,UNKNOWN,UNKNOWN,False,TIER_E_NO_RESULT,0,,
183757,https://batdongsan.vn/nhacanhtruong-doanthi-diemnam-tu-liemthang-mayoto-45mx6tmt5m148ty-r183757,Hà Nội,Nam Từ Liêm,street_only,title,"NHÀCẠNHTRƯỜNG ĐOÀNTHỊ ĐIỂM,NAM TỪ LIÊM,THANG MÁY,OTO ,45Mx6T,MT=5M,14,8ty",NHÀCẠNHTRƯỜNG ĐOÀNTHỊ ĐIỂM NAM TỪ LIÊM OTO 45Mx6T MT= 14 8ty,Nominatim,"NHÀCẠNHTRƯỜNG ĐOÀNTHỊ ĐIỂM NAM TỪ LIÊM OTO 45Mx6T MT= 14 8ty, Thành phố Hà Nội, Việt Nam",NO_RESULT,,,,UNKNOWN,UNKNOWN,False,TIER_E_NO_RESULT,0,,
145723,https://batdongsan.vn/nha-mat-pho-lo-duc-55m2-7t-thang-may-cuc-dep-kinh-doanh-o-to-do-cua-37-ty-tl-manh-r145723,Hà Nội,Hai Bà Trưng,street_only,title,phố Lò Đúc 55m2 7T thang máy cực đẹp kinh doanh ô tô đỗ cửa 37 tỷ TL mạnh,phố Lò Đúc 7T cực đẹp,Nominatim,"phố Lò Đúc 7T cực đẹp, Hai Bà Trưng, Thành phố Hà Nội, Việt Nam",SUCCESS,21.0149457,105.8520631,"Phường Hai Bà Trưng, Thành phố Hà Nội, 11626, Việt Nam",ADMIN_MATCH,WARD,True,TIER_B_SPATIALLY_USEFUL,1,,
92765,https://batdongsan.vn/36-ty-20m-ra-pho-ho-khau-tran-quoc-vuong-cau-giay-32m2-x-5-tang-r262940,Hà Nội,Cầu Giấy,street_only,title,phố - Hổ khẩu Trần Quốc Vượng - Cầu Giấy - 32M2 x 5 Tầng,phố Hổ khẩu Trần Quốc Vượng Cầu Giấy x,Nominatim,"phố Hổ khẩu Trần Quốc Vượng Cầu Giấy x, Thành phố Hà Nội, Việt Nam",NO_RESULT,,,,UNKNOWN,UNKNOWN,False,TIER_E_NO_RESULT,0,,
146594,https://batdongsan.vn/nha-dan-xay-58m-x-5t-ngo-thong-kinh-doanh-gan-o-to-ngoc-khanh-ba-dinh-gia-158-ty-r146594,Hà Nội,Ba Đình,alley_or_lane,title,NGÕ THÔNG KINH DOANH,NGÕ THÔNG,Nominatim,"NGÕ THÔNG, Ba Đình, Thành phố Hà Nội, Việt Nam",NO_RESULT,,,,UNKNOWN,UNKNOWN,False,TIER_E_NO_RESULT,0,,
161363,https://batdongsan.vn/ban-gap-nha-kim-giang-so-do-cc-615-ty-38m2-r161363,Hà Nội,Thanh Trì,street_only,title,BÁN GẤP - NHÀ KIM GIANG - SỔ ĐỎ CC 6.15 TỶ 38M2,BÁN GẤP NHÀ KIM GIANG SỔ ĐỎ CC,Nominatim,"BÁN GẤP NHÀ KIM GIANG SỔ ĐỎ CC, Thanh Trì, Thành phố Hà Nội, Việt Nam",NO_RESULT,,,,UNKNOWN,UNKNOWN,False,TIER_E_NO_RESULT,0,,
137515,https://batdongsan.vn/o-to-tranh-nha-moi-tinh-tien-ich-bat-ngan-r137515,Hà Nội,Long Biên,street_only,title,Ô TÔ TRÁNH - NHÀ MỚI TINH - TIỆN ÍCH BẠT NGÀN,TINH TIỆN ÍCH BẠT NGÀN,Nominatim,"TINH TIỆN ÍCH BẠT NGÀN, Long Biên, Thành phố Hà Nội, Việt Nam",NO_RESULT,,,,UNKNOWN,UNKNOWN,False,TIER_E_NO_RESULT,0,,
166006,https://batdongsan.vn/ban-toa-apartment-cao-cap-mat-pho-xay-moi-9-tang-29-can-ho-dong-tien-290thang-155m-79-ty-r166006,Hà Nội,Bắc Từ Liêm,project_or_residential_area,title,PHỐ XÂY MỚI 9 TẦNG 29 CĂN HỘ DÒNG TIỀN 290/THÁNG 155M 79 TỶ,PHỐ XÂY MỚI 29 CĂN HỘ DÒNG TIỀN 290/THÁNG,Nominatim,"PHỐ XÂY MỚI 29 CĂN HỘ DÒNG TIỀN 290/THÁNG, Bắc Từ Liêm, Thành phố Hà Nội, Việt Nam",NO_RESULT,,,,UNKNOWN,UNKNOWN,False,TIER_E_NO_RESULT,0,,
143884,https://batdongsan.vn/chinh-chu-phap-ly-day-du-nha-mat-duong-chien-thang-2-o-tranh-gan-cho-co-cho-de-o-to-truoc-cua-r143884,Hà Nội,Hà Đông,street_only,title,đường Chiến Thắng 2 ô tránh,đường Chiến Thắng 2 ô tránh,Nominatim,"đường Chiến Thắng 2 ô tránh, Hà Đông, Thành phố Hà Nội, Việt Nam",NO_RESULT,,,,UNKNOWN,UNKNOWN,False,TIER_E_NO_RESULT,0,,
189725,https://batdongsan.vn/ban-nha-dai-tu-hoang-mai-o-to-lo-goc-30m2-x-5-tang-688-ty-r189725,Hà Nội,Hoàng Mai,unclear,title,"Bán nhà Đại Từ, Hoàng Mai, Ô tô, Lô góc, 30m2 x 5 tầng, 6.88 tỷ",Đại Từ Hoàng Mai Ô tô Lô góc x,Nominatim,"Đại Từ Hoàng Mai Ô tô Lô góc x, Thành phố Hà Nội, Việt Nam",NO_RESULT,,,,UNKNOWN,UNKNOWN,False,TIER_E_NO_RESULT,0,,
132977,https://batdongsan.vn/ban-nha-duong-noi-ha-dong-16m-ra-mat-pho-43m-4-tang-mt-38m-45-ty-r132977,Hà Nội,Hà Đông,street_only,title,phố 43m- 4 tầng- MT 3.8m- 4.5 tỷ,phố MT 3,Nominatim,"phố MT 3, Hà Đông, Thành phố Hà Nội, Việt Nam",NO_RESULT,,,,UNKNOWN,UNKNOWN,False,TIER_E_NO_RESULT,0,,
134583,https://batdongsan.vn/ban-nha-nguyen-trai-ha-dong-o-to-do-cua-60m2-mat-tien-61m-chi-12-ty-r134583,Hà Nội,Hà Đông,street_only,title,MẶT TIỀN 6.1M,6,Nominatim,"6, Hà Đông, Thành phố Hà Nội, Việt Nam",SUCCESS,20.9732937,105.7787998,"Phường Hà Đông, Thành phố Hà Nội, 12123, Việt Nam",ADMIN_MATCH,WARD,True,TIER_B_SPATIALLY_USEFUL,1,,
160317,https://batdongsan.vn/nha-dep-phuong-mai-trung-tam-dong-dai-oto-do-cua-xe-tai-cach-30m-gia-11-ty-r160317,Hà Nội,Đống Đa,street_only,title,NHÀ ĐẸP PHƯƠNG MAI - TRUNG TÂM ĐỐNG ĐAI – ÔTÔ ĐỖ CỬA – XE TẢI CÁCH 30M – GIÁ 11 TỶ,PHƯƠNG MAI TRUNG TÂM ĐỐNG ĐAI XE TẢI CÁCH,Nominatim,"PHƯƠNG MAI TRUNG TÂM ĐỐNG ĐAI XE TẢI CÁCH, Thành phố Hà Nội, Việt Nam",NO_RESULT,,,,UNKNOWN,UNKNOWN,False,TIER_E_NO_RESULT,0,,
119436,https://batdongsan.vn/ban-gap-nha-nguyen-khanh-toan-phuong-quan-hoa-cau-giay-55m2-53-ty-gan-pho-r119436,Hà Nội,Cầu Giấy,street_and_ward,description,BÁN GẤP NHÀ NGUYỄN KHÁNH TOÀN PHƯỜNG QUAN HOA CẦU GIẤY 55M2 5.3 TỶ GẦN PHỐ,BÁN GẤP NHÀ NGUYỄN KHÁNH TOÀN PHƯỜNG QUAN HOA CẦU GIẤY,Nominatim,"BÁN GẤP NHÀ NGUYỄN KHÁNH TOÀN PHƯỜNG QUAN HOA CẦU GIẤY, Thành phố Hà Nội, Việt Nam",NO_RESULT,,,,UNKNOWN,UNKNOWN,False,TIER_E_NO_RESULT,0,,
164635,https://batdongsan.vn/ban-nha-chinh-chu-ngo-69-thuy-khue-gan-ho-tay-so-do-rieng-gia-tot-r164635,Hà Nội,Tây Hồ,alley_or_lane,dedicated_address,"Số 18 ngõ 69 Thụy Khuê, Tây Hồ, Hà Nội",Số 18 ngõ 69 Thụy Khuê Tây Hồ Hà Nội,Nominatim,"Số 18 ngõ 69 Thụy Khuê Tây Hồ Hà Nội, Việt Nam",SUCCESS,21.0414022,105.8260996,"Ngõ 69 Đường Thụy Khuê, Sun Grand City Thụy Khuê, Phường Tây Hồ, Thành phố Hà Nội, 11214, Việt Nam",ADMIN_MATCH,STREET,True,TIER_B_SPATIALLY_USEFUL,1,,
110815,https://batdongsan.vn/sieu-hiem-mat-pho-cho-thanh-xuan-bac-o-to-do-cua-kinh-doanh-du-loai-12-ty-r281009,Hà Nội,Thanh Xuân,street_only,title,phố chợ Thanh Xuân Bắc - ô tô đỗ cửa,phố chợ Thanh Xuân Bắc,Nominatim,"phố chợ Thanh Xuân Bắc, Thành phố Hà Nội, Việt Nam",NO_RESULT,,,,UNKNOWN,UNKNOWN,False,TIER_E_NO_RESULT,0,,
182403,https://batdongsan.vn/ban-38m-dat-tang-nha-cap-4-nhat-tao-dong-ngac-sat-cipucha-15-ty-r182403,Hà Nội,Bắc Từ Liêm,unclear,title,Bán 38m đất tặng nhà cấp 4 Nhật Tảo- Đông Ngạc- sát CIPUCHA- 1.5 tỷ,tặng nhà cấp 4 Nhật Tảo Đông Ngạc sát CIPUCHA,Nominatim,"tặng nhà cấp 4 Nhật Tảo Đông Ngạc sát CIPUCHA, Bắc Từ Liêm, Thành phố Hà Nội, Việt Nam",NO_RESULT,,,,UNKNOWN,UNKNOWN,False,TIER_E_NO_RESULT,0,,
165175,https://batdongsan.vn/ban-chung-cu-mini-le-duc-tho-my-dinh-nam-tu-liem-81m2-7-tang-22p-gia-168-ti-r165175,Hà Nội,Nam Từ Liêm,project_or_residential_area,title,"bán chung cư mini lê đức thọ, mỹ đình, nam từ liêm, 81m2, 7 tầng, 22P, giá 16,8 tỉ",bán chung cư mini lê đức thọ mỹ đình nam từ liêm 22P,Nominatim,"bán chung cư mini lê đức thọ mỹ đình nam từ liêm 22P, Thành phố Hà Nội, Việt Nam",NO_RESULT,,,,UNKNOWN,UNKNOWN,False,TIER_E_NO_RESULT,0,,
193542,https://batdongsan.vn/chi-362-trieu-m-nha-mp-tay-ho-1193m-5-tang-mt-48m-kd-tot-sau-qh-thanh-nha-mp-vip-gia-432-ty-r193542,Hà Nội,Tây Hồ,street_only,title,CHỈ 362 TRIỆU M NHÀ MP TÂY HỒ 119.3M 5 TẦNG MT 4.8M KD TỐT SAU QH THÀNH NHÀ MP VIP GIÁ 43.2 TỶ,CHỈ,Nominatim,"CHỈ, Tây Hồ, Thành phố Hà Nội, Việt Nam",SUCCESS,21.05531,105.8045144,"Đường Võ Chí Công, Làng Tân (Tiên Thượng), Kẻ Bưởi, Phường Tây Hồ, Thành phố Hà Nội, 11214, Việt Nam",ADMIN_MATCH,STREET,True,TIER_B_SPATIALLY_USEFUL,5,,
178776,https://batdongsan.vn/le-thanh-nghihai-ba-trung-26ty-111m-mat-tien-8m-tu-xay-o-ngo-thong-thoang-thuan-tien-di-chuyen-r178776,Hà Nội,Hai Bà Trưng,alley_or_lane,title,MẶT TIỀN 8m TỰ XÂY Ở NGÕ THÔNG THOÁNG THUẬN TIỆN DI CHUYỂN,TỰ XÂY Ở NGÕ THÔNG THOÁNG THUẬN TIỆN DI CHUYỂN,Nominatim,"TỰ XÂY Ở NGÕ THÔNG THOÁNG THUẬN TIỆN DI CHUYỂN, Hai Bà Trưng, Thành phố Hà Nội, Việt Nam",NO_RESULT,,,,UNKNOWN,UNKNOWN,False,TIER_E_NO_RESULT,0,,
177599,https://batdongsan.vn/ban-nha-tran-phu-ha-dong-hai-mat-thoang-truoc-sau-ba-buoc-ra-pho-55m2-hon-10-ty-r177599,Hà Nội,Hà Đông,street_only,description,"Bán nhà Trần Phú Hà Đông, hai mặt thoáng trước sau, ba bước ra phố, 55m2, hơn 10 tỷ",Trần Phú Hà Đông hai mặt thoáng trước sau ba bước ra phố hơn,Nominatim,"Trần Phú Hà Đông hai mặt thoáng trước sau ba bước ra phố hơn, Thành phố Hà Nội, Việt Nam",NO_RESULT,,,,UNKNOWN,UNKNOWN,False,TIER_E_NO_RESULT,0,,
93124,https://batdongsan.vn/ban-nha-sieu-vip-tu-liem-50m-5-tang-r263299,Hà Nội,Bắc Từ Liêm,street_only,dedicated_address,"Đắc địa, kết nối các trục giao thông trọng điểm, Phạm Văn Đồng * Khu phố văn minh, đoàn kết,",Đắc địa kết nối các trục giao thông trọng điểm Phạm Văn Đồng * Khu phố văn minh đoàn kết,Nominatim,"Đắc địa kết nối các trục giao thông trọng điểm Phạm Văn Đồng * Khu phố văn minh đoàn kết, Bắc Từ Liêm, Thành phố Hà Nội, Việt Nam",NO_RESULT,,,,UNKNOWN,UNKNOWN,False,TIER_E_NO_RESULT,0,,
128910,https://batdongsan.vn/nhinh-5-ty-nha-moi-42m-x-5-tang-3-ngu-du-cong-nang-3-thoang-gan-pho-giap-bat-hoang-mai-r128910,Hà Nội,Hoàng Mai,street_only,description,"Nhỉnh 5 tỷ-nhà mới 42m x 5 tầng 3 ngủ đủ công năng-3 thoáng-gần phố-Giáp Bát, Hoàng Mai",x 3 ngủ đủ công năng 3 thoáng gần phố Giáp Bát Hoàng Mai,Nominatim,"x 3 ngủ đủ công năng 3 thoáng gần phố Giáp Bát Hoàng Mai, Thành phố Hà Nội, Việt Nam",NO_RESULT,,,,UNKNOWN,UNKNOWN,False,TIER_E_NO_RESULT,0,,
165647,https://batdongsan.vn/nha-gan-aeon-colinh-long-bien-chao-6x-ty-dien-tich-37-m2-4-tang-mat-r165647,Hà Nội,Long Biên,street_only,title,"💥💥💥 NHÀ GẦN #AEON, #CỔLINH- LONG BIÊN - CHÀO 6,x TỶ 🔥🔥 
🏘️ Diện tích: 37 m2,  4 tầng, Mặt",💥💥💥 NHÀ GẦN #AEON #CỔLINH LONG BIÊN CHÀO 6 x TỶ 🏘️ Diện tích 37 m2 Mặt,Nominatim,"💥💥💥 NHÀ GẦN #AEON #CỔLINH LONG BIÊN CHÀO 6 x TỶ 🏘️ Diện tích 37 m2 Mặt, Thành phố Hà Nội, Việt Nam",NO_RESULT,,,,UNKNOWN,UNKNOWN,False,TIER_E_NO_RESULT,0,,
91428,https://batdongsan.vn/giao-su-vu-trong-phung-cong-chuc-ngo-nong-dt-53m2-gia-47ty-r261602,Hà Nội,Thanh Xuân,alley_or_lane,title,Ngõ nông,Ngõ nông,Nominatim,"Ngõ nông, Thanh Xuân, Thành phố Hà Nội, Việt Nam",SUCCESS,21.0088871,105.93402,"Công ty Tư vấn dịch vụ khoa học Nông nghiệp - Ngô Xuân Quảng, Phố Ngô Xuân Quảng, Thành Trung, Xã Gia Lâm, Thành phố Hà Nội, 12428, Việt Nam",ADMIN_PARTIAL_MATCH,UNKNOWN,False,TIER_F_INVALID_OR_INCONSISTENT,1,,
102894,https://batdongsan.vn/chi-voi-315-ty-chinh-kinh-thanh-xuan-gan-pho-6-tang-full-do-o-to-do-gan-r273086,Hà Nội,Thanh Xuân,street_only,title,PHỐ - 6 TẦNG - FULL ĐỒ - Ô TÔ ĐỖ GẦN,PHỐ FULL ĐỒ Ô TÔ ĐỖ GẦN,Nominatim,"PHỐ FULL ĐỒ Ô TÔ ĐỖ GẦN, Thanh Xuân, Thành phố Hà Nội, Việt Nam",NO_RESULT,,,,UNKNOWN,UNKNOWN,False,TIER_E_NO_RESULT,0,,
131610,https://batdongsan.vn/ban-nha-phap-van-hoang-mai-ngo-nong-sat-pho-dien-tich-rong-mat-tien-dep-2-thoang-truoc-sau-r131610,Hà Nội,Hoàng Mai,alley_or_lane,title,NGÕ NÔNG SÁT PHỐ,NGÕ NÔNG SÁT PHỐ,Nominatim,"NGÕ NÔNG SÁT PHỐ, Hoàng Mai, Thành phố Hà Nội, Việt Nam",NO_RESULT,,,,UNKNOWN,UNKNOWN,False,TIER_E_NO_RESULT,0,,
131191,https://batdongsan.vn/ban-nha-pho-tram-45m2-gia-chi-nhinh-6-ty-co-o-cho-thang-may-r131191,Hà Nội,Long Biên,street_only,title,PHỐ TRẠM - 45M2 - GIÁ CHỈ NHỈNH 6 TỶ CÓ Ô CHỜ THANG MÁY,PHỐ TRẠM GIÁ CHỈ CÓ Ô CHỜ,Nominatim,"PHỐ TRẠM GIÁ CHỈ CÓ Ô CHỜ, Long Biên, Thành phố Hà Nội, Việt Nam",NO_RESULT,,,,UNKNOWN,UNKNOWN,False,TIER_E_NO_RESULT,0,,
146895,https://batdongsan.vn/ban-nha-dam-quang-trung-6-tang-thang-maygara-o-tofull-noi-that-chi-106-ty-r146895,Hà Nội,Long Biên,unclear,title,"Bán nhà Đàm Quang Trung 6 tầng thang máy,gara ô tô,full nội thất chỉ 10,6 tỷ",Đàm Quang Trung gara ô tô,Nominatim,"Đàm Quang Trung gara ô tô, Long Biên, Thành phố Hà Nội, Việt Nam",NO_RESULT,,,,UNKNOWN,UNKNOWN,False,TIER_E_NO_RESULT,0,,
151625,https://batdongsan.vn/nhanh-tay-moi-kip-kham-thien-46-m-3-tang-4-phong-ngu-nha-moi-thoang-dep-cach-o-to-dung-20-r151625,Hà Nội,Đống Đa,unclear,title,"Nhanh Tay mới kịp. Khâm Thiên 46 m, 3 tầng, 4 phòng ngủ, nhà mới, thoáng đẹp, cách ô tô đúng 20",Nhanh Tay mới kịp Khâm Thiên 46 m 4 phòng ngủ thoáng đẹp cách ô tô đúng 20,Nominatim,"Nhanh Tay mới kịp Khâm Thiên 46 m 4 phòng ngủ thoáng đẹp cách ô tô đúng 20, Đống Đa, Thành phố Hà Nội, Việt Nam",NO_RESULT,,,,UNKNOWN,UNKNOWN,False,TIER_E_NO_RESULT,0,,
175098,https://batdongsan.vn/ban-nha-tai-dong-mai-ha-dong-dt-35m2-thiet-ke-4-tang-nhinh-3-ty-r175098,Hà Nội,Hà Đông,street_only,title,"BÁN NHÀ TẠI ĐỒNG MAI - HÀ ĐÔNG DT 35M2 THIẾT KẾ 4 TẦNG, NHỈNH 3 TỶ",TẠI ĐỒNG MAI HÀ ĐÔNG THIẾT KẾ,Nominatim,"TẠI ĐỒNG MAI HÀ ĐÔNG THIẾT KẾ, Thành phố Hà Nội, Việt Nam",NO_RESULT,,,,UNKNOWN,UNKNOWN,False,TIER_E_NO_RESULT,0,,
143021,https://batdongsan.vn/ban-can-ho-nho-xinh-tai-pho-tran-cung-cau-giay-36m2-1n-1k-1vs-chi-165-ty-r143021,Hà Nội,Cầu Giấy,street_only,title,Phố Trần Cung- Cầu Giấy  36m2,Phố Trần Cung Cầu Giấy,Nominatim,"Phố Trần Cung Cầu Giấy, Thành phố Hà Nội, Việt Nam",NO_RESULT,,,,UNKNOWN,UNKNOWN,False,TIER_E_NO_RESULT,0,,
128659,https://batdongsan.vn/ban-nha-dong-tien-pho-ha-tri-1-moi-ngay-co-1-trieu-5-tang-82m-103-ty-r128659,Hà Nội,Hà Đông,street_only,title,phố Hà Trì 1,phố Hà Trì 1,Nominatim,"phố Hà Trì 1, Hà Đông, Thành phố Hà Nội, Việt Nam",SUCCESS,20.9641024,105.7775062,"Phố Hà Trì, Phường Hà Đông, Thành phố Hà Nội, 10189, Việt Nam",ADMIN_MATCH,STREET,True,TIER_B_SPATIALLY_USEFUL,3,,
178599,https://batdongsan.vn/ban-nha-ngo-85-xuan-thuy-cau-giay-vi-tri-dep-o-to-tranh-kinh-doanh-dt-154m2-39-ty-r178599,Hà Nội,Cầu Giấy,alley_or_lane,title,NGÕ 85 XUÂN THỦY CẦU GIẤY - VỊ TRÍ ĐẸP Ô TÔ TRÁNH KINH DOANH,NGÕ 85 XUÂN THỦY CẦU GIẤY VỊ TRÍ ĐẸP,Nominatim,"NGÕ 85 XUÂN THỦY CẦU GIẤY VỊ TRÍ ĐẸP, Thành phố Hà Nội, Việt Nam",NO_RESULT,,,,UNKNOWN,UNKNOWN,False,TIER_E_NO_RESULT,0,,
106785,https://batdongsan.vn/ban-nha-mat-pho-co-hang-buom-64m2-4-tang-ngang-5m-55-tythuong-luong-r276979,Hà Nội,Hoàn Kiếm,street_only,title,Phố Cổ Hàng Buồm,Phố Cổ Hàng Buồm,Nominatim,"Phố Cổ Hàng Buồm, Hoàn Kiếm, Thành phố Hà Nội, Việt Nam",SUCCESS,21.0360382,105.8520965,"Cháo Lòng Phố Cổ, 26, Phố Hàng Buồm, Khu phố cổ, Phường Hoàn Kiếm, Thành phố Hà Nội, 11024, Việt Nam",ADMIN_MATCH,UNKNOWN,False,TIER_D_ADMIN_ONLY,2,,
147863,https://batdongsan.vn/nha-moi-83m-x-5-tang-gia-138-ty-o-to-tranh-thang-may-kinh-doanh-bat-chap-hang-hiem-ngo-gia-tu-r147863,Hà Nội,Long Biên,street_only,title,"NHÀ MỚI 83m x 5 TẦNG GIÁ 13,8 TỶ Ô TÔ TRÁNH THANG MÁY KINH DOANH BẤT CHẤP HÀNG HIẾM NGÔ GIA TỰ-",x,Nominatim,"x, Long Biên, Thành phố Hà Nội, Việt Nam",SUCCESS,21.0232241,105.898496,"Phường Long Biên, Thành phố Hà Nội, 11814, Việt Nam",ADMIN_MATCH,WARD,True,TIER_B_SPATIALLY_USEFUL,2,,
148140,https://batdongsan.vn/ban-nha-mat-pho-vip-hao-nam-ban-gap-42m2-x-5-tang-chi-18-ty-vi-tri-kim-cuong-r148140,Hà Nội,Đống Đa,street_only,title,phố Vip Hào Nam bán gấp 42m2 x 5 tầng chỉ 18 tỷ - vị trí kim cương,phố Vip Hào Nam bán gấp x vị trí kim cương,Nominatim,"phố Vip Hào Nam bán gấp x vị trí kim cương, Đống Đa, Thành phố Hà Nội, Việt Nam",NO_RESULT,,,,UNKNOWN,UNKNOWN,False,TIER_E_NO_RESULT,0,,
128144,https://batdongsan.vn/nha-dep-don-tet-o-to-sieu-gan-phan-khuc-hiem-nha-dep-34m2-42-ty-r128144,Hà Nội,Hà Đông,street_only,title,NHÀ ĐẸP ĐÓN TẾT - Ô TÔ SIÊU GẦN - PHÂN KHÚC HIẾM NHÀ ĐẸP – 34M2 – 4.2 TỶ,ĐÓN TẾT Ô TÔ SIÊU GẦN PHÂN KHÚC,Nominatim,"ĐÓN TẾT Ô TÔ SIÊU GẦN PHÂN KHÚC, Hà Đông, Thành phố Hà Nội, Việt Nam",NO_RESULT,,,,UNKNOWN,UNKNOWN,False,TIER_E_NO_RESULT,0,,
133002,https://batdongsan.vn/boom-tan-nha-pho-kinh-doanh-duong-nguyen-xien-92m2-8-tang-699-ty-r133002,Hà Nội,Thanh Xuân,street_only,title,phố - Kinh doanh - Đường Nguyễn Xiển 92m2 8 tầng 69.9 tỷ,phố Đường Nguyễn Xiển,Nominatim,"phố Đường Nguyễn Xiển, Thanh Xuân, Thành phố Hà Nội, Việt Nam",NO_RESULT,,,,UNKNOWN,UNKNOWN,False,TIER_E_NO_RESULT,0,,
196008,https://batdongsan.vn/nha-pho-vuong-thua-vu-khu-phan-lo-quan-doi-hai-mat-ngo-thoang-truoc-sau-kinh-doanh-r196008,Hà Nội,Thanh Xuân,alley_or_lane,title,PHỐ VƯƠNG THỪA VŨ - KHU PHÂN LÔ QUÂN ĐỘI - HAI MẶT NGÕ THOÁNG TRƯỚC SAU - KINH DOANH,PHỐ VƯƠNG THỪA VŨ KHU QUÂN ĐỘI HAI MẶT NGÕ THOÁNG TRƯỚC SAU,Nominatim,"PHỐ VƯƠNG THỪA VŨ KHU QUÂN ĐỘI HAI MẶT NGÕ THOÁNG TRƯỚC SAU, Thanh Xuân, Thành phố Hà Nội, Việt Nam",NO_RESULT,,,,UNKNOWN,UNKNOWN,False,TIER_E_NO_RESULT,0,,
168707,https://batdongsan.vn/ban-dat-mat-pho-ngoc-tri-giu-tien-an-toan-sinh-loi-ben-vung-r168707,Hà Nội,Long Biên,street_only,title,PHỐ NGỌC TRÌ – GIỮ TIỀN AN TOÀN,PHỐ NGỌC TRÌ GIỮ TIỀN AN TOÀN,Nominatim,"PHỐ NGỌC TRÌ GIỮ TIỀN AN TOÀN, Long Biên, Thành phố Hà Nội, Việt Nam",NO_RESULT,,,,UNKNOWN,UNKNOWN,False,TIER_E_NO_RESULT,0,,
166501,https://batdongsan.vn/cuc-hotnha-phan-lo-otovia-he-ham-nghi-canh-vin-gardeniadt35mx5tmt4mnhinh-8-y-r166501,Hà Nội,Nam Từ Liêm,landmark_only,title,"CỰC HOT!NHÀ PHÂN LÔ OTO,VỈA HÈ HÀM NGHI cạnh Vin Gardenia,DT=35Mx5T,MT=4m,nhỉnh 8 ỷ",CỰC HOT NHÀ OTO VỈA HÈ HÀM NGHI cạnh Vin Gardenia DT=35Mx5T MT= nhỉnh 8 ỷ,Nominatim,"CỰC HOT NHÀ OTO VỈA HÈ HÀM NGHI cạnh Vin Gardenia DT=35Mx5T MT= nhỉnh 8 ỷ, Nam Từ Liêm, Thành phố Hà Nội, Việt Nam",NO_RESULT,,,,UNKNOWN,UNKNOWN,False,TIER_E_NO_RESULT,0,,
148750,https://batdongsan.vn/ban-nha-nguyen-van-troi-tx-5-tang-32m2-mt-59m-gia-625-ty-r148750,Hà Nội,Thanh Xuân,street_only,dedicated_address,"Nguyễn Văn Trỗi, Đống Đa, Hà Nội",Nguyễn Văn Trỗi Đống Đa Hà Nội,Nominatim,"Nguyễn Văn Trỗi Đống Đa Hà Nội, Thanh Xuân, Việt Nam",NO_RESULT,,,,UNKNOWN,UNKNOWN,False,TIER_E_NO_RESULT,0,,
121971,https://batdongsan.vn/nha-moi-ba-trieu-le-loi-5tang-50m-gan-pho-gia-79-ty-r121971,Hà Nội,Hà Đông,street_only,title,phố giá 7,phố giá 7,Nominatim,"phố giá 7, Hà Đông, Thành phố Hà Nội, Việt Nam",SUCCESS,20.9740406,105.775631,"Phố Ngô Gia Khảm, Phường Hà Đông, Thành phố Hà Nội, 10189, Việt Nam",ADMIN_MATCH,STREET,True,TIER_B_SPATIALLY_USEFUL,3,,
174627,https://batdongsan.vn/thach-ban-o-to-do-cua-36m-chi-54-ty-r174627,Hà Nội,Long Biên,unclear,title,Thạch Bàn - Ô tô đỗ cửa - 36m chỉ 5.4 tỷ,Thạch Bàn,Nominatim,"Thạch Bàn, Long Biên, Thành phố Hà Nội, Việt Nam",SUCCESS,21.0250979,105.9102468,"Thạch Bàn, Phường Long Biên, Thành phố Hà Nội, 11814, Việt Nam",ADMIN_MATCH,WARD,True,TIER_B_SPATIALLY_USEFUL,1,,
195247,https://batdongsan.vn/ban-nha-pho-kim-nguu-hai-ba-trung-40m-5-tang-gia-89-ty-lh-0937158386-r195247,Hà Nội,Hai Bà Trưng,street_only,title,phố Kim Ngưu,phố Kim Ngưu,Nominatim,"phố Kim Ngưu, Hai Bà Trưng, Thành phố Hà Nội, Việt Nam",SUCCESS,20.9991814,105.8615834,"BIDV, 276, Phố Kim Ngưu, Quỳnh Lôi, Phường Bạch Mai, Thành phố Hà Nội, 11618, Việt Nam",ADMIN_PARTIAL_MATCH,UNKNOWN,False,TIER_F_INVALID_OR_INCONSISTENT,2,,
141929,https://batdongsan.vn/ban-nha-pho-tran-quy-kien-cau-giay-6-tang-thiet-ke-thong-san-via-he-o-to-tranh-kinh-doanh-r141929,Hà Nội,Cầu Giấy,street_only,title,Phố trần Quý Kiên,Phố trần Quý Kiên,Nominatim,"Phố trần Quý Kiên, Cầu Giấy, Thành phố Hà Nội, Việt Nam",SUCCESS,21.0371031,105.7919194,"Phố Trần Quý Kiên, Hoài Đức Phủ, Kẻ Vòng (Dịch Vọng), Phường Cầu Giấy, Thành phố Hà Nội, 11314, Việt Nam",ADMIN_MATCH,STREET,True,TIER_B_SPATIALLY_USEFUL,1,,
137936,https://batdongsan.vn/50m-nha-pho-o-to-thang-may-mat-tien-rong-san-sang-don-tet-chi-nhinh-9-dong-r137936,Hà Nội,Long Biên,street_only,title,PHỐ Ô TÔ THANG MÁY MẶT TIỀN RỘNG SẴN SÀNG ĐÓN TẾT CHỈ NHỈNH 9 ĐỒNG,RỘNG CHỈ,Nominatim,"RỘNG CHỈ, Long Biên, Thành phố Hà Nội, Việt Nam",NO_RESULT,,,,UNKNOWN,UNKNOWN,False,TIER_E_NO_RESULT,0,,
160003,https://batdongsan.vn/dai-la-tran-dai-nghia-39m2-4-tang-4vngu-mt-6m-tai-chinh-7ty-r160003,Hà Nội,Hai Bà Trưng,street_only,title,🏡 ĐẠI LA – TRẦN ĐẠI NGHĨA  39m² – 4 TẦNG - 4VNGỦ – MT 6M – TÀI CHÍNH 7TỶ 🔥,🏡 ĐẠI LA TRẦN ĐẠI NGHĨA 39m² 4VNGỦ MT TÀI CHÍNH,Nominatim,"🏡 ĐẠI LA TRẦN ĐẠI NGHĨA 39m² 4VNGỦ MT TÀI CHÍNH, Hai Bà Trưng, Thành phố Hà Nội, Việt Nam",NO_RESULT,,,,UNKNOWN,UNKNOWN,False,TIER_E_NO_RESULT,0,,
166199,https://batdongsan.vn/ban-nha-ngo-509-vu-tong-phan-ngo-3-gac-tranh-thong-so-vang-gia-dau-tu-48m2-r166199,Hà Nội,Thanh Xuân,alley_or_lane,title,ngõ 509 Vũ Tông Phan- Ngõ 3 gác tránh- Thông số vàng- Giá đầu tư- 48m2,ngõ 509 Vũ Tông Phan Ngõ 3 gác tránh Thông số vàng Giá đầu tư,Nominatim,"ngõ 509 Vũ Tông Phan Ngõ 3 gác tránh Thông số vàng Giá đầu tư, Thanh Xuân, Thành phố Hà Nội, Việt Nam",NO_RESULT,,,,UNKNOWN,UNKNOWN,False,TIER_E_NO_RESULT,0,,
179664,https://batdongsan.vn/ban-chung-cu-mat-pho-hai-ba-trung-80m-3-ngu-2-wc-chi-nhinh-3-ty-chua-so-r179664,Hà Nội,Hai Bà Trưng,project_or_residential_area,title,Bán chung cư mặt phố Hai Bà Trưng 80m 3 ngủ 2 wc chỉ nhỉnh 3 tỷ chưa sổ,Bán chung cư mặt phố Hai Bà Trưng 3 ngủ chỉ chưa sổ,Nominatim,"Bán chung cư mặt phố Hai Bà Trưng 3 ngủ chỉ chưa sổ, Thành phố Hà Nội, Việt Nam",NO_RESULT,,,,UNKNOWN,UNKNOWN,False,TIER_E_NO_RESULT,0,,
153804,https://batdongsan.vn/ban-nha-bui-quoc-khai-hoang-mai-phan-lo-20m-o-to-tranh-51m2-112tyctl-r153804,Hà Nội,Hoàng Mai,street_only,title,"BÁN NHÀ BÙI QUỐC KHÁI, HOÀNG MAI, PHÂN LÔ 20M Ô TÔ TRÁNH, 51M2, 11.2TỶ(CTL)",BÙI QUỐC KHÁI HOÀNG MAI,Nominatim,"BÙI QUỐC KHÁI HOÀNG MAI, Thành phố Hà Nội, Việt Nam",NO_RESULT,,,,UNKNOWN,UNKNOWN,False,TIER_E_NO_RESULT,0,,
147336,https://batdongsan.vn/ban-nha-mat-pho-au-co-nha-dan-xay-kien-co-so-vuong-dep-57m2-mt55-48-ty-r147336,Hà Nội,Tây Hồ,street_only,title,PHỐ ÂU CƠ,PHỐ ÂU CƠ,Nominatim,"PHỐ ÂU CƠ, Tây Hồ, Thành phố Hà Nội, Việt Nam",SUCCESS,21.0787868,105.8175567,"Ngõ 97 Phố Trịnh Công Sơn, Nhật Tân, Phường Tây Hồ, Thành phố Hà Nội, 11214, Việt Nam",ADMIN_MATCH,STREET,True,TIER_B_SPATIALLY_USEFUL,1,,
127575,https://batdongsan.vn/ban-nha-35m2-5-tang-3pn-4wc-linh-nam-hoang-mai-45-ty-r127575,Hà Nội,Hoàng Mai,street_only,title,"Bán nhà 35m², 5 tầng, 3PN, 4WC, Lĩnh Nam - Hoàng Mai - 4.5 tỷ",35m² Lĩnh Nam Hoàng Mai,Nominatim,"35m² Lĩnh Nam Hoàng Mai, Thành phố Hà Nội, Việt Nam",NO_RESULT,,,,UNKNOWN,UNKNOWN,False,TIER_E_NO_RESULT,0,,
186301,https://batdongsan.vn/nha-moi-tan-xuan-38m2-5-tang-dep-ngo-thong-thoang-o-suong-gia-chi-6-ty-r186301,Hà Nội,Bắc Từ Liêm,alley_or_lane,title,ngõ thông thoáng,ngõ thông thoáng,Nominatim,"ngõ thông thoáng, Bắc Từ Liêm, Thành phố Hà Nội, Việt Nam",NO_RESULT,,,,UNKNOWN,UNKNOWN,False,TIER_E_NO_RESULT,0,,
120322,https://batdongsan.vn/ban-nha-my-dinh-nam-tu-liem-ngo-thong-thoang-gan-o-to-nha-thoang-sang-5-tang-66-ty-r120322,Hà Nội,Nam Từ Liêm,alley_or_lane,dedicated_address,"Vị trí cực đẹp, nhà mặt ngách thông ra Phú Mỹ, Lê Đức Thọ",Vị trí cực đẹp nhà mặt ngách thông ra Phú Mỹ Lê Đức Thọ,Nominatim,"Vị trí cực đẹp nhà mặt ngách thông ra Phú Mỹ Lê Đức Thọ, Nam Từ Liêm, Thành phố Hà Nội, Việt Nam",NO_RESULT,,,,UNKNOWN,UNKNOWN,False,TIER_E_NO_RESULT,0,,
135159,https://batdongsan.vn/ban-toa-ccmn-pho-tan-trieu-70-m2-x7-tang-22-phong-khep-kin-r135159,Hà Nội,Thanh Trì,street_only,title,Phố Tân Triều 70 m2 X7 Tầng + 22 Phòng Khép Kín 💥💥,Phố Tân Triều 70 m2 X7 Tầng + 22 Phòng Khép Kín 💥💥,Nominatim,"Phố Tân Triều 70 m2 X7 Tầng + 22 Phòng Khép Kín 💥💥, Thanh Trì, Thành phố Hà Nội, Việt Nam",NO_RESULT,,,,UNKNOWN,UNKNOWN,False,TIER_E_NO_RESULT,0,,
183275,https://batdongsan.vn/ban-nha-nguyen-van-cu-118m-x-5-tang-mat-tien-55m-thang-may-gara-kinh-doanh-r183275,Hà Nội,Long Biên,alley_or_lane,dedicated_address,"khu vực Nguyễn Văn Cừ, cách cầu Chương Dương 200m, mặt ngõ ôtô thông , cạnh bệnh viện Bắc Hà",khu vực Nguyễn Văn Cừ cách cầu Chương Dương mặt ngõ ôtô thông cạnh bệnh viện Bắc Hà,Nominatim,"khu vực Nguyễn Văn Cừ cách cầu Chương Dương mặt ngõ ôtô thông cạnh bệnh viện Bắc Hà, Long Biên, Thành phố Hà Nội, Việt Nam",NO_RESULT,,,,UNKNOWN,UNKNOWN,False,TIER_E_NO_RESULT,0,,
189981,https://batdongsan.vn/mat-pho-co-long-duong-o-to-tranh-via-he-menh-mong-kinh-doanh-vo-doi-5-tang-dep-nhinh-25-ty-r189981,Hà Nội,Hoàn Kiếm,street_only,title,PHỐ CỔ LÒNG ĐƯỜNG Ô TÔ TRÁNH,PHỐ CỔ LÒNG ĐƯỜNG,Nominatim,"PHỐ CỔ LÒNG ĐƯỜNG, Hoàn Kiếm, Thành phố Hà Nội, Việt Nam",SUCCESS,21.0328101,105.8463895,"BIDV, 37B, Phố Đường Thành, Khu phố cổ, Phường Hoàn Kiếm, Thành phố Hà Nội, 11024, Việt Nam",ADMIN_MATCH,UNKNOWN,False,TIER_D_ADMIN_ONLY,4,,
172724,https://batdongsan.vn/ban-nha-mat-pho-nguyen-cong-hoan-ba-dinh-164m2-mt-115m-dong-tien-100-trth-r172724,Hà Nội,Ba Đình,street_only,title,PHỐ NGUYỄN CÔNG HOAN,PHỐ NGUYỄN CÔNG HOAN,Nominatim,"PHỐ NGUYỄN CÔNG HOAN, Ba Đình, Thành phố Hà Nội, Việt Nam",NO_RESULT,,,,UNKNOWN,UNKNOWN,False,TIER_E_NO_RESULT,0,,
173940,https://batdongsan.vn/ban-nha-le-trong-tan-34mngo-o-to-hon-12-ty-r173940,Hà Nội,Thanh Xuân,alley_or_lane,title,ngõ ô tô,ngõ ô tô,Nominatim,"ngõ ô tô, Thanh Xuân, Thành phố Hà Nội, Việt Nam",NO_RESULT,,,,UNKNOWN,UNKNOWN,False,TIER_E_NO_RESULT,0,,
117747,https://batdongsan.vn/yen-phu-tay-ho-42m2-x-7-tang-nha-mat-pho-lo-goc-ba-mat-thoang-via-he-kinh-doanh-sam-uat-gia-r117747,Hà Nội,Tây Hồ,street_only,description,"YÊN PHỤ, TÂY HỒ, 42M2 x 7 TẦNG, NHÀ MẶT PHỐ, LÔ GÓC, BA MẶT THOÁNG, VỈA HÈ, KINH DOANH SẦM UẤT GIÁ",YÊN PHỤ TÂY HỒ x NHÀ MẶT PHỐ LÔ GÓC BA MẶT THOÁNG VỈA HÈ SẦM UẤT GIÁ,Nominatim,"YÊN PHỤ TÂY HỒ x NHÀ MẶT PHỐ LÔ GÓC BA MẶT THOÁNG VỈA HÈ SẦM UẤT GIÁ, Thành phố Hà Nội, Việt Nam",NO_RESULT,,,,UNKNOWN,UNKNOWN,False,TIER_E_NO_RESULT,0,,
118762,https://batdongsan.vn/ban-nha-hoang-hoa-tham-ba-dinh-ngo-ba-gac-tranh-san-go-cua-chong-chay-noi-that-cao-cap-r118762,Hà Nội,Ba Đình,alley_or_lane,dedicated_address,"Đường Hoàng Hoa Thám, Ngõ thông, Khu vực 3 Đình",Đường Hoàng Hoa Thám Ngõ thông Khu vực 3 Đình,Nominatim,"Đường Hoàng Hoa Thám Ngõ thông Khu vực 3 Đình, Ba Đình, Thành phố Hà Nội, Việt Nam",NO_RESULT,,,,UNKNOWN,UNKNOWN,False,TIER_E_NO_RESULT,0,,
161276,https://batdongsan.vn/hoa-haube-van-danquang-trungha-dong40m-5-tang-gia-hon-8-ty-r161276,Hà Nội,Hà Đông,street_only,dedicated_address,"Ngay gần Ga Cát Linh Hà Đông, Bệnh viện,siêu thị ,trường",Ngay gần Ga Cát Linh Hà Đông Bệnh viện siêu thị trường,Nominatim,"Ngay gần Ga Cát Linh Hà Đông Bệnh viện siêu thị trường, Thành phố Hà Nội, Việt Nam",NO_RESULT,,,,UNKNOWN,UNKNOWN,False,TIER_E_NO_RESULT,0,,
124463,https://batdongsan.vn/ban-gap-nha-bach-mai-dt-35m2-mt-41m-cach-mat-pho-tram-m-gia-chi-525ty-r124463,Hà Nội,Hai Bà Trưng,street_only,title,phố trăm m. Giá chỉ 5,phố trăm m Giá chỉ 5,Nominatim,"phố trăm m Giá chỉ 5, Hai Bà Trưng, Thành phố Hà Nội, Việt Nam",NO_RESULT,,,,UNKNOWN,UNKNOWN,False,TIER_E_NO_RESULT,0,,
182135,https://batdongsan.vn/phung-chi-kien-30m-x5-tang-88-ty-phan-loo-to-tranh-nha-dan-xay2-thoangfull-noi-that-r182135,Hà Nội,Cầu Giấy,street_only,title,"PHÙNG CHÍ KIÊN 30M x5 TẦNG 8,8 TỶ-PHÂN LÔ,Ô TÔ TRÁNH NHÀ DÂN XÂY,2 THOÁNG,FULL NỘI THẤT",PHÙNG CHÍ KIÊN x5 TẦNG NHÀ DÂN XÂY 2 THOÁNG,Nominatim,"PHÙNG CHÍ KIÊN x5 TẦNG NHÀ DÂN XÂY 2 THOÁNG, Cầu Giấy, Thành phố Hà Nội, Việt Nam",NO_RESULT,,,,UNKNOWN,UNKNOWN,False,TIER_E_NO_RESULT,0,,
85976,https://batdongsan.vn/pho-tan-mai-ban-nha-38m6t-oto-do-cong-nha-dep-lung-linh-gia-re-bat-ngo-lh-ngay-097xxx-r256144,Hà Nội,Hoàng Mai,street_only,title,Phố Tân Mai,Phố Tân Mai,Nominatim,"Phố Tân Mai, Hoàng Mai, Thành phố Hà Nội, Việt Nam",SUCCESS,20.9835366,105.8594845,"Phố Tân Mai, Phường Hoàng Mai, Thành phố Hà Nội, 11720, Việt Nam",ADMIN_MATCH,STREET,True,TIER_B_SPATIALLY_USEFUL,4,,
119763,https://batdongsan.vn/dong-da-sieu-pham-mat-pho-35m2-4-tang-kinh-doanh-sam-uat-thang-may-via-he-lo-goc-3-mat-r119763,Hà Nội,Đống Đa,street_only,title,PHỐ 35M2 4 TẦNG - KINH DOANH SẦM UẤT - THANG MÁY - VỈA HÈ - LÔ GÓC 3 MẶT,PHỐ SẦM UẤT VỈA HÈ LÔ GÓC 3 MẶT,Nominatim,"PHỐ SẦM UẤT VỈA HÈ LÔ GÓC 3 MẶT, Đống Đa, Thành phố Hà Nội, Việt Nam",SUCCESS,21.0107304,105.8182024,"Phường Đống Đa, Thành phố Hà Nội, 11527, Việt Nam",ADMIN_MATCH,WARD,True,TIER_B_SPATIALLY_USEFUL,1,,
150770,https://batdongsan.vn/toa-nha-van-phong-mat-pho-giang-vo-120m-x-10-tang-thang-may-2-mat-thoang-kd-84-ty-r150770,Hà Nội,Ba Đình,street_only,title,PHỐ GIẢNG VÕ – 120M x 10 TẦNG THANG MÁY – 2 MẶT THOÁNG – KD – 84 TỶ,PHỐ GIẢNG VÕ x 2 MẶT THOÁNG KD,Nominatim,"PHỐ GIẢNG VÕ x 2 MẶT THOÁNG KD, Ba Đình, Thành phố Hà Nội, Việt Nam",NO_RESULT,,,,UNKNOWN,UNKNOWN,False,TIER_E_NO_RESULT,0,,
191617,https://batdongsan.vn/lo-goc-mat-ngo-lon-co-via-he-206m2-ngo-298-ngoc-lam-2-mat-thoang-r191617,Hà Nội,Long Biên,full_address,dedicated_address,"Ngõ 298 Ngọc Lâm, phường Bồ Đề, quận Long Biên",Ngõ 298 Ngọc Lâm phường Bồ Đề quận Long Biên,Nominatim,"Ngõ 298 Ngọc Lâm phường Bồ Đề quận Long Biên, Thành phố Hà Nội, Việt Nam",NO_RESULT,,,,UNKNOWN,UNKNOWN,False,TIER_E_NO_RESULT,0,,
126974,https://batdongsan.vn/ban-2-toa-chdv-cao-cap-pham-van-dong-ngay-kdt-tp-giao-luu-cv-hoa-binh-gan-mega-market-giap-r126974,Hà Nội,Bắc Từ Liêm,project_or_residential_area,title,"BÁN 2 TÒA CHDV CAO CẤP PHẠM VĂN ĐỒNG ( NGAY KĐT TP GIAO LƯU, CV HÒA BÌNH GẦN MEGA MARKET): GIÁP",BÁN 2 TÒA CHDV CAO CẤP PHẠM VĂN ĐỒNG NGAY KĐT TP GIAO LƯU CV HÒA BÌNH GẦN MEGA MARKET GIÁP,Nominatim,"BÁN 2 TÒA CHDV CAO CẤP PHẠM VĂN ĐỒNG NGAY KĐT TP GIAO LƯU CV HÒA BÌNH GẦN MEGA MARKET GIÁP, Bắc Từ Liêm, Thành phố Hà Nội, Việt Nam",NO_RESULT,,,,UNKNOWN,UNKNOWN,False,TIER_E_NO_RESULT,0,,
81796,https://batdongsan.vn/ban-nha-lang-trung-lo-goc-vua-o-vua-cho-thue-o-to-chi-6-ty-lh-trang-0968588737-r251948,Hà Nội,Đống Đa,unclear,title,"Bán nhà Láng Trung lô góc, vừa ở vừa cho thuê, ô tô, chỉ 6 tỷ. LH Trang 0968588737.",Láng Trung lô góc vừa ở vừa cho thuê ô tô LH Trang 0968588737,Nominatim,"Láng Trung lô góc vừa ở vừa cho thuê ô tô LH Trang 0968588737, Đống Đa, Thành phố Hà Nội, Việt Nam",NO_RESULT,,,,UNKNOWN,UNKNOWN,False,TIER_E_NO_RESULT,0,,
182297,https://batdongsan.vn/mat-pho-nguyen-khang-toa-vp-8-tang-80m2-via-he-view-song-so-vuong-det-r182297,Hà Nội,Cầu Giấy,street_only,title,PHỐ NGUYỄN KHANG - TÒA VP 8 TẦNG - 80M² - VỈA HÈ - VIEW SÔNG - SỔ VUÔNG ĐÉT,PHỐ NGUYỄN KHANG TÒA VP 80M² VỈA HÈ VIEW SÔNG SỔ VUÔNG ĐÉT,Nominatim,"PHỐ NGUYỄN KHANG TÒA VP 80M² VỈA HÈ VIEW SÔNG SỔ VUÔNG ĐÉT, Cầu Giấy, Thành phố Hà Nội, Việt Nam",NO_RESULT,,,,UNKNOWN,UNKNOWN,False,TIER_E_NO_RESULT,0,,
106106,https://batdongsan.vn/ban-nha-rieng-p-nghia-tan-cau-giay-50m-mt-45m-o-to-tranh-5m-chi-7-ty-hon-hoang-quoc-viet-r276300,Hà Nội,Cầu Giấy,street_only,title,Bán nhà riêng P Nghĩa Tân Cầu Giấy 50m Mt 4.5m Ô TÔ TRÁNH 5M Chỉ 7 tỷ hơn Hoàng Quốc Việt,riêng P Nghĩa Tân Cầu Giấy Mt 4 hơn Hoàng Quốc Việt,Nominatim,"riêng P Nghĩa Tân Cầu Giấy Mt 4 hơn Hoàng Quốc Việt, Thành phố Hà Nội, Việt Nam",NO_RESULT,,,,UNKNOWN,UNKNOWN,False,TIER_E_NO_RESULT,0,,
163742,https://batdongsan.vn/ban-nha-tu-dinh-18-ty-85m-phan-lo-via-he-o-to-kinh-doanhlong-bien-r163742,Hà Nội,Long Biên,street_only,title,"BÁN NHÀ TƯ ĐÌNH 18 tỷ 85m PHÂN LÔ VỈA HÈ Ô TÔ KINH DOANH,LONG BIÊN",TƯ ĐÌNH LONG BIÊN,Nominatim,"TƯ ĐÌNH LONG BIÊN, Thành phố Hà Nội, Việt Nam",SUCCESS,21.0271613,105.885657,"Tư Đình, Phường Long Biên, Thành phố Hà Nội, 11814, Việt Nam",ADMIN_MATCH,WARD,True,TIER_B_SPATIALLY_USEFUL,1,,
104762,https://batdongsan.vn/toa-nha-8-tang-mat-pho-hai-ba-trung-mat-tien-54m-thang-may-thong-san-r274956,Hà Nội,Hai Bà Trưng,street_only,title,phố Hai Bà Trưng,phố Hai Bà Trưng,Nominatim,"phố Hai Bà Trưng, Thành phố Hà Nội, Việt Nam",SUCCESS,21.0255244,105.8485536,"Phố Hai Bà Trưng, Phường Cửa Nam, Thành phố Hà Nội, 11018, Việt Nam",ADMIN_MATCH,STREET,True,TIER_B_SPATIALLY_USEFUL,1,,
121320,https://batdongsan.vn/52m2-nha-mat-ngo-xuan-phuong-ngay-nga-tu-nhon-3-tang-re-nhat-nam-tu-liem-chi-nhinh-6-ty-r121320,Hà Nội,Nam Từ Liêm,alley_or_lane,title,NGÕ XUÂN PHƯƠNG – NGAY NGÃ TƯ NHỔN - 3 tầng - RẺ NHẤT NAM TỪ LIÊM,NGÕ XUÂN PHƯƠNG NGAY NGÃ TƯ NHỔN NAM TỪ LIÊM,Nominatim,"NGÕ XUÂN PHƯƠNG NGAY NGÃ TƯ NHỔN NAM TỪ LIÊM, Thành phố Hà Nội, Việt Nam",NO_RESULT,,,,UNKNOWN,UNKNOWN,False,TIER_E_NO_RESULT,0,,
158606,https://batdongsan.vn/ban-nha-pho-minh-khai-vai-buoc-ra-o-to-sat-pho-minh-khai-dt-30m2-nhinh-7-ty-r158606,Hà Nội,Hai Bà Trưng,street_only,title,phố MInh Khai,phố MInh Khai,Nominatim,"phố MInh Khai, Hai Bà Trưng, Thành phố Hà Nội, Việt Nam",SUCCESS,20.9948099,105.8525631,"Tổng Công ty Lắp máy Việt Nam, Ngõ 124 Minh Khai, Hoàng Mai, Kẻ Mơ, Phường Tương Mai, Thành phố Hà Nội, 11715, Việt Nam",ADMIN_PARTIAL_MATCH,UNKNOWN,False,TIER_F_INVALID_OR_INCONSISTENT,2,,
80704,https://batdongsan.vn/ban-nha-dinh-cong-thuong-hoang-mai-32m-5tang-gia-con-lau-moi-den-4ty-r250855,Hà Nội,Hoàng Mai,unclear,title,"Bán nhà Định Công Thượng, Hoàng Mai 32m 5Tầng giá còn lâu mới đến 4Tỷ",Định Công Thượng Hoàng Mai giá còn lâu mới đến,Nominatim,"Định Công Thượng Hoàng Mai giá còn lâu mới đến, Thành phố Hà Nội, Việt Nam",NO_RESULT,,,,UNKNOWN,UNKNOWN,False,TIER_E_NO_RESULT,0,,
128965,https://batdongsan.vn/nha-dep-don-tet-gia-78-ty-khuong-trung-thanh-xuan-40m-4-tang-cach-o-to-15m-gan-ho-an-sinh-r128965,Hà Nội,Thanh Xuân,landmark_only,title,"Nhà đẹp đón tết, Giá 7.8 tỷ Khương Trung, Thanh Xuân, 40m, 4 tầng, cách ô tô 15m, gần Hồ, an sinh",đón tết Thanh Xuân cách ô tô gần Hồ an sinh,Nominatim,"đón tết Thanh Xuân cách ô tô gần Hồ an sinh, Thành phố Hà Nội, Việt Nam",NO_RESULT,,,,UNKNOWN,UNKNOWN,False,TIER_E_NO_RESULT,0,,
158884,https://batdongsan.vn/sieu-dep-doi-can-ba-dinhngo-rong-42m2-x-5-tang4-pn-du-cong-nang-chi-viec-ve-o-r158884,Hà Nội,Ba Đình,alley_or_lane,title,NGÕ RỘNG -42M2 x 5 Tầng,NGÕ RỘNG x,Nominatim,"NGÕ RỘNG x, Ba Đình, Thành phố Hà Nội, Việt Nam",NO_RESULT,,,,UNKNOWN,UNKNOWN,False,TIER_E_NO_RESULT,0,,
187675,https://batdongsan.vn/yen-hoa-45m-x4-tang-96-ty-nha-mat-ngo-thonggan-phongo-rong-25mgia-dau-tu-r187675,Hà Nội,Cầu Giấy,alley_or_lane,title,NGÕ THÔNG,NGÕ THÔNG,Nominatim,"NGÕ THÔNG, Cầu Giấy, Thành phố Hà Nội, Việt Nam",NO_RESULT,,,,UNKNOWN,UNKNOWN,False,TIER_E_NO_RESULT,0,,
104416,https://batdongsan.vn/chu-can-ban-gap-nha-ngay-nga-tu-to-huu-van-phuc-40m-5-tang-6-ngu-gia-425-ty-r274610,Hà Nội,Hà Đông,street_only,title,CHỦ CẦN BÁN GẤP NHÀ NGAY NGÃ TƯ TỖ HỮU - VẠN PHÚC 40M 5 TẦNG 6 NGỦ GIÁ 4.25 TỶ,CHỦ CẦN BÁN GẤP NHÀ NGAY NGÃ TƯ TỖ HỮU VẠN PHÚC 6 NGỦ,Nominatim,"CHỦ CẦN BÁN GẤP NHÀ NGAY NGÃ TƯ TỖ HỮU VẠN PHÚC 6 NGỦ, Hà Đông, Thành phố Hà Nội, Việt Nam",NO_RESULT,,,,UNKNOWN,UNKNOWN,False,TIER_E_NO_RESULT,0,,
169735,https://batdongsan.vn/em-ban-nha-tap-the-pho-tan-mai-t1-so-do-2460m-1-phong-khach-2-phong-ngu-bep-1-nha-ra-pho-tan-r169735,Hà Nội,Hoàng Mai,house_number_and_street,title,Phố Tân Mai T1 sổ đỏ 24/60m 1 Phòng Khách,Phố Tân Mai T1 sổ đỏ 24/ 1 Phòng Khách,Nominatim,"Phố Tân Mai T1 sổ đỏ 24/ 1 Phòng Khách, Hoàng Mai, Thành phố Hà Nội, Việt Nam",NO_RESULT,,,,UNKNOWN,UNKNOWN,False,TIER_E_NO_RESULT,0,,
151123,https://batdongsan.vn/nguyen-van-cu-long-bien-lo-goc-ngo-o-to-nha-dep-5-tang-o-ngay-hoac-kinh-doanh-nho-r151123,Hà Nội,Long Biên,street_only,dedicated_address,"Nguyễn Văn Cừ, Long Biên, Hà Nội",Nguyễn Văn Cừ Long Biên Hà Nội,Nominatim,"Nguyễn Văn Cừ Long Biên Hà Nội, Việt Nam",SUCCESS,21.0426842,105.870632,"BIDV, 137A, Đường Nguyễn Văn Cừ, Ái Mộ, Phường Bồ Đề, Thành phố Hà Nội, 10245, Việt Nam",ADMIN_PARTIAL_MATCH,UNKNOWN,False,TIER_F_INVALID_OR_INCONSISTENT,3,,
108123,https://batdongsan.vn/gia-dinh-can-ban-nha-mat-ngo-doi-can-gia-108-ty-367mx6-tang-oto-vao-full-noi-that-r278317,Hà Nội,Ba Đình,alley_or_lane,title,ngõ Đội Cấn giá 10,ngõ Đội Cấn giá 10,Nominatim,"ngõ Đội Cấn giá 10, Ba Đình, Thành phố Hà Nội, Việt Nam",SUCCESS,21.0395325,105.836423,"Phường Ba Đình, Thành phố Hà Nội, 11120, Việt Nam",ADMIN_MATCH,WARD,True,TIER_B_SPATIALLY_USEFUL,1,,
133821,https://batdongsan.vn/thuy-khue-tay-ho-dt55m2-x4t-mt3m-105-ty-full-noi-that-gan-pho-r133821,Hà Nội,Tây Hồ,street_only,description,THỤY KHUÊ - TÂY HỒ - DT55M2 X4T - MT3M - 10.5 TỶ - FULL NỘI THẤT  - GẦN PHỐ,THỤY KHUÊ TÂY HỒ X4T MT3M,Nominatim,"THỤY KHUÊ TÂY HỒ X4T MT3M, Thành phố Hà Nội, Việt Nam",NO_RESULT,,,,UNKNOWN,UNKNOWN,False,TIER_E_NO_RESULT,0,,
185748,https://batdongsan.vn/ban-nha-xuan-dinh-sieu-dep-oto-kinh-doanh-o-suong-gan-cong-vien-40m2-so-dep-nhinh-9-ty-r185748,Hà Nội,Bắc Từ Liêm,street_only,title,"BÁN NHÀ XUÂN ĐỈNH SIÊU ĐẸP, OTO, KINH DOANH, Ở SƯỚNG GẦN CÔNG VIÊN 40m2 Sổ đẹp nhỉnh 9 tỷ",XUÂN ĐỈNH SIÊU ĐẸP OTO GẦN CÔNG VIÊN,Nominatim,"XUÂN ĐỈNH SIÊU ĐẸP OTO GẦN CÔNG VIÊN, Bắc Từ Liêm, Thành phố Hà Nội, Việt Nam",NO_RESULT,,,,UNKNOWN,UNKNOWN,False,TIER_E_NO_RESULT,0,,
112823,https://batdongsan.vn/duong-noi-ha-dong-dt-35m2-lo-goc-no-hau-aeon-ha-dong-chi-hon-2-ty-r283017,Hà Nội,Hà Đông,unclear,title,"Dương Nội - Hà Đông: Dt 35m2 - lô góc - Nở hậu - Aeon Hà Đông, chỉ hơn 2 tỷ",Dương Nội Hà Đông lô góc Nở hậu Aeon Hà Đông,Nominatim,"Dương Nội Hà Đông lô góc Nở hậu Aeon Hà Đông, Thành phố Hà Nội, Việt Nam",NO_RESULT,,,,UNKNOWN,UNKNOWN,False,TIER_E_NO_RESULT,0,,
178208,https://batdongsan.vn/khuong-dinh-50m-4-tang-lo-goc-gan-mat-pho-chi-96-ty-r178208,Hà Nội,Thanh Xuân,street_only,title,phố chỉ 9,phố chỉ 9,Nominatim,"phố chỉ 9, Thanh Xuân, Thành phố Hà Nội, Việt Nam",NO_RESULT,,,,UNKNOWN,UNKNOWN,False,TIER_E_NO_RESULT,0,,
156771,https://batdongsan.vn/sieu-pham-nha-phan-lo-2-mat-ngo-full-noi-that-mt-to-42-m-gia-chi-76-ty-r156771,Hà Nội,Đống Đa,alley_or_lane,description,"SIÊU PHẨM NHÀ PHÂN LÔ 2 MẶT NGÕ-FULL NỘI THẤT-MT TO 4,2 M-GIÁ CHỈ 7.6 TỶ",NHÀ 2 MẶT NGÕ MT TO 4 2 M,Nominatim,"NHÀ 2 MẶT NGÕ MT TO 4 2 M, Đống Đa, Thành phố Hà Nội, Việt Nam",SUCCESS,21.0107304,105.8182024,"Phường Đống Đa, Thành phố Hà Nội, 11527, Việt Nam",ADMIN_MATCH,WARD,True,TIER_B_SPATIALLY_USEFUL,1,,
177171,https://batdongsan.vn/chi-361-trieu-m-nha-ngo-279-doi-can-47m-6tang-thang-may-full-noi-that-gia-17-ty-0878168006-r177171,Hà Nội,Ba Đình,alley_or_lane,title,NGÕ 279 ĐỘI CẤN 47M 6TẦNG THANG MÁY FULL NỘI THẤT GIÁ 17 TỶ 0878168006,NGÕ 279 ĐỘI CẤN,Nominatim,"NGÕ 279 ĐỘI CẤN, Ba Đình, Thành phố Hà Nội, Việt Nam",NO_RESULT,,,,UNKNOWN,UNKNOWN,False,TIER_E_NO_RESULT,0,,
191476,https://batdongsan.vn/ban-nha-ngoc-lam-full-noi-that-30m2-6-tang-gia-83-ty-r191476,Hà Nội,Long Biên,street_only,title,BÁN NHÀ NGỌC LÂM – FULL NỘI THẤT – 30M² – 6 TẦNG – GIÁ 8.3 TỶ,NGỌC LÂM 30M²,Nominatim,"NGỌC LÂM 30M², Long Biên, Thành phố Hà Nội, Việt Nam",NO_RESULT,,,,UNKNOWN,UNKNOWN,False,TIER_E_NO_RESULT,0,,
192599,https://batdongsan.vn/ban-nha-4-tang-moi-39m2-phuong-o-cho-dua-dong-da-o-ngay-gia-88-ty-r192599,Hà Nội,Đống Đa,landmark_only,description,"Bán nhà 4 tầng mới – 39m² – Phường Ô Chợ Dừa – Đống Đa – Ở ngay – Giá 8,8 tỷ",mới 39m² Phường Ô Chợ Dừa Đống Đa,Nominatim,"mới 39m² Phường Ô Chợ Dừa Đống Đa, Thành phố Hà Nội, Việt Nam",NO_RESULT,,,,UNKNOWN,UNKNOWN,False,TIER_E_NO_RESULT,0,,
120072,https://batdongsan.vn/mat-pho-minh-khai-hai-ba-trung-91m-gia-31-ty-r120072,Hà Nội,Hai Bà Trưng,street_only,dedicated_address,"Đoạn đẹp nhất phố, giao thông thuận tiện, view TTTM Chợ Mơ rất đẹp",Đoạn đẹp nhất phố giao thông thuận tiện view TTTM Chợ Mơ rất đẹp,Nominatim,"Đoạn đẹp nhất phố giao thông thuận tiện view TTTM Chợ Mơ rất đẹp, Hai Bà Trưng, Thành phố Hà Nội, Việt Nam",NO_RESULT,,,,UNKNOWN,UNKNOWN,False,TIER_E_NO_RESULT,0,,
196473,https://batdongsan.vn/ban-nha-tap-the-nguyen-phong-sac-cau-giay-dt-4890m-gia-555-ty-o-to-do-cua-r196473,Hà Nội,Cầu Giấy,unclear,title,"bán nhà tập thể nguyễn phong sắc cầu giấy DT 48/90m giá 5,55 tỷ ô tô đỗ cửa",tập thể nguyễn phong sắc cầu giấy DT 48/,Nominatim,"tập thể nguyễn phong sắc cầu giấy DT 48/, Thành phố Hà Nội, Việt Nam",NO_RESULT,,,,UNKNOWN,UNKNOWN,False,TIER_E_NO_RESULT,0,,
150633,https://batdongsan.vn/ngoc-thuy-38-m-4t-mt-35m-gia-83-ty-long-bien-r150633,Hà Nội,Long Biên,street_only,title,Ngọc Thụy 38 M 4T MT 3.5M Giá 8.3 tỷ Long Biên,Ngọc Thụy 38 M 4T MT 3,Nominatim,"Ngọc Thụy 38 M 4T MT 3, Long Biên, Thành phố Hà Nội, Việt Nam",NO_RESULT,,,,UNKNOWN,UNKNOWN,False,TIER_E_NO_RESULT,0,,
122305,https://batdongsan.vn/hoa-khoi-toa-vp-mat-pho-hoang-quoc-viet-cau-giay-kd-vip-dt-200mxmt-11mx9-tang-110-ty-tl-r122305,Hà Nội,Cầu Giấy,street_only,title,PHỐ HOÀNG QUỐC VIỆT-CẦU GIẤY-KD VIP-DT 200MxMT 11Mx9 TẦNG-110 TỶ TL,PHỐ HOÀNG QUỐC VIỆT CẦU GIẤY KD VIP xMT 11Mx9 TẦNG,Nominatim,"PHỐ HOÀNG QUỐC VIỆT CẦU GIẤY KD VIP xMT 11Mx9 TẦNG, Thành phố Hà Nội, Việt Nam",NO_RESULT,,,,UNKNOWN,UNKNOWN,False,TIER_E_NO_RESULT,0,,
157434,https://batdongsan.vn/ban-nha-4-tang-pho-ngoc-thuy-ful-noi-that-co-thang-may-r157434,Hà Nội,Long Biên,street_only,title,PHỐ NGỌC THỤY-FUL NỘI THẤT - CÓ THANG MÁY,PHỐ NGỌC THỤY FUL NỘI THẤT CÓ,Nominatim,"PHỐ NGỌC THỤY FUL NỘI THẤT CÓ, Long Biên, Thành phố Hà Nội, Việt Nam",NO_RESULT,,,,UNKNOWN,UNKNOWN,False,TIER_E_NO_RESULT,0,,
162270,https://batdongsan.vn/gia-dinh-toi-can-ban-gap-nha-ngo-201-phuc-loi-lo-goc-30m-mat-tien-rong-10m-ra-oto-tranh-495-r162270,Hà Nội,Long Biên,alley_or_lane,title,ngõ 201 Phúc Lợi,ngõ 201 Phúc Lợi,Nominatim,"ngõ 201 Phúc Lợi, Long Biên, Thành phố Hà Nội, Việt Nam",NO_RESULT,,,,UNKNOWN,UNKNOWN,False,TIER_E_NO_RESULT,0,,
138008,https://batdongsan.vn/thuy-khue-tay-ho-41m2-7-tang-mt-41m-gia-148-ty-nha-moi-thang-may-phan-lo-o-to-7c-ngo-r138008,Hà Nội,Tây Hồ,alley_or_lane,description,"THỤY KHUÊ, TÂY HỒ. 41M2 7 TẦNG MT 4.1M GIÁ 14,8 TỶ-NHÀ MỚI - THANG MÁY - PHÂN LÔ - Ô TÔ 7C - NGÕ",THỤY KHUÊ TÂY HỒ MT 4,Nominatim,"THỤY KHUÊ TÂY HỒ MT 4, Thành phố Hà Nội, Việt Nam",NO_RESULT,,,,UNKNOWN,UNKNOWN,False,TIER_E_NO_RESULT,0,,
170059,https://batdongsan.vn/can-ban-nha-trung-liet-27m-6-tang-thang-may-hon-10-ty-r170059,Hà Nội,Đống Đa,unclear,title,"Cần bán nhà Trung Liệt 27m 6 tầng thang máy, hơn 10 tỷ",Cần Trung Liệt hơn,Nominatim,"Cần Trung Liệt hơn, Đống Đa, Thành phố Hà Nội, Việt Nam",NO_RESULT,,,,UNKNOWN,UNKNOWN,False,TIER_E_NO_RESULT,0,,
130085,https://batdongsan.vn/phu-do-35m2-6-tang-nhinh-6-ty-ngo-thong-kd-vua-o-vua-cho-thue-r130085,Hà Nội,Nam Từ Liêm,alley_or_lane,title,Ngõ thông KD vừa ở vừa cho thuê,Ngõ thông KD vừa ở vừa cho thuê,Nominatim,"Ngõ thông KD vừa ở vừa cho thuê, Nam Từ Liêm, Thành phố Hà Nội, Việt Nam",NO_RESULT,,,,UNKNOWN,UNKNOWN,False,TIER_E_NO_RESULT,0,,
195288,https://batdongsan.vn/ban-nha-dong-tien-luong-khanh-thien-7-tang-thang-may-long-lanh-lo-goc-hoang-mai-r195288,Hà Nội,Hoàng Mai,unclear,title,Bán nhà dòng tiền lương khánh thiện 7 tầng thang máy long lanh lô góc hoàng mai,dòng tiền lương khánh thiện long lanh lô góc hoàng mai,Nominatim,"dòng tiền lương khánh thiện long lanh lô góc hoàng mai, Thành phố Hà Nội, Việt Nam",NO_RESULT,,,,UNKNOWN,UNKNOWN,False,TIER_E_NO_RESULT,0,,
90667,https://batdongsan.vn/ban-nha-97m2-f361-an-duong-tay-ho-o-to-tranh-kinh-doanh-99-ty-r260839,Hà Nội,Tây Hồ,unclear,title,"Bán nhà 97m2 F361 An Dương, Tây Hồ Ô tô tránh Kinh doanh 9.9 tỷ",F361 An Dương Tây Hồ,Nominatim,"F361 An Dương Tây Hồ, Thành phố Hà Nội, Việt Nam",SUCCESS,21.0497878,105.8067437,"Agribank, Ngõ 61 Đường Lạc Long Quân, Làng Tân (Tiên Thượng), Kẻ Bưởi, Phường Tây Hồ, Thành phố Hà Nội, 11214, Việt Nam",ADMIN_MATCH,UNKNOWN,False,TIER_D_ADMIN_ONLY,5,,
163834,https://batdongsan.vn/ban-cc-t8-times-city-dt-76m2-2n2vs-full-noi-that-gia-71-ty-r163834,Hà Nội,Hai Bà Trưng,full_address,dedicated_address,"số 458 Minh Khai, phường Vĩnh Tuy, quận Hai Bà Trưng và số 25 ngõ 13 Lĩnh Nam, phường Mai Động, quận Hoàng Mai, Hà Nội",số 458 Minh Khai phường Vĩnh Tuy quận Hai Bà Trưng và số 25 ngõ 13 Lĩnh Nam phường Mai Động quận Hoàng Mai Hà Nội,Nominatim,"số 458 Minh Khai phường Vĩnh Tuy quận Hai Bà Trưng và số 25 ngõ 13 Lĩnh Nam phường Mai Động quận Hoàng Mai Hà Nội, Việt Nam",NO_RESULT,,,,UNKNOWN,UNKNOWN,False,TIER_E_NO_RESULT,0,,
155929,https://batdongsan.vn/ban-nha-vu-trong-phung-sieu-net-40m5t35m-mt-gia-9-ty-r155929,Hà Nội,Thanh Xuân,street_only,title,"BÁN NHÀ VU TRỌNG PHỤNG ! SIÊU NET .40M.5T.3,5M MT GIÁ 9 TỶ .",VU TRỌNG PHỤNG SIÊU NET 5T 3 MT,Nominatim,"VU TRỌNG PHỤNG SIÊU NET 5T 3 MT, Thanh Xuân, Thành phố Hà Nội, Việt Nam",NO_RESULT,,,,UNKNOWN,UNKNOWN,False,TIER_E_NO_RESULT,0,,
107764,https://batdongsan.vn/ban-nha-pho-dao-tan-ba-dinh-gan-pho-o-ngay-5-tang-50m2-gia-88-ty-r277958,Hà Nội,Ba Đình,street_only,title,phố Đào Tấn,phố Đào Tấn,Nominatim,"phố Đào Tấn, Ba Đình, Thành phố Hà Nội, Việt Nam",SUCCESS,21.032561,105.8079498,"BIDV, 27, Phố Đào Tấn, Thủ Lệ, Phường Giảng Võ, Thành phố Hà Nội, 11110, Việt Nam",ADMIN_PARTIAL_MATCH,UNKNOWN,False,TIER_F_INVALID_OR_INCONSISTENT,1,,
157284,https://batdongsan.vn/nha-kim-giang-thanh-tri-o-to-do-cong-gan-pho-o-ngay-full-noi-that-35m2-74tyctl-r157284,Hà Nội,Thanh Trì,street_only,description,"NHÀ KIM GIANG, THANH TRÌ, Ô TÔ ĐỖ CỔNG, GẦN PHỐ, Ở NGAY FULL NỘI THẤT, 35M2, 7.4Tỷ(CTL)",NHÀ KIM GIANG THANH TRÌ Ô TÔ ĐỖ CỔNG GẦN PHỐ,Nominatim,"NHÀ KIM GIANG THANH TRÌ Ô TÔ ĐỖ CỔNG GẦN PHỐ, Thành phố Hà Nội, Việt Nam",NO_RESULT,,,,UNKNOWN,UNKNOWN,False,TIER_E_NO_RESULT,0,,
93117,https://batdongsan.vn/nha-dep-43m-gia-hop-ly-34-ty-hoang-liet-hoang-mai-gan-o-to-r263292,Hà Nội,Hoàng Mai,street_only,title,"NHÀ ĐẸP 43M, GIÁ HỢP LÝ 3.4 TỶ HOÀNG LIỆT- HOÀNG MAI, GẦN Ô TÔ",GIÁ HỢP LÝ,Nominatim,"GIÁ HỢP LÝ, Hoàng Mai, Thành phố Hà Nội, Việt Nam",NO_RESULT,,,,UNKNOWN,UNKNOWN,False,TIER_E_NO_RESULT,0,,
